mtllib dingus.mtl
o mesh_0
usemtl dingus
v -542.7267551422119 467.1787101307065 709.2400634058124
v -1011.5157127380371 319.71602820282396 642.1087569337735
v -499.94311332702637 37.728095447843316 544.8852778702386
v -954.4321060180664 1594.2902476632796 -369.4150079284628
v -1074.9902725219727 1451.7427141106668 -565.7352297063313
v -1294.468116760254 1392.2964005208366 -422.7280912228811
v -1019.6773529052734 96.07679013766182 -569.6562701131517
v -444.0005302429199 -11.85651076443087 -554.0447983210065
v -1021.0271835327148 3.7948507375042606 -74.222473259644
v 1182.1701049804688 1253.2717073246577 559.0434583353627
v 1252.0514488220215 1278.2521243872382 322.6698478048514
v 1234.6807479858398 1345.8277595812772 263.5764369319232
v -522.8474617004395 1439.8199619063748 -652.6376528032014
v -241.29433631896973 1268.0977389701584 -708.0080540135293
v -693.117618560791 1299.986502849401 -753.3074914093995
v -1173.2152938842773 48.79251394962366 431.9711471766214
v -1241.4599418640137 248.7430226388467 515.5551876562273
v -1351.9126892089844 184.6511446246577 374.44099001521266
v -1215.1986122131348 1327.2043219406369 331.60410033655614
v -1051.3757705688477 1312.7430102718863 439.0430920560621
v -1078.878116607666 1467.4985669645212 213.10711918075864
v -1146.118450164795 200.61130624982385 -651.1501358915804
v -1019.6773529052734 96.07679013766182 -569.6562701131517
v -1265.8947944641113 183.01988326587605 -523.9418096351005
v -522.8474617004395 1439.8199619063748 -652.6376528032014
v -752.0420551300049 1551.5532174880866 -551.739453114245
v -492.1961307525635 1510.3304535723248 -568.5990260848264
v 198.97295236587524 1533.8250049030999 307.99567494581726
v 145.17405033111572 1490.0187400219422 311.00318805285326
v 180.2273154258728 1461.8991887883803 399.2768094149566
v 298.1949806213379 1139.767486642665 518.0197437581531
v 375.9622573852539 1346.8969591963398 526.8678582495155
v 296.4582920074463 1403.800407206993 469.6834901498708
v 1041.14990234375 599.2359107717756 -242.17732022438182
v 988.5025024414062 565.0495406122195 52.363908065146184
v 986.884880065918 259.7671795700117 -252.62954476379633
v 748.454761505127 1548.6794580024296 -234.67040993103535
v 866.472053527832 1641.481121085178 -234.67452319918127
v 818.4527397155762 1484.5958778904615 -280.09400282391664
v 447.9464054107666 1106.3820830605528 -434.13485554842447
v 393.22896003723145 1310.1559694060802 -335.03067260484374
v 635.9860420227051 1279.1329492331724 -303.1912034314736
v 98.5403299331665 177.7958434754536 -722.2218505167311
v 57.310909032821655 22.015834936906995 -696.132925144819
v -353.27138900756836 222.6754532585697 -751.9003909922775
v -257.22815990448 -9.917810434761066 -556.1282907892258
v 57.310909032821655 22.015834936906995 -696.132925144819
v 83.74310731887817 -37.46981661253783 -544.9045898091869
v -522.8474617004395 1439.8199619063748 -652.6376528032014
v -492.1961307525635 1510.3304535723248 -568.5990260848264
v 163.05967569351196 1255.2517585851533 -617.077784251286
v 124.03968572616577 1430.5067948520257 -395.6306336765045
v -492.1961307525635 1510.3304535723248 -568.5990260848264
v -521.5099334716797 1580.0255572609415 -458.2481442981516
v 71.26579284667969 168.55652549360485 591.44263746761
v -225.1206398010254 23.48420542553303 532.5684333580849
v 99.37100410461426 -42.1638936331075 543.3949341174841
v 3.9220523089170456 1120.800049671902 518.9437613201347
v -358.94694328308105 1264.25324726094 414.3469877373259
v 43.152815103530884 1034.0870325393073 577.3950420272247
v 3.6995038390159607 1404.9438502911087 377.5264392031909
v 20.606602728366852 1288.6024654583819 461.8644732263017
v 220.3960657119751 1360.965752796392 525.6109136532483
v -1469.5229530334473 763.737084615321 387.89694640964433
v -1272.421932220459 594.6431687009668 543.7483756138034
v -1227.3988723754883 918.9974279079995 567.4821378316686
v -1454.783058166504 450.1598708559457 375.4782181764978
v -1272.421932220459 594.6431687009668 543.7483756138034
v -1469.5229530334473 763.737084615321 387.89694640964433
v 1041.14990234375 599.2359107717756 -242.17732022438182
v 978.2840728759766 713.6484217226754 -475.0667891425864
v 1041.4713859558105 808.4820155815452 -234.31911992395408
v -104.34694290161133 860.457679149759 725.8023288002742
v -81.11572265625 715.4073073094497 769.0370288923472
v 150.0956654548645 911.6489972774568 650.8079988513952
v -460.05311012268066 773.9643860168964 765.2355322784614
v -81.11572265625 715.4073073094497 769.0370288923472
v -104.34694290161133 860.457679149759 725.8023288002742
v 783.6194515228271 1204.6528434436275 732.5325527099787
v 803.4906387329102 1064.301549201893 705.927967756986
v 960.7698440551758 996.5921912811824 634.0877884258713
v -1078.878116607666 1467.4985669645212 213.10711918075864
v -1265.0867462158203 1387.022751818256 133.38857870211854
v -1215.1986122131348 1327.2043219406369 331.60410033655614
v -359.0933322906494 1458.4336970856248 175.32123397385897
v -841.3926124572754 1490.160061055302 210.55954217991192
v -357.0890426635742 1367.5598072930693 295.1015441313971
v 538.8240814208984 -41.00547142184952 499.17582307915484
v 96.38358950614929 -76.70453985113154 409.3256436494451
v 68.29346418380737 -41.583116812849376 -69.47216191110812
v 96.38358950614929 -76.70453985113154 409.3256436494451
v -201.2256145477295 -52.22477132318194 399.6906690715099
v 68.29346418380737 -41.583116812849376 -69.47216191110812
v -444.0005302429199 -11.85651076443087 -554.0447983210065
v -257.22815990448 -9.917810434761066 -556.1282907892258
v -602.8917789459229 -30.557875020437795 -38.71364050422609
v -679.5233726501465 1637.2694999412338 -270.1912603092284
v -756.1674118041992 1625.778890094127 -114.91231911115608
v -358.32438468933105 1564.6893873443564 -34.19371291614967
v -679.5233726501465 1637.2694999412338 -270.1912603092284
v -358.32438468933105 1564.6893873443564 -34.19371291614967
v -311.17851734161377 1588.7242421553235 -227.39385668443524
v -1051.3757705688477 1312.7430102718863 439.0430920560621
v -1215.1986122131348 1327.2043219406369 331.60410033655614
v -1131.2036514282227 1177.7399328043862 497.21809981134334
v 941.7360305786133 300.32225563802405 144.1371226460433
v 915.0349617004395 88.84019634121458 6.43975636608641
v 934.2254638671875 86.75471117182873 -98.4101139930921
v -880.2265167236328 1284.2470379147555 483.5252778186096
v 43.152815103530884 1034.0870325393073 577.3950420272247
v -358.94694328308105 1264.25324726094 414.3469877373259
v -924.653434753418 45.00531592079898 502.26795733680353
v -499.94311332702637 37.728095447843316 544.8852778702386
v -1011.5157127380371 319.71602820282396 642.1087569337735
v 132.7002763748169 1468.570754224123 -0.7800258111560326
v 1.246787142008543 1481.425613632748 -18.378468085990953
v 120.18427848815918 1498.6953398741111 131.26856960696787
v 98.5403299331665 177.7958434754536 -722.2218505167311
v -353.27138900756836 222.6754532585697 -751.9003909922775
v 145.02675533294678 470.9585560280102 -668.9908431437756
v 319.12732124328613 1089.7863786136043 573.9051111858062
v 453.8599967956543 1070.2328024796955 493.34328795723417
v 426.1725902557373 1127.991703653253 490.71705195418633
v 393.99497509002686 1170.5274926394804 554.5893813941785
v 454.6873092651367 1118.8376897462801 635.4085632004034
v 423.2074737548828 1195.865489629186 671.2862085596419
v -104.34694290161133 860.457679149759 725.8023288002742
v 150.0956654548645 911.6489972774568 650.8079988513952
v 43.152815103530884 1034.0870325393073 577.3950420272247
v -364.04199600219727 915.3259809117261 -790.6232839390851
v -401.0146141052246 1127.6632781439973 -780.6600864911497
v 154.00750637054443 1072.7497710197335 -692.7677405076897
v 150.0956654548645 911.6489972774568 650.8079988513952
v 307.5477600097656 817.2175028301732 635.8255024388952
v 319.12732124328613 1089.7863786136043 573.9051111858062
v -1678.8497924804688 487.2965010680608 -472.76973885032766
v -1531.3310623168945 455.94776993703965 -673.0713272848818
v -1626.0833740234375 370.1295379378431 -435.4095807251917
v 783.6194515228271 1204.6528434436275 732.5325527099787
v 1022.9247093200684 1240.9151583362584 692.8006651950939
v 876.0683059692383 1279.4628620461779 681.080909058986
v 831.6262245178223 420.9505501230311 419.8745971912084
v 737.7237796783447 733.0298870938607 519.5614605703715
v 834.7907066345215 283.2482021897136 546.7234997481048
v 896.1455345153809 1732.7292704664953 -73.12010907366634
v 737.0796203613281 1745.2668636193262 66.90718099198963
v 908.0694198608398 1769.422290696457 80.88872819985657
v 1220.096206665039 1255.1335936460416 57.77219757688922
v 1239.1307830810547 1161.0360855221809 114.16012747719341
v 1207.8163146972656 1162.336315101509 40.185437013038396
v -358.32438468933105 1564.6893873443564 -34.19371291614967
v 1.246787142008543 1481.425613632748 -18.378468085990953
v -311.17851734161377 1588.7242421553235 -227.39385668443524
v -1451.911735534668 162.4907671610676 -181.00747241593513
v -1668.4638977050781 375.10218700736476 -253.35251689274048
v -1626.0833740234375 370.1295379378431 -435.4095807251917
v 853.3333778381348 669.6305298793936 188.32791938730412
v 860.6316566467285 438.90763286026333 183.03527268879688
v 988.5025024414062 565.0495406122195 52.363908065146184
v -602.8917789459229 -30.557875020437795 -38.71364050422609
v -1021.0271835327148 3.7948507375042606 -74.222473259644
v -444.0005302429199 -11.85651076443087 -554.0447983210065
v 120.18427848815918 1498.6953398741111 131.26856960696787
v 534.0637683868408 1639.9798922183807 101.66877775347349
v 132.7002763748169 1468.570754224123 -0.7800258111560326
v 831.6262245178223 420.9505501230311 419.8745971912084
v 860.6316566467285 438.90763286026333 183.03527268879688
v 853.3333778381348 669.6305298793936 188.32791938730412
v -8.58665183186531 1436.6343397029043 290.667760054263
v 120.18427848815918 1498.6953398741111 131.26856960696787
v 1.246787142008543 1481.425613632748 -18.378468085990953
v -201.2256145477295 -52.22477132318194 399.6906690715099
v -602.8917789459229 -30.557875020437795 -38.71364050422609
v -257.22815990448 -9.917810434761066 -556.1282907892258
v 831.6262245178223 420.9505501230311 419.8745971912084
v 853.3333778381348 669.6305298793936 188.32791938730412
v 737.7237796783447 733.0298870938607 519.5614605703715
v -1588.669204711914 805.562970701808 187.9487798329946
v -1676.8449783325195 848.4621408414089 -225.37978787121088
v -1728.4603118896484 640.379423906153 -228.65510655732513
v 622.9456901550293 1702.5289421601785 348.9386297364781
v 794.1874504089355 1767.381438772612 163.082106254958
v 630.2271842956543 1731.626471006389 146.30447701256202
v 954.979133605957 933.3360008170099 453.4978411006148
v 1054.715347290039 918.1989837267363 358.55735089305296
v 1164.7817611694336 1061.625893783806 506.10817171810726
v 145.17405033111572 1490.0187400219422 311.00318805285326
v 120.18427848815918 1498.6953398741111 131.26856960696787
v -8.58665183186531 1436.6343397029043 290.667760054263
v 68.29346418380737 -41.583116812849376 -69.47216191110812
v 634.1572761535645 -21.455816829123446 -38.02727042421521
v 538.8240814208984 -41.00547142184952 499.17582307915484
v -1215.1986122131348 1327.2043219406369 331.60410033655614
v -1493.2714462280273 1079.786861284853 188.90158280735002
v -1403.624153137207 987.585371959474 386.3664121593457
v 163.05967569351196 1255.2517585851533 -617.077784251286
v 154.00750637054443 1072.7497710197335 -692.7677405076897
v -241.29433631896973 1268.0977389701584 -708.0080540135293
v 899.1029739379883 1383.9047479470526 -321.86883298857055
v 802.7420997619629 1094.4507547161813 -469.4703458236313
v 696.3014602661133 1215.1757276812957 -373.0456903567832
v -858.9655876159668 965.2769647236855 661.5803625693942
v -1131.2036514282227 1177.7399328043862 497.21809981134334
v -1227.3988723754883 918.9974279079995 567.4821378316686
v 822.1853256225586 1531.8926141431211 601.5469194300839
v 945.3144073486328 1367.2179547596472 590.5588495092045
v 1020.1871871948242 1391.42621472611 599.5836090550057
v -693.117618560791 1299.986502849401 -753.3074914093995
v -401.0146141052246 1127.6632781439973 -780.6600864911497
v -994.0828323364258 901.3707576987508 -880.3176835960203
v 154.00750637054443 1072.7497710197335 -692.7677405076897
v 495.47977447509766 1022.8945686218202 -483.37042499756006
v 538.321590423584 945.0522390261202 -493.250766220827
v -1431.6587448120117 1244.4867070810526 -439.85820726686785
v -1270.5326080322266 1267.5609258037362 -632.9262312549965
v -1597.449016571045 878.2407769210494 -479.66690684847464
v -1040.628719329834 1292.1728617911017 -730.3582723950856
v -1074.9902725219727 1451.7427141106668 -565.7352297063313
v -752.0420551300049 1551.5532174880866 -551.739453114245
v 696.3014602661133 1215.1757276812957 -373.0456903567832
v 447.9464054107666 1106.3820830605528 -434.13485554842447
v 635.9860420227051 1279.1329492331724 -303.1912034314736
v -241.29433631896973 1268.0977389701584 -708.0080540135293
v -522.8474617004395 1439.8199619063748 -652.6376528032014
v 163.05967569351196 1255.2517585851533 -617.077784251286
v 1084.8546981811523 1604.051007189122 329.95368210798404
v 1121.388053894043 1603.2962495905947 182.80777221454778
v 1048.1767654418945 1654.682118947018 120.27884727702893
v 973.5318183898926 1613.35088222111 515.1773492926991
v 938.7527465820312 1669.6201225490006 351.6802331471755
v 854.4428825378418 1672.8158960283613 433.2116592178655
v -856.6667556762695 1114.2027331691518 604.2188847912404
v -1131.2036514282227 1177.7399328043862 497.21809981134334
v -858.9655876159668 965.2769647236855 661.5803625693942
v 319.12732124328613 1089.7863786136043 573.9051111858062
v 209.492826461792 1087.997093600193 564.0641941757723
v 43.152815103530884 1034.0870325393073 577.3950420272247
v 737.7237796783447 733.0298870938607 519.5614605703715
v 853.3333778381348 669.6305298793936 188.32791938730412
v 717.0683860778809 844.9576709397121 462.0052951581945
v 765.2611255645752 629.912758551708 -544.2757312878076
v -103.05415391921997 679.2012029595021 -674.5065417105943
v 163.9146327972412 689.9478780664466 -632.0419068516599
v -949.2731094360352 695.3276372174697 691.9030925800196
v -542.7267551422119 467.1787101307065 709.2400634058124
v -460.05311012268066 773.9643860168964 765.2355322784614
v -1379.0760040283203 482.19859327472994 -784.6916578018595
v -1109.0517044067383 593.1207715037441 -870.2945254575501
v -1014.2412185668945 432.6052850521096 -816.9363323468828
v -1729.825782775879 502.2581084629742 -238.73058528189128
v -1668.4638977050781 375.10218700736476 -253.35251689274048
v -1661.3975524902344 380.362860615818 -137.80853618763817
v 43.99699866771698 1755.6913363446686 438.0355233449476
v 127.84935235977173 1639.8342032231358 343.0768553330631
v 167.7412748336792 1680.9131656738004 453.84087266429634
v 314.68348503112793 1600.934572290138 195.42960399375417
v 145.17405033111572 1490.0187400219422 311.00318805285326
v 198.97295236587524 1533.8250049030999 307.99567494581726
v 556.5414428710938 1601.3195290352633 595.881035814696
v 377.1883487701416 1630.4849802825333 547.9970461082999
v 317.8903579711914 1590.7262045894433 552.1979866702214
v 319.12732124328613 1089.7863786136043 573.9051111858062
v 43.152815103530884 1034.0870325393073 577.3950420272247
v 150.0956654548645 911.6489972774568 650.8079988513952
v -1227.3988723754883 918.9974279079995 567.4821378316686
v -1403.624153137207 987.585371959474 386.3664121593457
v -1469.5229530334473 763.737084615321 387.89694640964433
v -1676.8449783325195 848.4621408414089 -225.37978787121088
v -1528.9910316467285 1204.3192286762862 -122.41894271595973
v -1502.2048950195312 1236.816996465591 -260.6601380292407
v 802.7420997619629 1094.4507547161813 -469.4703458236313
v 538.321590423584 945.0522390261202 -493.250766220827
v 495.47977447509766 1022.8945686218202 -483.37042499756006
v -1253.2852172851562 934.6477040354077 -820.1535246295779
v -1270.5326080322266 1267.5609258037362 -632.9262312549965
v -1040.628719329834 1292.1728617911017 -730.3582723950856
v 434.8309516906738 1278.6304014290602 693.4744310091955
v 423.2074737548828 1195.865489629186 671.2862085596419
v 466.46032333374023 1173.0933730810052 701.8149466888258
v 180.2273154258728 1461.8991887883803 399.2768094149566
v 249.02474880218506 1522.7929221261575 466.80642958291463
v 198.97295236587524 1533.8250049030999 307.99567494581726
v 1021.8191146850586 1688.0534174274305 -278.1075981527321
v 1016.4201736450195 1702.7373749721794 48.35235380992829
v 1023.2662200927734 1617.1485226298043 -90.09801111128027
v 983.4625244140625 1633.886621468663 -307.80102648120004
v 934.6090316772461 1637.1806067288735 -350.3431254203203
v 1004.5834541320801 1844.709080739771 -459.5601972566158
v 963.9837265014648 1528.12757893217 -290.64217077206547
v 910.3696823120117 1567.7114495869826 -303.58563420460257
v 934.6090316772461 1637.1806067288735 -350.3431254203203
v 145.17405033111572 1490.0187400219422 311.00318805285326
v 314.68348503112793 1600.934572290138 195.42960399375417
v 120.18427848815918 1498.6953398741111 131.26856960696787
v 372.4043369293213 1461.7650264128545 545.126509183193
v 472.9569435119629 1493.1550292595484 578.8531960109599
v 317.8903579711914 1590.7262045894433 552.1979866702214
v 472.9569435119629 1493.1550292595484 578.8531960109599
v 556.5414428710938 1601.3195290352633 595.881035814696
v 317.8903579711914 1590.7262045894433 552.1979866702214
v 505.47423362731934 1682.4470340940873 295.32718884276045
v 377.1883487701416 1630.4849802825333 547.9970461082999
v 556.5414428710938 1601.3195290352633 595.881035814696
v 505.47423362731934 1682.4470340940873 295.32718884276045
v 309.98897552490234 1690.0888235719067 276.28879735439324
v 377.1883487701416 1630.4849802825333 547.9970461082999
v 472.9569435119629 1493.1550292595484 578.8531960109599
v 576.4902114868164 1495.1887410796862 589.3475706073875
v 556.5414428710938 1601.3195290352633 595.881035814696
v 296.4582920074463 1403.800407206993 469.6834901498708
v 249.02474880218506 1522.7929221261575 466.80642958291463
v 180.2273154258728 1461.8991887883803 399.2768094149566
v 896.1455345153809 1732.7292704664953 -73.12010907366634
v 906.110954284668 1745.816710037431 -246.9828959424133
v 900.8231163024902 1704.3303449546304 -305.4847280036769
v 866.472053527832 1641.481121085178 -234.67452319918127
v 896.1455345153809 1732.7292704664953 -73.12010907366634
v 900.8231163024902 1704.3303449546304 -305.4847280036769
v 983.4625244140625 1633.886621468663 -307.80102648120004
v 963.9837265014648 1528.12757893217 -290.64217077206547
v 934.6090316772461 1637.1806067288735 -350.3431254203203
v 1021.8191146850586 1688.0534174274305 -278.1075981527321
v 983.4625244140625 1633.886621468663 -307.80102648120004
v 1004.5834541320801 1844.709080739771 -459.5601972566158
v 1023.2662200927734 1617.1485226298043 -90.09801111128027
v 963.9837265014648 1528.12757893217 -290.64217077206547
v 983.4625244140625 1633.886621468663 -307.80102648120004
v 910.3696823120117 1567.7114495869826 -303.58563420460257
v 900.8231163024902 1704.3303449546304 -305.4847280036769
v 934.6090316772461 1637.1806067288735 -350.3431254203203
v 910.3696823120117 1567.7114495869826 -303.58563420460257
v 963.9837265014648 1528.12757893217 -290.64217077206547
v 899.1029739379883 1383.9047479470526 -321.86883298857055
v 818.4527397155762 1484.5958778904615 -280.09400282391664
v 910.3696823120117 1567.7114495869826 -303.58563420460257
v 899.1029739379883 1383.9047479470526 -321.86883298857055
v 896.1455345153809 1732.7292704664953 -73.12010907366634
v 908.0694198608398 1769.422290696457 80.88872819985657
v 966.996955871582 1762.0124137311996 -56.915899466693226
v 966.996955871582 1762.0124137311996 -56.915899466693226
v 908.0694198608398 1769.422290696457 80.88872819985657
v 1016.4201736450195 1702.7373749721794 48.35235380992829
v 1016.4201736450195 1702.7373749721794 48.35235380992829
v 1021.8191146850586 1688.0534174274305 -278.1075981527321
v 966.996955871582 1762.0124137311996 -56.915899466693226
v 314.68348503112793 1600.934572290138 195.42960399375417
v 198.97295236587524 1533.8250049030999 307.99567494581726
v 309.98897552490234 1690.0888235719067 276.28879735439324
v 249.02474880218506 1522.7929221261575 466.80642958291463
v 127.84935235977173 1639.8342032231358 343.0768553330631
v 198.97295236587524 1533.8250049030999 307.99567494581726
v 1095.8351135253906 1348.0123825603662 -138.8544534985723
v 1013.9446258544922 1381.2672747560975 -259.2885115569358
v 1069.6642875671387 1494.3951898406985 -112.01961662108066
v 1076.5602111816406 1395.9675022319882 494.8940139447185
v 1101.979637145996 1372.74457152813 433.7150488220772
v 1041.0927772521973 1542.9230776715792 457.60528202107236
v 1052.8070449829102 1460.0618631253178 572.0382917092611
v 1076.5602111816406 1395.9675022319882 494.8940139447185
v 1041.0927772521973 1542.9230776715792 457.60528202107236
v 1020.1871871948242 1391.42621472611 599.5836090550057
v 1022.9247093200684 1240.9151583362584 692.8006651950939
v 1129.6758651733398 1280.7550890579662 668.8546138326606
v 1232.5942039489746 1418.633625161018 163.63167215555006
v 1251.4860153198242 1324.8653181704349 166.2123750497309
v 1220.096206665039 1255.1335936460416 57.77219757688922
v 1022.8482246398926 1257.70484508614 -278.3707544339067
v 1106.6423416137695 1263.271176415305 -124.77371549443063
v 1004.6547889709473 1080.9355818959416 -372.51380817237526
v 822.1853256225586 1531.8926141431211 601.5469194300839
v 706.7547798156738 1609.7862464285072 574.3118787686695
v 711.5965843200684 1510.7743574354681 616.4281988424951
v 167.7412748336792 1680.9131656738004 453.84087266429634
v 317.8903579711914 1590.7262045894433 552.1979866702214
v 377.1883487701416 1630.4849802825333 547.9970461082999
v 167.7412748336792 1680.9131656738004 453.84087266429634
v 249.02474880218506 1522.7929221261575 466.80642958291463
v 317.8903579711914 1590.7262045894433 552.1979866702214
v 167.7412748336792 1680.9131656738004 453.84087266429634
v 127.84935235977173 1639.8342032231358 343.0768553330631
v 249.02474880218506 1522.7929221261575 466.80642958291463
v 1113.0626678466797 1503.4248779507868 -8.646221250691596
v 1048.1767654418945 1654.682118947018 120.27884727702893
v 1202.9877662658691 1506.3122478773353 182.37226604167014
v 973.5318183898926 1613.35088222111 515.1773492926991
v 822.1853256225586 1531.8926141431211 601.5469194300839
v 1052.8070449829102 1460.0618631253178 572.0382917092611
v 1084.8546981811523 1604.051007189122 329.95368210798404
v 1048.1767654418945 1654.682118947018 120.27884727702893
v 907.7431678771973 1716.8147712562554 193.08853263429737
v 1016.4201736450195 1702.7373749721794 48.35235380992829
v 1069.6642875671387 1494.3951898406985 -112.01961662108066
v 1023.2662200927734 1617.1485226298043 -90.09801111128027
v 1016.4201736450195 1702.7373749721794 48.35235380992829
v 1048.1767654418945 1654.682118947018 120.27884727702893
v 1069.6642875671387 1494.3951898406985 -112.01961662108066
v 1041.0927772521973 1542.9230776715792 457.60528202107236
v 1084.8546981811523 1604.051007189122 329.95368210798404
v 973.5318183898926 1613.35088222111 515.1773492926991
v 706.7547798156738 1609.7862464285072 574.3118787686695
v 556.5414428710938 1601.3195290352633 595.881035814696
v 576.4902114868164 1495.1887410796862 589.3475706073875
v 1202.9877662658691 1506.3122478773353 182.37226604167014
v 1121.388053894043 1603.2962495905947 182.80777221454778
v 1084.8546981811523 1604.051007189122 329.95368210798404
v 1052.8070449829102 1460.0618631253178 572.0382917092611
v 1129.6758651733398 1280.7550890579662 668.8546138326606
v 1076.5602111816406 1395.9675022319882 494.8940139447185
v 1164.7817611694336 1061.625893783806 506.10817171810726
v 1182.1701049804688 1253.2717073246577 559.0434583353627
v 1129.6758651733398 1280.7550890579662 668.8546138326606
v 622.9456901550293 1702.5289421601785 348.9386297364781
v 630.2271842956543 1731.626471006389 146.30447701256202
v 505.47423362731934 1682.4470340940873 295.32718884276045
v 1234.6807479858398 1345.8277595812772 263.5764369319232
v 1251.4860153198242 1324.8653181704349 166.2123750497309
v 1232.5942039489746 1418.633625161018 163.63167215555006
v 796.5934753417969 1765.9659865458839 97.17825433081147
v 737.0796203613281 1745.2668636193262 66.90718099198963
v 630.2271842956543 1731.626471006389 146.30447701256202
v 539.8387908935547 1681.2356585882455 158.15271850777657
v 737.0796203613281 1745.2668636193262 66.90718099198963
v 534.0637683868408 1639.9798922183807 101.66877775347349
v 908.0694198608398 1769.422290696457 80.88872819985657
v 1048.1767654418945 1654.682118947018 120.27884727702893
v 1016.4201736450195 1702.7373749721794 48.35235380992829
v 908.0694198608398 1769.422290696457 80.88872819985657
v 737.0796203613281 1745.2668636193262 66.90718099198963
v 796.5934753417969 1765.9659865458839 97.17825433081147
v 1080.4222106933594 994.1263527909365 -211.6292309401891
v 1091.0923957824707 1151.4829031847787 -156.02739489289357
v 1118.7152862548828 1109.0309616623383 -74.8088513006028
v 896.1455345153809 1732.7292704664953 -73.12010907366634
v 966.996955871582 1762.0124137311996 -56.915899466693226
v 906.110954284668 1745.816710037431 -246.9828959424133
v 1004.5834541320801 1844.709080739771 -459.5601972566158
v 900.8231163024902 1704.3303449546304 -305.4847280036769
v 906.110954284668 1745.816710037431 -246.9828959424133
v 175.46253204345703 1720.6950989319657 325.1969298432617
v 127.84935235977173 1639.8342032231358 343.0768553330631
v 43.99699866771698 1755.6913363446686 438.0355233449476
v 175.46253204345703 1720.6950989319657 325.1969298432617
v 309.98897552490234 1690.0888235719067 276.28879735439324
v 127.84935235977173 1639.8342032231358 343.0768553330631
v 309.98897552490234 1690.0888235719067 276.28879735439324
v 198.97295236587524 1533.8250049030999 307.99567494581726
v 127.84935235977173 1639.8342032231358 343.0768553330631
v 960.7698440551758 996.5921912811824 634.0877884258713
v 967.6445007324219 982.3804316836531 559.2623629801298
v 1077.3456573486328 1026.361509302094 587.8200858144625
v 466.46032333374023 1173.0933730810052 701.8149466888258
v 614.0996932983398 1177.1267536743928 746.062619574389
v 582.5684070587158 1253.648529756916 750.4915203505217
v 1220.096206665039 1255.1335936460416 57.77219757688922
v 1106.6423416137695 1263.271176415305 -124.77371549443063
v 1232.5942039489746 1418.633625161018 163.63167215555006
v 1215.6569480895996 1119.759468641483 317.8449686377571
v 1252.0514488220215 1278.2521243872382 322.6698478048514
v 1182.1701049804688 1253.2717073246577 559.0434583353627
v 1252.0514488220215 1278.2521243872382 322.6698478048514
v 1239.1307830810547 1161.0360855221809 114.16012747719341
v 1251.4860153198242 1324.8653181704349 166.2123750497309
v 1215.6569480895996 1119.759468641483 317.8449686377571
v 1068.6676025390625 931.6498765917997 244.41958424715207
v 1121.1358070373535 1011.213374130127 80.10442701308345
v 1022.9247093200684 1240.9151583362584 692.8006651950939
v 960.7698440551758 996.5921912811824 634.0877884258713
v 1129.6758651733398 1280.7550890579662 668.8546138326606
v 505.47423362731934 1682.4470340940873 295.32718884276045
v 556.5414428710938 1601.3195290352633 595.881035814696
v 622.9456901550293 1702.5289421601785 348.9386297364781
v 796.5934753417969 1765.9659865458839 97.17825433081147
v 794.1874504089355 1767.381438772612 163.082106254958
v 908.0694198608398 1769.422290696457 80.88872819985657
v 854.4428825378418 1672.8158960283613 433.2116592178655
v 706.7547798156738 1609.7862464285072 574.3118787686695
v 973.5318183898926 1613.35088222111 515.1773492926991
v 783.6194515228271 1204.6528434436275 732.5325527099787
v 960.7698440551758 996.5921912811824 634.0877884258713
v 1022.9247093200684 1240.9151583362584 692.8006651950939
v 803.4906387329102 1064.301549201893 705.927967756986
v 783.6194515228271 1204.6528434436275 732.5325527099787
v 614.0996932983398 1177.1267536743928 746.062619574389
v 1118.7152862548828 1109.0309616623383 -74.8088513006028
v 1091.0923957824707 1151.4829031847787 -156.02739489289357
v 1207.8163146972656 1162.336315101509 40.185437013038396
v 372.4043369293213 1461.7650264128545 545.126509183193
v 375.9622573852539 1346.8969591963398 526.8678582495155
v 427.2846221923828 1407.2951638616728 598.0101874058047
v 309.98897552490234 1690.0888235719067 276.28879735439324
v 167.7412748336792 1680.9131656738004 453.84087266429634
v 377.1883487701416 1630.4849802825333 547.9970461082999
v 309.98897552490234 1690.0888235719067 276.28879735439324
v 175.46253204345703 1720.6950989319657 325.1969298432617
v 167.7412748336792 1680.9131656738004 453.84087266429634
v 175.46253204345703 1720.6950989319657 325.1969298432617
v 43.99699866771698 1755.6913363446686 438.0355233449476
v 167.7412748336792 1680.9131656738004 453.84087266429634
v 906.110954284668 1745.816710037431 -246.9828959424133
v 966.996955871582 1762.0124137311996 -56.915899466693226
v 1004.5834541320801 1844.709080739771 -459.5601972566158
v 934.6090316772461 1637.1806067288735 -350.3431254203203
v 900.8231163024902 1704.3303449546304 -305.4847280036769
v 1004.5834541320801 1844.709080739771 -459.5601972566158
v 1021.8191146850586 1688.0534174274305 -278.1075981527321
v 1004.5834541320801 1844.709080739771 -459.5601972566158
v 966.996955871582 1762.0124137311996 -56.915899466693226
v 775.1253128051758 1641.4593920128157 -125.25630165309576
v 534.0637683868408 1639.9798922183807 101.66877775347349
v 896.1455345153809 1732.7292704664953 -73.12010907366634
v 505.47423362731934 1682.4470340940873 295.32718884276045
v 314.68348503112793 1600.934572290138 195.42960399375417
v 309.98897552490234 1690.0888235719067 276.28879735439324
v 853.3389091491699 262.68483814583954 186.47549753063907
v 838.0657196044922 288.9174578753852 160.97286083050994
v 831.6262245178223 420.9505501230311 419.8745971912084
v 838.0657196044922 288.9174578753852 160.97286083050994
v 860.6316566467285 438.90763286026333 183.03527268879688
v 831.6262245178223 420.9505501230311 419.8745971912084
v 893.702220916748 394.5313407295886 65.99032716540216
v 860.6316566467285 438.90763286026333 183.03527268879688
v 838.0657196044922 288.9174578753852 160.97286083050994
v 845.8358764648438 128.80112225993375 143.3622614940126
v 793.4064388275146 15.149484053031209 77.61001713766066
v 911.970043182373 261.57523707762783 178.7420813871153
v 941.7360305786133 300.32225563802405 144.1371226460433
v 992.5347328186035 319.5746806076288 12.511929717062664
v 982.6587677001953 432.4609066777308 -48.25155419889096
v 538.8240814208984 -41.00547142184952 499.17582307915484
v 892.9213523864746 33.074901820236896 350.9102179962461
v 830.7962417602539 28.886602766271626 528.2234925953989
v 992.5347328186035 319.5746806076288 12.511929717062664
v 892.2122001647949 67.22412951140291 -275.121998402062
v 986.884880065918 259.7671795700117 -252.62954476379633
v -1265.8947944641113 183.01988326587605 -523.9418096351005
v -1451.911735534668 162.4907671610676 -181.00747241593513
v -1626.0833740234375 370.1295379378431 -435.4095807251917
v -1265.8947944641113 183.01988326587605 -523.9418096351005
v -1626.0833740234375 370.1295379378431 -435.4095807251917
v -1531.3310623168945 455.94776993703965 -673.0713272848818
v 630.2271842956543 1731.626471006389 146.30447701256202
v 737.0796203613281 1745.2668636193262 66.90718099198963
v 539.8387908935547 1681.2356585882455 158.15271850777657
v 66.3665235042572 489.03854206140204 680.2174631955497
v 71.26579284667969 168.55652549360485 591.44263746761
v 424.71985816955566 191.91731329343668 589.7848623214153
v 66.3665235042572 489.03854206140204 680.2174631955497
v 424.71985816955566 191.91731329343668 589.7848623214153
v 367.41936206817627 584.4432996811153 627.3379279561065
v -466.18690490722656 475.70235807816437 -760.2081677768323
v -460.675048828125 189.08296871714765 -746.7627523773396
v -924.9749183654785 201.71050304974105 -712.0285061478727
v -466.18690490722656 475.70235807816437 -760.2081677768323
v -924.9749183654785 201.71050304974105 -712.0285061478727
v -1014.2412185668945 432.6052850521096 -816.9363323468828
v 365.3355121612549 1400.661769322413 -243.45678195471604
v 124.03968572616577 1430.5067948520257 -395.6306336765045
v 137.98136711120605 1437.5641074836033 -190.47631806896717
v -1351.9126892089844 184.6511446246577 374.44099001521266
v -1440.7153129577637 182.00421037743882 201.8170043132698
v -1292.9168701171875 25.482085590693842 207.93434519474732
v -1351.9126892089844 184.6511446246577 374.44099001521266
v -1292.9168701171875 25.482085590693842 207.93434519474732
v -1173.2152938842773 48.79251394962366 431.9711471766214
v 1086.4861488342285 937.4883326489875 -3.2413429853056708
v 1080.4222106933594 994.1263527909365 -211.6292309401891
v 1118.7152862548828 1109.0309616623383 -74.8088513006028
v 68.29346418380737 -41.583116812849376 -69.47216191110812
v 83.74310731887817 -37.46981661253783 -544.9045898091869
v 613.0227088928223 -24.060754459850525 -394.1645455008924
v 68.29346418380737 -41.583116812849376 -69.47216191110812
v 613.0227088928223 -24.060754459850525 -394.1645455008924
v 634.1572761535645 -21.455816829123446 -38.02727042421521
v 648.3569145202637 186.48711330731837 -581.9152883412161
v 98.5403299331665 177.7958434754536 -722.2218505167311
v 145.02675533294678 470.9585560280102 -668.9908431437756
v 648.3569145202637 186.48711330731837 -581.9152883412161
v 145.02675533294678 470.9585560280102 -668.9908431437756
v 703.4109592437744 454.1980276639573 -586.5935735095508
v -521.5099334716797 1580.0255572609415 -458.2481442981516
v -679.5233726501465 1637.2694999412338 -270.1912603092284
v -311.17851734161377 1588.7242421553235 -227.39385668443524
v -880.2265167236328 1284.2470379147555 483.5252778186096
v -856.6667556762695 1114.2027331691518 604.2188847912404
v -415.19927978515625 1058.7820539613058 631.8288117941618
v -880.2265167236328 1284.2470379147555 483.5252778186096
v -415.19927978515625 1058.7820539613058 631.8288117941618
v 43.152815103530884 1034.0870325393073 577.3950420272247
v -1173.2152938842773 48.79251394962366 431.9711471766214
v -924.653434753418 45.00531592079898 502.26795733680353
v -1011.5157127380371 319.71602820282396 642.1087569337735
v -1173.2152938842773 48.79251394962366 431.9711471766214
v -1011.5157127380371 319.71602820282396 642.1087569337735
v -1241.4599418640137 248.7430226388467 515.5551876562273
v -869.9948310852051 -28.438370349335784 399.98363461556823
v -924.653434753418 45.00531592079898 502.26795733680353
v -1173.2152938842773 48.79251394962366 431.9711471766214
v -1051.3757705688477 1312.7430102718863 439.0430920560621
v -880.2265167236328 1284.2470379147555 483.5252778186096
v -841.3926124572754 1490.160061055302 210.55954217991192
v -1051.3757705688477 1312.7430102718863 439.0430920560621
v -841.3926124572754 1490.160061055302 210.55954217991192
v -1078.878116607666 1467.4985669645212 213.10711918075864
v -1019.6773529052734 96.07679013766182 -569.6562701131517
v -1146.118450164795 200.61130624982385 -651.1501358915804
v -924.9749183654785 201.71050304974105 -712.0285061478727
v -1019.6773529052734 96.07679013766182 -569.6562701131517
v -924.9749183654785 201.71050304974105 -712.0285061478727
v -870.1505661010742 79.58920822373699 -628.4610163276036
v 732.4949741363525 48.40021901584483 601.8498149680992
v 830.7962417602539 28.886602766271626 528.2234925953989
v 834.7907066345215 283.2482021897136 546.7234997481048
v 732.4949741363525 48.40021901584483 601.8498149680992
v 834.7907066345215 283.2482021897136 546.7234997481048
v 700.9125709533691 265.76557335229074 613.1369977486191
v -521.5099334716797 1580.0255572609415 -458.2481442981516
v -492.1961307525635 1510.3304535723248 -568.5990260848264
v -752.0420551300049 1551.5532174880866 -551.739453114245
v 732.4949741363525 48.40021901584483 601.8498149680992
v 700.9125709533691 265.76557335229074 613.1369977486191
v 424.71985816955566 191.91731329343668 589.7848623214153
v 732.4949741363525 48.40021901584483 601.8498149680992
v 424.71985816955566 191.91731329343668 589.7848623214153
v 489.61172103881836 -14.720741759187776 588.8525304215478
v 732.4949741363525 48.40021901584483 601.8498149680992
v 489.61172103881836 -14.720741759187776 588.8525304215478
v 538.8240814208984 -41.00547142184952 499.17582307915484
v 732.4949741363525 48.40021901584483 601.8498149680992
v 538.8240814208984 -41.00547142184952 499.17582307915484
v 830.7962417602539 28.886602766271626 528.2234925953989
v 837.0332717895508 89.2087124026431 -404.4552784460261
v 605.6010246276855 17.001484173221748 -540.3067426710088
v 648.3569145202637 186.48711330731837 -581.9152883412161
v 837.0332717895508 89.2087124026431 -404.4552784460261
v 648.3569145202637 186.48711330731837 -581.9152883412161
v 904.729175567627 254.97165307610237 -424.1234023089401
v 837.0332717895508 89.2087124026431 -404.4552784460261
v 892.2122001647949 67.22412951140291 -275.121998402062
v 613.0227088928223 -24.060754459850525 -394.1645455008924
v 837.0332717895508 89.2087124026431 -404.4552784460261
v 613.0227088928223 -24.060754459850525 -394.1645455008924
v 605.6010246276855 17.001484173221748 -540.3067426710088
v 635.9860420227051 1279.1329492331724 -303.1912034314736
v 393.22896003723145 1310.1559694060802 -335.03067260484374
v 748.454761505127 1548.6794580024296 -234.67040993103535
v 635.9860420227051 1279.1329492331724 -303.1912034314736
v 748.454761505127 1548.6794580024296 -234.67040993103535
v 818.4527397155762 1484.5958778904615 -280.09400282391664
v -257.22815990448 -9.917810434761066 -556.1282907892258
v -444.0005302429199 -11.85651076443087 -554.0447983210065
v -461.65857315063477 41.144490024204146 -700.9356314079556
v -257.22815990448 -9.917810434761066 -556.1282907892258
v -461.65857315063477 41.144490024204146 -700.9356314079556
v 57.310909032821655 22.015834936906995 -696.132925144819
v 57.310909032821655 22.015834936906995 -696.132925144819
v -461.65857315063477 41.144490024204146 -700.9356314079556
v -460.675048828125 189.08296871714765 -746.7627523773396
v 57.310909032821655 22.015834936906995 -696.132925144819
v -460.675048828125 189.08296871714765 -746.7627523773396
v -353.27138900756836 222.6754532585697 -751.9003909922775
v -225.1206398010254 23.48420542553303 532.5684333580849
v -499.94311332702637 37.728095447843316 544.8852778702386
v -869.9948310852051 -28.438370349335784 399.98363461556823
v -225.1206398010254 23.48420542553303 532.5684333580849
v -869.9948310852051 -28.438370349335784 399.98363461556823
v -201.2256145477295 -52.22477132318194 399.6906690715099
v 172.21355438232422 1372.2065736232985 -501.1603120200453
v -492.1961307525635 1510.3304535723248 -568.5990260848264
v 124.03968572616577 1430.5067948520257 -395.6306336765045
v 163.05967569351196 1255.2517585851533 -617.077784251286
v -492.1961307525635 1510.3304535723248 -568.5990260848264
v 172.21355438232422 1372.2065736232985 -501.1603120200453
v -201.2256145477295 -52.22477132318194 399.6906690715099
v 96.38358950614929 -76.70453985113154 409.3256436494451
v 99.37100410461426 -42.1638936331075 543.3949341174841
v -201.2256145477295 -52.22477132318194 399.6906690715099
v 99.37100410461426 -42.1638936331075 543.3949341174841
v -225.1206398010254 23.48420542553303 532.5684333580849
v 20.606602728366852 1288.6024654583819 461.8644732263017
v 3.9220523089170456 1120.800049671902 518.9437613201347
v 209.492826461792 1087.997093600193 564.0641941757723
v 20.606602728366852 1288.6024654583819 461.8644732263017
v 209.492826461792 1087.997093600193 564.0641941757723
v 220.3960657119751 1360.965752796392 525.6109136532483
v 3.9220523089170456 1120.800049671902 518.9437613201347
v 20.606602728366852 1288.6024654583819 461.8644732263017
v -358.94694328308105 1264.25324726094 414.3469877373259
v 3.6995038390159607 1404.9438502911087 377.5264392031909
v -357.0890426635742 1367.5598072930693 295.1015441313971
v -358.94694328308105 1264.25324726094 414.3469877373259
v 3.6995038390159607 1404.9438502911087 377.5264392031909
v -358.94694328308105 1264.25324726094 414.3469877373259
v 20.606602728366852 1288.6024654583819 461.8644732263017
v -1379.0760040283203 482.19859327472994 -784.6916578018595
v -1531.3310623168945 455.94776993703965 -673.0713272848818
v -1537.180995941162 631.2031545766017 -697.9571951645161
v -1379.0760040283203 482.19859327472994 -784.6916578018595
v -1537.180995941162 631.2031545766017 -697.9571951645161
v -1379.611587524414 647.148668483911 -813.2055873746051
v -1227.3988723754883 918.9974279079995 567.4821378316686
v -1272.421932220459 594.6431687009668 543.7483756138034
v -949.2731094360352 695.3276372174697 691.9030925800196
v -1379.611587524414 647.148668483911 -813.2055873746051
v -1537.180995941162 631.2031545766017 -697.9571951645161
v -1460.68115234375 886.7045127557597 -688.5571958643311
v -1379.611587524414 647.148668483911 -813.2055873746051
v -1460.68115234375 886.7045127557597 -688.5571958643311
v -1253.2852172851562 934.6477040354077 -820.1535246295779
v -1253.2852172851562 934.6477040354077 -820.1535246295779
v -994.0828323364258 901.3707576987508 -880.3176835960203
v -1109.0517044067383 593.1207715037441 -870.2945254575501
v -1253.2852172851562 934.6477040354077 -820.1535246295779
v -1109.0517044067383 593.1207715037441 -870.2945254575501
v -1379.611587524414 647.148668483911 -813.2055873746051
v 765.2611255645752 629.912758551708 -544.2757312878076
v 580.6594371795654 857.2535484581967 -513.9211200040102
v 877.0483016967773 973.258205919992 -486.4789196564016
v 765.2611255645752 629.912758551708 -544.2757312878076
v 877.0483016967773 973.258205919992 -486.4789196564016
v 978.2840728759766 713.6484217226754 -475.0667891425864
v -1379.0760040283203 482.19859327472994 -784.6916578018595
v -1379.611587524414 647.148668483911 -813.2055873746051
v -1109.0517044067383 593.1207715037441 -870.2945254575501
v 978.2840728759766 713.6484217226754 -475.0667891425864
v 877.0483016967773 973.258205919992 -486.4789196564016
v 1004.6547889709473 1080.9355818959416 -372.51380817237526
v 978.2840728759766 713.6484217226754 -475.0667891425864
v 1004.6547889709473 1080.9355818959416 -372.51380817237526
v 1080.4222106933594 994.1263527909365 -211.6292309401891
v 540.4399871826172 913.7578357833545 491.251805909311
v 717.0683860778809 844.9576709397121 462.0052951581945
v 740.710973739624 954.7394133754648 492.5017812868016
v 540.4399871826172 913.7578357833545 491.251805909311
v 740.710973739624 954.7394133754648 492.5017812868016
v 568.8999176025391 1057.7640061425727 627.9525074371609
v 1041.4713859558105 808.4820155815452 -234.31911992395408
v 978.2840728759766 713.6484217226754 -475.0667891425864
v 1080.4222106933594 994.1263527909365 -211.6292309401891
v 717.0683860778809 844.9576709397121 462.0052951581945
v 540.4399871826172 913.7578357833545 491.251805909311
v 737.7237796783447 733.0298870938607 519.5614605703715
v 453.8599967956543 1070.2328024796955 493.34328795723417
v 540.4399871826172 913.7578357833545 491.251805909311
v 568.8999176025391 1057.7640061425727 627.9525074371609
v 453.8599967956543 1070.2328024796955 493.34328795723417
v 568.8999176025391 1057.7640061425727 627.9525074371609
v 454.6873092651367 1118.8376897462801 635.4085632004034
v 540.4399871826172 913.7578357833545 491.251805909311
v 453.8599967956543 1070.2328024796955 493.34328795723417
v 319.12732124328613 1089.7863786136043 573.9051111858062
v 540.4399871826172 913.7578357833545 491.251805909311
v 319.12732124328613 1089.7863786136043 573.9051111858062
v 307.5477600097656 817.2175028301732 635.8255024388952
v 307.5477600097656 817.2175028301732 635.8255024388952
v 489.27202224731445 709.6509070564555 603.2407554335069
v 737.7237796783447 733.0298870938607 519.5614605703715
v 307.5477600097656 817.2175028301732 635.8255024388952
v 737.7237796783447 733.0298870938607 519.5614605703715
v 540.4399871826172 913.7578357833545 491.251805909311
v -460.05311012268066 773.9643860168964 765.2355322784614
v -542.7267551422119 467.1787101307065 709.2400634058124
v -91.10192656517029 619.4206100814654 765.6469681288025
v -460.05311012268066 773.9643860168964 765.2355322784614
v -91.10192656517029 619.4206100814654 765.6469681288025
v -81.11572265625 715.4073073094497 769.0370288923472
v -103.05415391921997 679.2012029595021 -674.5065417105943
v -364.04199600219727 915.3259809117261 -790.6232839390851
v 157.89241790771484 866.1003819795174 -672.745321154901
v -103.05415391921997 679.2012029595021 -674.5065417105943
v 157.89241790771484 866.1003819795174 -672.745321154901
v 163.9146327972412 689.9478780664466 -632.0419068516599
v -364.04199600219727 915.3259809117261 -790.6232839390851
v -103.05415391921997 679.2012029595021 -674.5065417105943
v -513.8347625732422 655.2542358993686 -786.5942612495265
v -1173.2152938842773 48.79251394962366 431.9711471766214
v -1292.9168701171875 25.482085590693842 207.93434519474732
v -1003.3130645751953 -33.67120575959605 216.77837082228137
v -1173.2152938842773 48.79251394962366 431.9711471766214
v -1003.3130645751953 -33.67120575959605 216.77837082228137
v -869.9948310852051 -28.438370349335784 399.98363461556823
v 372.4043369293213 1461.7650264128545 545.126509183193
v 296.4582920074463 1403.800407206993 469.6834901498708
v 375.9622573852539 1346.8969591963398 526.8678582495155
v -1440.7153129577637 182.00421037743882 201.8170043132698
v -1351.9126892089844 184.6511446246577 374.44099001521266
v -1454.783058166504 450.1598708559457 375.4782181764978
v -1440.7153129577637 182.00421037743882 201.8170043132698
v -1454.783058166504 450.1598708559457 375.4782181764978
v -1595.8696365356445 466.6607430008322 156.16841664238143
v 834.7907066345215 283.2482021897136 546.7234997481048
v 830.7962417602539 28.886602766271626 528.2234925953989
v 892.9213523864746 33.074901820236896 350.9102179962461
v 834.7907066345215 283.2482021897136 546.7234997481048
v 892.9213523864746 33.074901820236896 350.9102179962461
v 831.6262245178223 420.9505501230311 419.8745971912084
v -954.4321060180664 1594.2902476632796 -369.4150079284628
v -1226.5623092651367 1483.5402646627388 -214.3225682420611
v -997.331714630127 1595.1812891621926 -193.6499526858829
v -954.4321060180664 1594.2902476632796 -369.4150079284628
v -997.331714630127 1595.1812891621926 -193.6499526858829
v -679.5233726501465 1637.2694999412338 -270.1912603092284
v 934.2254638671875 86.75471117182873 -98.4101139930921
v 915.0349617004395 88.84019634121458 6.43975636608641
v 634.1572761535645 -21.455816829123446 -38.02727042421521
v -8.58665183186531 1436.6343397029043 290.667760054263
v -359.0933322906494 1458.4336970856248 175.32123397385897
v -357.0890426635742 1367.5598072930693 295.1015441313971
v -8.58665183186531 1436.6343397029043 290.667760054263
v -357.0890426635742 1367.5598072930693 295.1015441313971
v 3.6995038390159607 1404.9438502911087 377.5264392031909
v 1.246787142008543 1481.425613632748 -18.378468085990953
v 132.7002763748169 1468.570754224123 -0.7800258111560326
v 137.98136711120605 1437.5641074836033 -190.47631806896717
v 1.246787142008543 1481.425613632748 -18.378468085990953
v 137.98136711120605 1437.5641074836033 -190.47631806896717
v -47.053536772727966 1518.539916894407 -238.49359071769993
v 982.0784568786621 872.005550751178 168.092604745893
v 853.3333778381348 669.6305298793936 188.32791938730412
v 987.4593734741211 750.4060510469036 16.435649932657544
v 982.0784568786621 872.005550751178 168.092604745893
v 987.4593734741211 750.4060510469036 16.435649932657544
v 1086.4861488342285 937.4883326489875 -3.2413429853056708
v -311.17851734161377 1588.7242421553235 -227.39385668443524
v 1.246787142008543 1481.425613632748 -18.378468085990953
v -47.053536772727966 1518.539916894407 -238.49359071769993
v 988.5025024414062 565.0495406122195 52.363908065146184
v 987.4593734741211 750.4060510469036 16.435649932657544
v 853.3333778381348 669.6305298793936 188.32791938730412
v -1728.4603118896484 640.379423906153 -228.65510655732513
v -1676.8449783325195 848.4621408414089 -225.37978787121088
v -1597.449016571045 878.2407769210494 -479.66690684847464
v -1728.4603118896484 640.379423906153 -228.65510655732513
v -1597.449016571045 878.2407769210494 -479.66690684847464
v -1679.8925399780273 626.0742289989346 -474.0207874217859
v -1679.8925399780273 626.0742289989346 -474.0207874217859
v -1678.8497924804688 487.2965010680608 -472.76973885032766
v -1729.825782775879 502.2581084629742 -238.73058528189128
v -1679.8925399780273 626.0742289989346 -474.0207874217859
v -1729.825782775879 502.2581084629742 -238.73058528189128
v -1728.4603118896484 640.379423906153 -228.65510655732513
v -1131.2036514282227 1177.7399328043862 497.21809981134334
v -856.6667556762695 1114.2027331691518 604.2188847912404
v -880.2265167236328 1284.2470379147555 483.5252778186096
v -1131.2036514282227 1177.7399328043862 497.21809981134334
v -880.2265167236328 1284.2470379147555 483.5252778186096
v -1051.3757705688477 1312.7430102718863 439.0430920560621
v 622.9456901550293 1702.5289421601785 348.9386297364781
v 556.5414428710938 1601.3195290352633 595.881035814696
v 706.7547798156738 1609.7862464285072 574.3118787686695
v -1492.7212715148926 175.94288390051105 -58.60315340467406
v -1451.911735534668 162.4907671610676 -181.00747241593513
v -1316.1361694335938 46.07884427035768 -22.263043587486703
v -752.0420551300049 1551.5532174880866 -551.739453114245
v -954.4321060180664 1594.2902476632796 -369.4150079284628
v -679.5233726501465 1637.2694999412338 -270.1912603092284
v -752.0420551300049 1551.5532174880866 -551.739453114245
v -679.5233726501465 1637.2694999412338 -270.1912603092284
v -521.5099334716797 1580.0255572609415 -458.2481442981516
v -1146.118450164795 200.61130624982385 -651.1501358915804
v -1379.0760040283203 482.19859327472994 -784.6916578018595
v -1014.2412185668945 432.6052850521096 -816.9363323468828
v -1146.118450164795 200.61130624982385 -651.1501358915804
v -1014.2412185668945 432.6052850521096 -816.9363323468828
v -924.9749183654785 201.71050304974105 -712.0285061478727
v -954.4321060180664 1594.2902476632796 -369.4150079284628
v -752.0420551300049 1551.5532174880866 -551.739453114245
v -1074.9902725219727 1451.7427141106668 -565.7352297063313
v -1265.8947944641113 183.01988326587605 -523.9418096351005
v -1531.3310623168945 455.94776993703965 -673.0713272848818
v -1379.0760040283203 482.19859327472994 -784.6916578018595
v -1265.8947944641113 183.01988326587605 -523.9418096351005
v -1379.0760040283203 482.19859327472994 -784.6916578018595
v -1146.118450164795 200.61130624982385 -651.1501358915804
v -870.1505661010742 79.58920822373699 -628.4610163276036
v -461.65857315063477 41.144490024204146 -700.9356314079556
v -444.0005302429199 -11.85651076443087 -554.0447983210065
v -870.1505661010742 79.58920822373699 -628.4610163276036
v -444.0005302429199 -11.85651076443087 -554.0447983210065
v -1019.6773529052734 96.07679013766182 -569.6562701131517
v -460.675048828125 189.08296871714765 -746.7627523773396
v -461.65857315063477 41.144490024204146 -700.9356314079556
v -870.1505661010742 79.58920822373699 -628.4610163276036
v -460.675048828125 189.08296871714765 -746.7627523773396
v -870.1505661010742 79.58920822373699 -628.4610163276036
v -924.9749183654785 201.71050304974105 -712.0285061478727
v 393.22896003723145 1310.1559694060802 -335.03067260484374
v 172.21355438232422 1372.2065736232985 -501.1603120200453
v 124.03968572616577 1430.5067948520257 -395.6306336765045
v 393.22896003723145 1310.1559694060802 -335.03067260484374
v 124.03968572616577 1430.5067948520257 -395.6306336765045
v 365.3355121612549 1400.661769322413 -243.45678195471604
v 447.9464054107666 1106.3820830605528 -434.13485554842447
v 163.05967569351196 1255.2517585851533 -617.077784251286
v 172.21355438232422 1372.2065736232985 -501.1603120200453
v 447.9464054107666 1106.3820830605528 -434.13485554842447
v 172.21355438232422 1372.2065736232985 -501.1603120200453
v 393.22896003723145 1310.1559694060802 -335.03067260484374
v 892.2122001647949 67.22412951140291 -275.121998402062
v 837.0332717895508 89.2087124026431 -404.4552784460261
v 904.729175567627 254.97165307610237 -424.1234023089401
v 892.2122001647949 67.22412951140291 -275.121998402062
v 904.729175567627 254.97165307610237 -424.1234023089401
v 986.884880065918 259.7671795700117 -252.62954476379633
v 703.4109592437744 454.1980276639573 -586.5935735095508
v 972.4699020385742 494.34959057544387 -468.25232776692815
v 904.729175567627 254.97165307610237 -424.1234023089401
v 703.4109592437744 454.1980276639573 -586.5935735095508
v 904.729175567627 254.97165307610237 -424.1234023089401
v 648.3569145202637 186.48711330731837 -581.9152883412161
v 934.2254638671875 86.75471117182873 -98.4101139930921
v 634.1572761535645 -21.455816829123446 -38.02727042421521
v 613.0227088928223 -24.060754459850525 -394.1645455008924
v 934.2254638671875 86.75471117182873 -98.4101139930921
v 613.0227088928223 -24.060754459850525 -394.1645455008924
v 892.2122001647949 67.22412951140291 -275.121998402062
v 3.6995038390159607 1404.9438502911087 377.5264392031909
v 180.2273154258728 1461.8991887883803 399.2768094149566
v 145.17405033111572 1490.0187400219422 311.00318805285326
v 3.6995038390159607 1404.9438502911087 377.5264392031909
v 145.17405033111572 1490.0187400219422 311.00318805285326
v -8.58665183186531 1436.6343397029043 290.667760054263
v 700.9125709533691 265.76557335229074 613.1369977486191
v 489.27202224731445 709.6509070564555 603.2407554335069
v 367.41936206817627 584.4432996811153 627.3379279561065
v 700.9125709533691 265.76557335229074 613.1369977486191
v 367.41936206817627 584.4432996811153 627.3379279561065
v 424.71985816955566 191.91731329343668 589.7848623214153
v 737.7237796783447 733.0298870938607 519.5614605703715
v 489.27202224731445 709.6509070564555 603.2407554335069
v 700.9125709533691 265.76557335229074 613.1369977486191
v 737.7237796783447 733.0298870938607 519.5614605703715
v 700.9125709533691 265.76557335229074 613.1369977486191
v 834.7907066345215 283.2482021897136 546.7234997481048
v 489.61172103881836 -14.720741759187776 588.8525304215478
v 99.37100410461426 -42.1638936331075 543.3949341174841
v 96.38358950614929 -76.70453985113154 409.3256436494451
v 489.61172103881836 -14.720741759187776 588.8525304215478
v 96.38358950614929 -76.70453985113154 409.3256436494451
v 538.8240814208984 -41.00547142184952 499.17582307915484
v 424.71985816955566 191.91731329343668 589.7848623214153
v 71.26579284667969 168.55652549360485 591.44263746761
v 99.37100410461426 -42.1638936331075 543.3949341174841
v 424.71985816955566 191.91731329343668 589.7848623214153
v 99.37100410461426 -42.1638936331075 543.3949341174841
v 489.61172103881836 -14.720741759187776 588.8525304215478
v -880.2265167236328 1284.2470379147555 483.5252778186096
v -358.94694328308105 1264.25324726094 414.3469877373259
v -357.0890426635742 1367.5598072930693 295.1015441313971
v -880.2265167236328 1284.2470379147555 483.5252778186096
v -357.0890426635742 1367.5598072930693 295.1015441313971
v -841.3926124572754 1490.160061055302 210.55954217991192
v 605.6010246276855 17.001484173221748 -540.3067426710088
v 613.0227088928223 -24.060754459850525 -394.1645455008924
v 83.74310731887817 -37.46981661253783 -544.9045898091869
v 605.6010246276855 17.001484173221748 -540.3067426710088
v 83.74310731887817 -37.46981661253783 -544.9045898091869
v 57.310909032821655 22.015834936906995 -696.132925144819
v 98.5403299331665 177.7958434754536 -722.2218505167311
v 648.3569145202637 186.48711330731837 -581.9152883412161
v 605.6010246276855 17.001484173221748 -540.3067426710088
v 98.5403299331665 177.7958434754536 -722.2218505167311
v 605.6010246276855 17.001484173221748 -540.3067426710088
v 57.310909032821655 22.015834936906995 -696.132925144819
v 180.2273154258728 1461.8991887883803 399.2768094149566
v 3.6995038390159607 1404.9438502911087 377.5264392031909
v 220.3960657119751 1360.965752796392 525.6109136532483
v 180.2273154258728 1461.8991887883803 399.2768094149566
v 220.3960657119751 1360.965752796392 525.6109136532483
v 296.4582920074463 1403.800407206993 469.6834901498708
v -869.9948310852051 -28.438370349335784 399.98363461556823
v -499.94311332702637 37.728095447843316 544.8852778702386
v -924.653434753418 45.00531592079898 502.26795733680353
v 298.1949806213379 1139.767486642665 518.0197437581531
v 296.4582920074463 1403.800407206993 469.6834901498708
v 220.3960657119751 1360.965752796392 525.6109136532483
v 298.1949806213379 1139.767486642665 518.0197437581531
v 220.3960657119751 1360.965752796392 525.6109136532483
v 209.492826461792 1087.997093600193 564.0641941757723
v -225.1206398010254 23.48420542553303 532.5684333580849
v -91.10192656517029 619.4206100814654 765.6469681288025
v -542.7267551422119 467.1787101307065 709.2400634058124
v -225.1206398010254 23.48420542553303 532.5684333580849
v -542.7267551422119 467.1787101307065 709.2400634058124
v -499.94311332702637 37.728095447843316 544.8852778702386
v -201.2256145477295 -52.22477132318194 399.6906690715099
v -869.9948310852051 -28.438370349335784 399.98363461556823
v -1003.3130645751953 -33.67120575959605 216.77837082228137
v 71.26579284667969 168.55652549360485 591.44263746761
v 66.3665235042572 489.03854206140204 680.2174631955497
v -91.10192656517029 619.4206100814654 765.6469681288025
v 71.26579284667969 168.55652549360485 591.44263746761
v -91.10192656517029 619.4206100814654 765.6469681288025
v -225.1206398010254 23.48420542553303 532.5684333580849
v 1004.6547889709473 1080.9355818959416 -372.51380817237526
v 877.0483016967773 973.258205919992 -486.4789196564016
v 802.7420997619629 1094.4507547161813 -469.4703458236313
v 1004.6547889709473 1080.9355818959416 -372.51380817237526
v 802.7420997619629 1094.4507547161813 -469.4703458236313
v 959.06982421875 1178.2982860187328 -384.34806080856544
v -353.27138900756836 222.6754532585697 -751.9003909922775
v -460.675048828125 189.08296871714765 -746.7627523773396
v -466.18690490722656 475.70235807816437 -760.2081677768323
v -1241.4599418640137 248.7430226388467 515.5551876562273
v -1454.783058166504 450.1598708559457 375.4782181764978
v -1351.9126892089844 184.6511446246577 374.44099001521266
v -1253.2852172851562 934.6477040354077 -820.1535246295779
v -1460.68115234375 886.7045127557597 -688.5571958643311
v -1270.5326080322266 1267.5609258037362 -632.9262312549965
v 580.6594371795654 857.2535484581967 -513.9211200040102
v 538.321590423584 945.0522390261202 -493.250766220827
v 802.7420997619629 1094.4507547161813 -469.4703458236313
v 580.6594371795654 857.2535484581967 -513.9211200040102
v 802.7420997619629 1094.4507547161813 -469.4703458236313
v 877.0483016967773 973.258205919992 -486.4789196564016
v -513.8347625732422 655.2542358993686 -786.5942612495265
v -1109.0517044067383 593.1207715037441 -870.2945254575501
v -994.0828323364258 901.3707576987508 -880.3176835960203
v -513.8347625732422 655.2542358993686 -786.5942612495265
v -994.0828323364258 901.3707576987508 -880.3176835960203
v -364.04199600219727 915.3259809117261 -790.6232839390851
v -438.0655288696289 923.7372110769734 731.0639797402018
v -460.05311012268066 773.9643860168964 765.2355322784614
v -104.34694290161133 860.457679149759 725.8023288002742
v 154.00750637054443 1072.7497710197335 -692.7677405076897
v 157.89241790771484 866.1003819795174 -672.745321154901
v -364.04199600219727 915.3259809117261 -790.6232839390851
v -1014.2412185668945 432.6052850521096 -816.9363323468828
v -1109.0517044067383 593.1207715037441 -870.2945254575501
v -513.8347625732422 655.2542358993686 -786.5942612495265
v -1014.2412185668945 432.6052850521096 -816.9363323468828
v -513.8347625732422 655.2542358993686 -786.5942612495265
v -466.18690490722656 475.70235807816437 -760.2081677768323
v 367.41936206817627 584.4432996811153 627.3379279561065
v 489.27202224731445 709.6509070564555 603.2407554335069
v -91.10192656517029 619.4206100814654 765.6469681288025
v 367.41936206817627 584.4432996811153 627.3379279561065
v -91.10192656517029 619.4206100814654 765.6469681288025
v 66.3665235042572 489.03854206140204 680.2174631955497
v 150.0956654548645 911.6489972774568 650.8079988513952
v -81.11572265625 715.4073073094497 769.0370288923472
v 307.5477600097656 817.2175028301732 635.8255024388952
v 163.9146327972412 689.9478780664466 -632.0419068516599
v 157.89241790771484 866.1003819795174 -672.745321154901
v 580.6594371795654 857.2535484581967 -513.9211200040102
v 163.9146327972412 689.9478780664466 -632.0419068516599
v 580.6594371795654 857.2535484581967 -513.9211200040102
v 765.2611255645752 629.912758551708 -544.2757312878076
v -949.2731094360352 695.3276372174697 691.9030925800196
v -1011.5157127380371 319.71602820282396 642.1087569337735
v -542.7267551422119 467.1787101307065 709.2400634058124
v 740.710973739624 954.7394133754648 492.5017812868016
v 954.979133605957 933.3360008170099 453.4978411006148
v 819.9298858642578 970.1503225138291 563.5792666362366
v 703.4109592437744 454.1980276639573 -586.5935735095508
v 145.02675533294678 470.9585560280102 -668.9908431437756
v -103.05415391921997 679.2012029595021 -674.5065417105943
v 703.4109592437744 454.1980276639573 -586.5935735095508
v -103.05415391921997 679.2012029595021 -674.5065417105943
v 765.2611255645752 629.912758551708 -544.2757312878076
v -1537.180995941162 631.2031545766017 -697.9571951645161
v -1679.8925399780273 626.0742289989346 -474.0207874217859
v -1597.449016571045 878.2407769210494 -479.66690684847464
v -1537.180995941162 631.2031545766017 -697.9571951645161
v -1597.449016571045 878.2407769210494 -479.66690684847464
v -1460.68115234375 886.7045127557597 -688.5571958643311
v 466.46032333374023 1173.0933730810052 701.8149466888258
v 454.6873092651367 1118.8376897462801 635.4085632004034
v 568.8999176025391 1057.7640061425727 627.9525074371609
v 466.46032333374023 1173.0933730810052 701.8149466888258
v 568.8999176025391 1057.7640061425727 627.9525074371609
v 673.5965728759766 1049.1940093629235 675.8580474151883
v -1265.8947944641113 183.01988326587605 -523.9418096351005
v -1019.6773529052734 96.07679013766182 -569.6562701131517
v -1316.1361694335938 46.07884427035768 -22.263043587486703
v -1265.8947944641113 183.01988326587605 -523.9418096351005
v -1316.1361694335938 46.07884427035768 -22.263043587486703
v -1451.911735534668 162.4907671610676 -181.00747241593513
v -1021.0271835327148 3.7948507375042606 -74.222473259644
v -1316.1361694335938 46.07884427035768 -22.263043587486703
v -1019.6773529052734 96.07679013766182 -569.6562701131517
v 124.03968572616577 1430.5067948520257 -395.6306336765045
v -521.5099334716797 1580.0255572609415 -458.2481442981516
v -311.17851734161377 1588.7242421553235 -227.39385668443524
v 124.03968572616577 1430.5067948520257 -395.6306336765045
v -311.17851734161377 1588.7242421553235 -227.39385668443524
v -47.053536772727966 1518.539916894407 -238.49359071769993
v -756.1674118041992 1625.778890094127 -114.91231911115608
v -679.5233726501465 1637.2694999412338 -270.1912603092284
v -997.331714630127 1595.1812891621926 -193.6499526858829
v 634.1572761535645 -21.455816829123446 -38.02727042421521
v 915.0349617004395 88.84019634121458 6.43975636608641
v 793.4064388275146 15.149484053031209 77.61001713766066
v 775.1253128051758 1641.4593920128157 -125.25630165309576
v 365.3355121612549 1400.661769322413 -243.45678195471604
v 534.0637683868408 1639.9798922183807 101.66877775347349
v 1086.4861488342285 937.4883326489875 -3.2413429853056708
v 987.4593734741211 750.4060510469036 16.435649932657544
v 1041.4713859558105 808.4820155815452 -234.31911992395408
v 1086.4861488342285 937.4883326489875 -3.2413429853056708
v 1041.4713859558105 808.4820155815452 -234.31911992395408
v 1080.4222106933594 994.1263527909365 -211.6292309401891
v -47.053536772727966 1518.539916894407 -238.49359071769993
v 137.98136711120605 1437.5641074836033 -190.47631806896717
v 124.03968572616577 1430.5067948520257 -395.6306336765045
v 83.74310731887817 -37.46981661253783 -544.9045898091869
v 68.29346418380737 -41.583116812849376 -69.47216191110812
v -257.22815990448 -9.917810434761066 -556.1282907892258
v 1121.1358070373535 1011.213374130127 80.10442701308345
v 1118.7152862548828 1109.0309616623383 -74.8088513006028
v 1207.8163146972656 1162.336315101509 40.185437013038396
v 1121.1358070373535 1011.213374130127 80.10442701308345
v 1207.8163146972656 1162.336315101509 40.185437013038396
v 1239.1307830810547 1161.0360855221809 114.16012747719341
v 915.0349617004395 88.84019634121458 6.43975636608641
v 941.7360305786133 300.32225563802405 144.1371226460433
v 911.970043182373 261.57523707762783 178.7420813871153
v 915.0349617004395 88.84019634121458 6.43975636608641
v 911.970043182373 261.57523707762783 178.7420813871153
v 793.4064388275146 15.149484053031209 77.61001713766066
v 1234.6807479858398 1345.8277595812772 263.5764369319232
v 1252.0514488220215 1278.2521243872382 322.6698478048514
v 1251.4860153198242 1324.8653181704349 166.2123750497309
v 365.3355121612549 1400.661769322413 -243.45678195471604
v 137.98136711120605 1437.5641074836033 -190.47631806896717
v 132.7002763748169 1468.570754224123 -0.7800258111560326
v 365.3355121612549 1400.661769322413 -243.45678195471604
v 132.7002763748169 1468.570754224123 -0.7800258111560326
v 534.0637683868408 1639.9798922183807 101.66877775347349
v 845.8358764648438 128.80112225993375 143.3622614940126
v 853.3389091491699 262.68483814583954 186.47549753063907
v 831.6262245178223 420.9505501230311 419.8745971912084
v 845.8358764648438 128.80112225993375 143.3622614940126
v 831.6262245178223 420.9505501230311 419.8745971912084
v 892.9213523864746 33.074901820236896 350.9102179962461
v 845.8358764648438 128.80112225993375 143.3622614940126
v 892.9213523864746 33.074901820236896 350.9102179962461
v 793.4064388275146 15.149484053031209 77.61001713766066
v -1661.3975524902344 380.362860615818 -137.80853618763817
v -1668.4638977050781 375.10218700736476 -253.35251689274048
v -1451.911735534668 162.4907671610676 -181.00747241593513
v -1661.3975524902344 380.362860615818 -137.80853618763817
v -1451.911735534668 162.4907671610676 -181.00747241593513
v -1492.7212715148926 175.94288390051105 -58.60315340467406
v -1021.0271835327148 3.7948507375042606 -74.222473259644
v -1003.3130645751953 -33.67120575959605 216.77837082228137
v -1292.9168701171875 25.482085590693842 207.93434519474732
v -1021.0271835327148 3.7948507375042606 -74.222473259644
v -1292.9168701171875 25.482085590693842 207.93434519474732
v -1316.1361694335938 46.07884427035768 -22.263043587486703
v -1316.1361694335938 46.07884427035768 -22.263043587486703
v -1292.9168701171875 25.482085590693842 207.93434519474732
v -1440.7153129577637 182.00421037743882 201.8170043132698
v -1316.1361694335938 46.07884427035768 -22.263043587486703
v -1440.7153129577637 182.00421037743882 201.8170043132698
v -1492.7212715148926 175.94288390051105 -58.60315340467406
v -1226.5623092651367 1483.5402646627388 -214.3225682420611
v -1265.0867462158203 1387.022751818256 133.38857870211854
v -1078.878116607666 1467.4985669645212 213.10711918075864
v -1226.5623092651367 1483.5402646627388 -214.3225682420611
v -1078.878116607666 1467.4985669645212 213.10711918075864
v -997.331714630127 1595.1812891621926 -193.6499526858829
v -997.331714630127 1595.1812891621926 -193.6499526858829
v -1078.878116607666 1467.4985669645212 213.10711918075864
v -841.3926124572754 1490.160061055302 210.55954217991192
v -997.331714630127 1595.1812891621926 -193.6499526858829
v -841.3926124572754 1490.160061055302 210.55954217991192
v -756.1674118041992 1625.778890094127 -114.91231911115608
v 793.4064388275146 15.149484053031209 77.61001713766066
v 892.9213523864746 33.074901820236896 350.9102179962461
v 538.8240814208984 -41.00547142184952 499.17582307915484
v 793.4064388275146 15.149484053031209 77.61001713766066
v 538.8240814208984 -41.00547142184952 499.17582307915484
v 634.1572761535645 -21.455816829123446 -38.02727042421521
v 120.18427848815918 1498.6953398741111 131.26856960696787
v 314.68348503112793 1600.934572290138 195.42960399375417
v 539.8387908935547 1681.2356585882455 158.15271850777657
v 120.18427848815918 1498.6953398741111 131.26856960696787
v 539.8387908935547 1681.2356585882455 158.15271850777657
v 534.0637683868408 1639.9798922183807 101.66877775347349
v 1.246787142008543 1481.425613632748 -18.378468085990953
v -358.32438468933105 1564.6893873443564 -34.19371291614967
v -359.0933322906494 1458.4336970856248 175.32123397385897
v 1.246787142008543 1481.425613632748 -18.378468085990953
v -359.0933322906494 1458.4336970856248 175.32123397385897
v -8.58665183186531 1436.6343397029043 290.667760054263
v 853.3333778381348 669.6305298793936 188.32791938730412
v 982.0784568786621 872.005550751178 168.092604745893
v 740.710973739624 954.7394133754648 492.5017812868016
v 853.3333778381348 669.6305298793936 188.32791938730412
v 740.710973739624 954.7394133754648 492.5017812868016
v 717.0683860778809 844.9576709397121 462.0052951581945
v 68.29346418380737 -41.583116812849376 -69.47216191110812
v -201.2256145477295 -52.22477132318194 399.6906690715099
v -257.22815990448 -9.917810434761066 -556.1282907892258
v -201.2256145477295 -52.22477132318194 399.6906690715099
v -1003.3130645751953 -33.67120575959605 216.77837082228137
v -602.8917789459229 -30.557875020437795 -38.71364050422609
v -1728.4603118896484 640.379423906153 -228.65510655732513
v -1729.825782775879 502.2581084629742 -238.73058528189128
v -1595.8696365356445 466.6607430008322 156.16841664238143
v -1728.4603118896484 640.379423906153 -228.65510655732513
v -1595.8696365356445 466.6607430008322 156.16841664238143
v -1588.669204711914 805.562970701808 187.9487798329946
v -1492.7212715148926 175.94288390051105 -58.60315340467406
v -1440.7153129577637 182.00421037743882 201.8170043132698
v -1595.8696365356445 466.6607430008322 156.16841664238143
v -1492.7212715148926 175.94288390051105 -58.60315340467406
v -1595.8696365356445 466.6607430008322 156.16841664238143
v -1661.3975524902344 380.362860615818 -137.80853618763817
v 854.4428825378418 1672.8158960283613 433.2116592178655
v 938.7527465820312 1669.6201225490006 351.6802331471755
v 794.1874504089355 1767.381438772612 163.082106254958
v 740.710973739624 954.7394133754648 492.5017812868016
v 982.0784568786621 872.005550751178 168.092604745893
v 1054.715347290039 918.1989837267363 358.55735089305296
v -358.32438468933105 1564.6893873443564 -34.19371291614967
v -756.1674118041992 1625.778890094127 -114.91231911115608
v -841.3926124572754 1490.160061055302 210.55954217991192
v -358.32438468933105 1564.6893873443564 -34.19371291614967
v -841.3926124572754 1490.160061055302 210.55954217991192
v -359.0933322906494 1458.4336970856248 175.32123397385897
v -1003.3130645751953 -33.67120575959605 216.77837082228137
v -1021.0271835327148 3.7948507375042606 -74.222473259644
v -602.8917789459229 -30.557875020437795 -38.71364050422609
v -1407.364273071289 1367.560122933717 -194.84802310565416
v -1294.468116760254 1392.2964005208366 -422.7280912228811
v -1431.6587448120117 1244.4867070810526 -439.85820726686785
v -1407.364273071289 1367.560122933717 -194.84802310565416
v -1431.6587448120117 1244.4867070810526 -439.85820726686785
v -1502.2048950195312 1236.816996465591 -260.6601380292407
v -1265.0867462158203 1387.022751818256 133.38857870211854
v -1226.5623092651367 1483.5402646627388 -214.3225682420611
v -1407.364273071289 1367.560122933717 -194.84802310565416
v -104.34694290161133 860.457679149759 725.8023288002742
v 43.152815103530884 1034.0870325393073 577.3950420272247
v -415.19927978515625 1058.7820539613058 631.8288117941618
v -104.34694290161133 860.457679149759 725.8023288002742
v -415.19927978515625 1058.7820539613058 631.8288117941618
v -438.0655288696289 923.7372110769734 731.0639797402018
v -1502.2048950195312 1236.816996465591 -260.6601380292407
v -1528.9910316467285 1204.3192286762862 -122.41894271595973
v -1407.364273071289 1367.560122933717 -194.84802310565416
v 154.00750637054443 1072.7497710197335 -692.7677405076897
v -401.0146141052246 1127.6632781439973 -780.6600864911497
v -241.29433631896973 1268.0977389701584 -708.0080540135293
v 381.9141387939453 1255.1561683675118 563.9418153058625
v 298.1949806213379 1139.767486642665 518.0197437581531
v 319.12732124328613 1089.7863786136043 573.9051111858062
v 381.9141387939453 1255.1561683675118 563.9418153058625
v 319.12732124328613 1089.7863786136043 573.9051111858062
v 393.99497509002686 1170.5274926394804 554.5893813941785
v 447.9464054107666 1106.3820830605528 -434.13485554842447
v 696.3014602661133 1215.1757276812957 -373.0456903567832
v 802.7420997619629 1094.4507547161813 -469.4703458236313
v 447.9464054107666 1106.3820830605528 -434.13485554842447
v 802.7420997619629 1094.4507547161813 -469.4703458236313
v 495.47977447509766 1022.8945686218202 -483.37042499756006
v -1403.624153137207 987.585371959474 386.3664121593457
v -1227.3988723754883 918.9974279079995 567.4821378316686
v -1131.2036514282227 1177.7399328043862 497.21809981134334
v -1403.624153137207 987.585371959474 386.3664121593457
v -1131.2036514282227 1177.7399328043862 497.21809981134334
v -1215.1986122131348 1327.2043219406369 331.60410033655614
v -1040.628719329834 1292.1728617911017 -730.3582723950856
v -1270.5326080322266 1267.5609258037362 -632.9262312549965
v -1074.9902725219727 1451.7427141106668 -565.7352297063313
v -752.0420551300049 1551.5532174880866 -551.739453114245
v -522.8474617004395 1439.8199619063748 -652.6376528032014
v -693.117618560791 1299.986502849401 -753.3074914093995
v -752.0420551300049 1551.5532174880866 -551.739453114245
v -693.117618560791 1299.986502849401 -753.3074914093995
v -1040.628719329834 1292.1728617911017 -730.3582723950856
v 899.1029739379883 1383.9047479470526 -321.86883298857055
v 696.3014602661133 1215.1757276812957 -373.0456903567832
v 635.9860420227051 1279.1329492331724 -303.1912034314736
v 899.1029739379883 1383.9047479470526 -321.86883298857055
v 635.9860420227051 1279.1329492331724 -303.1912034314736
v 818.4527397155762 1484.5958778904615 -280.09400282391664
v 365.3355121612549 1400.661769322413 -243.45678195471604
v 775.1253128051758 1641.4593920128157 -125.25630165309576
v 748.454761505127 1548.6794580024296 -234.67040993103535
v 365.3355121612549 1400.661769322413 -243.45678195471604
v 748.454761505127 1548.6794580024296 -234.67040993103535
v 393.22896003723145 1310.1559694060802 -335.03067260484374
v 375.9622573852539 1346.8969591963398 526.8678582495155
v 298.1949806213379 1139.767486642665 518.0197437581531
v 381.9141387939453 1255.1561683675118 563.9418153058625
v 3.9220523089170456 1120.800049671902 518.9437613201347
v 43.152815103530884 1034.0870325393073 577.3950420272247
v 209.492826461792 1087.997093600193 564.0641941757723
v -1226.5623092651367 1483.5402646627388 -214.3225682420611
v -954.4321060180664 1594.2902476632796 -369.4150079284628
v -1294.468116760254 1392.2964005208366 -422.7280912228811
v -1226.5623092651367 1483.5402646627388 -214.3225682420611
v -1294.468116760254 1392.2964005208366 -422.7280912228811
v -1407.364273071289 1367.560122933717 -194.84802310565416
v -1528.9910316467285 1204.3192286762862 -122.41894271595973
v -1493.2714462280273 1079.786861284853 188.90158280735002
v -1265.0867462158203 1387.022751818256 133.38857870211854
v -1528.9910316467285 1204.3192286762862 -122.41894271595973
v -1265.0867462158203 1387.022751818256 133.38857870211854
v -1407.364273071289 1367.560122933717 -194.84802310565416
v -858.9655876159668 965.2769647236855 661.5803625693942
v -438.0655288696289 923.7372110769734 731.0639797402018
v -415.19927978515625 1058.7820539613058 631.8288117941618
v -858.9655876159668 965.2769647236855 661.5803625693942
v -415.19927978515625 1058.7820539613058 631.8288117941618
v -856.6667556762695 1114.2027331691518 604.2188847912404
v -1215.1986122131348 1327.2043219406369 331.60410033655614
v -1265.0867462158203 1387.022751818256 133.38857870211854
v -1493.2714462280273 1079.786861284853 188.90158280735002
v 447.9464054107666 1106.3820830605528 -434.13485554842447
v 495.47977447509766 1022.8945686218202 -483.37042499756006
v 154.00750637054443 1072.7497710197335 -692.7677405076897
v 447.9464054107666 1106.3820830605528 -434.13485554842447
v 154.00750637054443 1072.7497710197335 -692.7677405076897
v 163.05967569351196 1255.2517585851533 -617.077784251286
v -693.117618560791 1299.986502849401 -753.3074914093995
v -241.29433631896973 1268.0977389701584 -708.0080540135293
v -401.0146141052246 1127.6632781439973 -780.6600864911497
v -1270.5326080322266 1267.5609258037362 -632.9262312549965
v -1431.6587448120117 1244.4867070810526 -439.85820726686785
v -1294.468116760254 1392.2964005208366 -422.7280912228811
v -1270.5326080322266 1267.5609258037362 -632.9262312549965
v -1294.468116760254 1392.2964005208366 -422.7280912228811
v -1074.9902725219727 1451.7427141106668 -565.7352297063313
v 1202.9877662658691 1506.3122478773353 182.37226604167014
v 1048.1767654418945 1654.682118947018 120.27884727702893
v 1121.388053894043 1603.2962495905947 182.80777221454778
v 1041.14990234375 599.2359107717756 -242.17732022438182
v 1041.4713859558105 808.4820155815452 -234.31911992395408
v 987.4593734741211 750.4060510469036 16.435649932657544
v 1041.14990234375 599.2359107717756 -242.17732022438182
v 987.4593734741211 750.4060510469036 16.435649932657544
v 988.5025024414062 565.0495406122195 52.363908065146184
v 319.12732124328613 1089.7863786136043 573.9051111858062
v 298.1949806213379 1139.767486642665 518.0197437581531
v 209.492826461792 1087.997093600193 564.0641941757723
v -1595.8696365356445 466.6607430008322 156.16841664238143
v -1729.825782775879 502.2581084629742 -238.73058528189128
v -1661.3975524902344 380.362860615818 -137.80853618763817
v -1531.3310623168945 455.94776993703965 -673.0713272848818
v -1678.8497924804688 487.2965010680608 -472.76973885032766
v -1679.8925399780273 626.0742289989346 -474.0207874217859
v -1531.3310623168945 455.94776993703965 -673.0713272848818
v -1679.8925399780273 626.0742289989346 -474.0207874217859
v -1537.180995941162 631.2031545766017 -697.9571951645161
v 489.27202224731445 709.6509070564555 603.2407554335069
v 307.5477600097656 817.2175028301732 635.8255024388952
v -81.11572265625 715.4073073094497 769.0370288923472
v 489.27202224731445 709.6509070564555 603.2407554335069
v -81.11572265625 715.4073073094497 769.0370288923472
v -91.10192656517029 619.4206100814654 765.6469681288025
v -1595.8696365356445 466.6607430008322 156.16841664238143
v -1454.783058166504 450.1598708559457 375.4782181764978
v -1469.5229530334473 763.737084615321 387.89694640964433
v -1595.8696365356445 466.6607430008322 156.16841664238143
v -1469.5229530334473 763.737084615321 387.89694640964433
v -1588.669204711914 805.562970701808 187.9487798329946
v -1729.825782775879 502.2581084629742 -238.73058528189128
v -1678.8497924804688 487.2965010680608 -472.76973885032766
v -1626.0833740234375 370.1295379378431 -435.4095807251917
v -1729.825782775879 502.2581084629742 -238.73058528189128
v -1626.0833740234375 370.1295379378431 -435.4095807251917
v -1668.4638977050781 375.10218700736476 -253.35251689274048
v -353.27138900756836 222.6754532585697 -751.9003909922775
v -466.18690490722656 475.70235807816437 -760.2081677768323
v -513.8347625732422 655.2542358993686 -786.5942612495265
v -353.27138900756836 222.6754532585697 -751.9003909922775
v -513.8347625732422 655.2542358993686 -786.5942612495265
v -103.05415391921997 679.2012029595021 -674.5065417105943
v 972.4699020385742 494.34959057544387 -468.25232776692815
v 703.4109592437744 454.1980276639573 -586.5935735095508
v 765.2611255645752 629.912758551708 -544.2757312878076
v 972.4699020385742 494.34959057544387 -468.25232776692815
v 765.2611255645752 629.912758551708 -544.2757312878076
v 978.2840728759766 713.6484217226754 -475.0667891425864
v 145.02675533294678 470.9585560280102 -668.9908431437756
v -353.27138900756836 222.6754532585697 -751.9003909922775
v -103.05415391921997 679.2012029595021 -674.5065417105943
v -1272.421932220459 594.6431687009668 543.7483756138034
v -1241.4599418640137 248.7430226388467 515.5551876562273
v -1011.5157127380371 319.71602820282396 642.1087569337735
v -1272.421932220459 594.6431687009668 543.7483756138034
v -1011.5157127380371 319.71602820282396 642.1087569337735
v -949.2731094360352 695.3276372174697 691.9030925800196
v 1041.14990234375 599.2359107717756 -242.17732022438182
v 972.4699020385742 494.34959057544387 -468.25232776692815
v 978.2840728759766 713.6484217226754 -475.0667891425864
v 538.321590423584 945.0522390261202 -493.250766220827
v 580.6594371795654 857.2535484581967 -513.9211200040102
v 157.89241790771484 866.1003819795174 -672.745321154901
v 538.321590423584 945.0522390261202 -493.250766220827
v 157.89241790771484 866.1003819795174 -672.745321154901
v 154.00750637054443 1072.7497710197335 -692.7677405076897
v -1454.783058166504 450.1598708559457 375.4782181764978
v -1241.4599418640137 248.7430226388467 515.5551876562273
v -1272.421932220459 594.6431687009668 543.7483756138034
v -1597.449016571045 878.2407769210494 -479.66690684847464
v -1270.5326080322266 1267.5609258037362 -632.9262312549965
v -1460.68115234375 886.7045127557597 -688.5571958643311
v -858.9655876159668 965.2769647236855 661.5803625693942
v -949.2731094360352 695.3276372174697 691.9030925800196
v -460.05311012268066 773.9643860168964 765.2355322784614
v -858.9655876159668 965.2769647236855 661.5803625693942
v -460.05311012268066 773.9643860168964 765.2355322784614
v -438.0655288696289 923.7372110769734 731.0639797402018
v -994.0828323364258 901.3707576987508 -880.3176835960203
v -401.0146141052246 1127.6632781439973 -780.6600864911497
v -364.04199600219727 915.3259809117261 -790.6232839390851
v -1588.669204711914 805.562970701808 187.9487798329946
v -1469.5229530334473 763.737084615321 387.89694640964433
v -1403.624153137207 987.585371959474 386.3664121593457
v -1588.669204711914 805.562970701808 187.9487798329946
v -1403.624153137207 987.585371959474 386.3664121593457
v -1493.2714462280273 1079.786861284853 188.90158280735002
v 1020.1871871948242 1391.42621472611 599.5836090550057
v 945.3144073486328 1367.2179547596472 590.5588495092045
v 1022.9247093200684 1240.9151583362584 692.8006651950939
v -949.2731094360352 695.3276372174697 691.9030925800196
v -858.9655876159668 965.2769647236855 661.5803625693942
v -1227.3988723754883 918.9974279079995 567.4821378316686
v -1528.9910316467285 1204.3192286762862 -122.41894271595973
v -1676.8449783325195 848.4621408414089 -225.37978787121088
v -1588.669204711914 805.562970701808 187.9487798329946
v -1528.9910316467285 1204.3192286762862 -122.41894271595973
v -1588.669204711914 805.562970701808 187.9487798329946
v -1493.2714462280273 1079.786861284853 188.90158280735002
v -1502.2048950195312 1236.816996465591 -260.6601380292407
v -1431.6587448120117 1244.4867070810526 -439.85820726686785
v -1597.449016571045 878.2407769210494 -479.66690684847464
v -1502.2048950195312 1236.816996465591 -260.6601380292407
v -1597.449016571045 878.2407769210494 -479.66690684847464
v -1676.8449783325195 848.4621408414089 -225.37978787121088
v -1040.628719329834 1292.1728617911017 -730.3582723950856
v -693.117618560791 1299.986502849401 -753.3074914093995
v -994.0828323364258 901.3707576987508 -880.3176835960203
v -1040.628719329834 1292.1728617911017 -730.3582723950856
v -994.0828323364258 901.3707576987508 -880.3176835960203
v -1253.2852172851562 934.6477040354077 -820.1535246295779
v 1192.4247741699219 1470.5188559493754 231.9237084400349
v 1234.6807479858398 1345.8277595812772 263.5764369319232
v 1232.5942039489746 1418.633625161018 163.63167215555006
v 582.5684070587158 1253.648529756916 750.4915203505217
v 730.0467491149902 1306.021266631738 727.9269121879402
v 692.8370475769043 1387.183612304084 661.8359382742603
v 1095.8351135253906 1348.0123825603662 -138.8544534985723
v 1022.8482246398926 1257.70484508614 -278.3707544339067
v 1013.9446258544922 1381.2672747560975 -259.2885115569358
v 393.99497509002686 1170.5274926394804 554.5893813941785
v 319.12732124328613 1089.7863786136043 573.9051111858062
v 426.1725902557373 1127.991703653253 490.71705195418633
v 899.1029739379883 1383.9047479470526 -321.86883298857055
v 959.06982421875 1178.2982860187328 -384.34806080856544
v 802.7420997619629 1094.4507547161813 -469.4703458236313
v 372.4043369293213 1461.7650264128545 545.126509183193
v 317.8903579711914 1590.7262045894433 552.1979866702214
v 249.02474880218506 1522.7929221261575 466.80642958291463
v 372.4043369293213 1461.7650264128545 545.126509183193
v 249.02474880218506 1522.7929221261575 466.80642958291463
v 296.4582920074463 1403.800407206993 469.6834901498708
v 1101.979637145996 1372.74457152813 433.7150488220772
v 1234.6807479858398 1345.8277595812772 263.5764369319232
v 1192.4247741699219 1470.5188559493754 231.9237084400349
v 910.3696823120117 1567.7114495869826 -303.58563420460257
v 866.472053527832 1641.481121085178 -234.67452319918127
v 900.8231163024902 1704.3303449546304 -305.4847280036769
v 472.9569435119629 1493.1550292595484 578.8531960109599
v 372.4043369293213 1461.7650264128545 545.126509183193
v 427.2846221923828 1407.2951638616728 598.0101874058047
v 472.9569435119629 1493.1550292595484 578.8531960109599
v 427.2846221923828 1407.2951638616728 598.0101874058047
v 576.4902114868164 1495.1887410796862 589.3475706073875
v 866.472053527832 1641.481121085178 -234.67452319918127
v 748.454761505127 1548.6794580024296 -234.67040993103535
v 775.1253128051758 1641.4593920128157 -125.25630165309576
v 866.472053527832 1641.481121085178 -234.67452319918127
v 775.1253128051758 1641.4593920128157 -125.25630165309576
v 896.1455345153809 1732.7292704664953 -73.12010907366634
v 427.2846221923828 1407.2951638616728 598.0101874058047
v 459.5224380493164 1322.6575382686558 697.867382630773
v 711.5965843200684 1510.7743574354681 616.4281988424951
v 427.2846221923828 1407.2951638616728 598.0101874058047
v 711.5965843200684 1510.7743574354681 616.4281988424951
v 576.4902114868164 1495.1887410796862 589.3475706073875
v 1021.8191146850586 1688.0534174274305 -278.1075981527321
v 1023.2662200927734 1617.1485226298043 -90.09801111128027
v 983.4625244140625 1633.886621468663 -307.80102648120004
v 1113.0626678466797 1503.4248779507868 -8.646221250691596
v 1095.8351135253906 1348.0123825603662 -138.8544534985723
v 1069.6642875671387 1494.3951898406985 -112.01961662108066
v 1232.5942039489746 1418.633625161018 163.63167215555006
v 1095.8351135253906 1348.0123825603662 -138.8544534985723
v 1113.0626678466797 1503.4248779507868 -8.646221250691596
v 434.8309516906738 1278.6304014290602 693.4744310091955
v 466.46032333374023 1173.0933730810052 701.8149466888258
v 582.5684070587158 1253.648529756916 750.4915203505217
v 730.0467491149902 1306.021266631738 727.9269121879402
v 945.3144073486328 1367.2179547596472 590.5588495092045
v 692.8370475769043 1387.183612304084 661.8359382742603
v 1192.4247741699219 1470.5188559493754 231.9237084400349
v 1232.5942039489746 1418.633625161018 163.63167215555006
v 1202.9877662658691 1506.3122478773353 182.37226604167014
v 1052.8070449829102 1460.0618631253178 572.0382917092611
v 1020.1871871948242 1391.42621472611 599.5836090550057
v 1129.6758651733398 1280.7550890579662 668.8546138326606
v 959.06982421875 1178.2982860187328 -384.34806080856544
v 1022.8482246398926 1257.70484508614 -278.3707544339067
v 1004.6547889709473 1080.9355818959416 -372.51380817237526
v 711.5965843200684 1510.7743574354681 616.4281988424951
v 706.7547798156738 1609.7862464285072 574.3118787686695
v 576.4902114868164 1495.1887410796862 589.3475706073875
v 692.8370475769043 1387.183612304084 661.8359382742603
v 822.1853256225586 1531.8926141431211 601.5469194300839
v 711.5965843200684 1510.7743574354681 616.4281988424951
v 692.8370475769043 1387.183612304084 661.8359382742603
v 945.3144073486328 1367.2179547596472 590.5588495092045
v 822.1853256225586 1531.8926141431211 601.5469194300839
v 459.5224380493164 1322.6575382686558 697.867382630773
v 582.5684070587158 1253.648529756916 750.4915203505217
v 692.8370475769043 1387.183612304084 661.8359382742603
v 459.5224380493164 1322.6575382686558 697.867382630773
v 692.8370475769043 1387.183612304084 661.8359382742603
v 711.5965843200684 1510.7743574354681 616.4281988424951
v 899.1029739379883 1383.9047479470526 -321.86883298857055
v 963.9837265014648 1528.12757893217 -290.64217077206547
v 1013.9446258544922 1381.2672747560975 -259.2885115569358
v 582.5684070587158 1253.648529756916 750.4915203505217
v 459.5224380493164 1322.6575382686558 697.867382630773
v 434.8309516906738 1278.6304014290602 693.4744310091955
v 434.8309516906738 1278.6304014290602 693.4744310091955
v 427.2846221923828 1407.2951638616728 598.0101874058047
v 375.9622573852539 1346.8969591963398 526.8678582495155
v 434.8309516906738 1278.6304014290602 693.4744310091955
v 375.9622573852539 1346.8969591963398 526.8678582495155
v 381.9141387939453 1255.1561683675118 563.9418153058625
v 427.2846221923828 1407.2951638616728 598.0101874058047
v 434.8309516906738 1278.6304014290602 693.4744310091955
v 459.5224380493164 1322.6575382686558 697.867382630773
v 1022.8482246398926 1257.70484508614 -278.3707544339067
v 959.06982421875 1178.2982860187328 -384.34806080856544
v 899.1029739379883 1383.9047479470526 -321.86883298857055
v 1022.8482246398926 1257.70484508614 -278.3707544339067
v 899.1029739379883 1383.9047479470526 -321.86883298857055
v 1013.9446258544922 1381.2672747560975 -259.2885115569358
v 973.5318183898926 1613.35088222111 515.1773492926991
v 1084.8546981811523 1604.051007189122 329.95368210798404
v 938.7527465820312 1669.6201225490006 351.6802331471755
v 423.2074737548828 1195.865489629186 671.2862085596419
v 434.8309516906738 1278.6304014290602 693.4744310091955
v 381.9141387939453 1255.1561683675118 563.9418153058625
v 423.2074737548828 1195.865489629186 671.2862085596419
v 381.9141387939453 1255.1561683675118 563.9418153058625
v 393.99497509002686 1170.5274926394804 554.5893813941785
v 1113.0626678466797 1503.4248779507868 -8.646221250691596
v 1202.9877662658691 1506.3122478773353 182.37226604167014
v 1232.5942039489746 1418.633625161018 163.63167215555006
v 1041.0927772521973 1542.9230776715792 457.60528202107236
v 1192.4247741699219 1470.5188559493754 231.9237084400349
v 1084.8546981811523 1604.051007189122 329.95368210798404
v 1101.979637145996 1372.74457152813 433.7150488220772
v 1192.4247741699219 1470.5188559493754 231.9237084400349
v 1041.0927772521973 1542.9230776715792 457.60528202107236
v 1052.8070449829102 1460.0618631253178 572.0382917092611
v 822.1853256225586 1531.8926141431211 601.5469194300839
v 1020.1871871948242 1391.42621472611 599.5836090550057
v 963.9837265014648 1528.12757893217 -290.64217077206547
v 1023.2662200927734 1617.1485226298043 -90.09801111128027
v 1069.6642875671387 1494.3951898406985 -112.01961662108066
v 963.9837265014648 1528.12757893217 -290.64217077206547
v 1069.6642875671387 1494.3951898406985 -112.01961662108066
v 1013.9446258544922 1381.2672747560975 -259.2885115569358
v 1048.1767654418945 1654.682118947018 120.27884727702893
v 1113.0626678466797 1503.4248779507868 -8.646221250691596
v 1069.6642875671387 1494.3951898406985 -112.01961662108066
v 1182.1701049804688 1253.2717073246577 559.0434583353627
v 1101.979637145996 1372.74457152813 433.7150488220772
v 1076.5602111816406 1395.9675022319882 494.8940139447185
v 1182.1701049804688 1253.2717073246577 559.0434583353627
v 1076.5602111816406 1395.9675022319882 494.8940139447185
v 1129.6758651733398 1280.7550890579662 668.8546138326606
v 1192.4247741699219 1470.5188559493754 231.9237084400349
v 1202.9877662658691 1506.3122478773353 182.37226604167014
v 1084.8546981811523 1604.051007189122 329.95368210798404
v 1052.8070449829102 1460.0618631253178 572.0382917092611
v 1041.0927772521973 1542.9230776715792 457.60528202107236
v 973.5318183898926 1613.35088222111 515.1773492926991
v 539.8387908935547 1681.2356585882455 158.15271850777657
v 314.68348503112793 1600.934572290138 195.42960399375417
v 505.47423362731934 1682.4470340940873 295.32718884276045
v 539.8387908935547 1681.2356585882455 158.15271850777657
v 505.47423362731934 1682.4470340940873 295.32718884276045
v 630.2271842956543 1731.626471006389 146.30447701256202
v 954.979133605957 933.3360008170099 453.4978411006148
v 1164.7817611694336 1061.625893783806 506.10817171810726
v 1077.3456573486328 1026.361509302094 587.8200858144625
v 954.979133605957 933.3360008170099 453.4978411006148
v 1077.3456573486328 1026.361509302094 587.8200858144625
v 967.6445007324219 982.3804316836531 559.2623629801298
v 954.979133605957 933.3360008170099 453.4978411006148
v 740.710973739624 954.7394133754648 492.5017812868016
v 1054.715347290039 918.1989837267363 358.55735089305296
v 1068.6676025390625 931.6498765917997 244.41958424715207
v 982.0784568786621 872.005550751178 168.092604745893
v 1086.4861488342285 937.4883326489875 -3.2413429853056708
v 1068.6676025390625 931.6498765917997 244.41958424715207
v 1086.4861488342285 937.4883326489875 -3.2413429853056708
v 1121.1358070373535 1011.213374130127 80.10442701308345
v 1077.3456573486328 1026.361509302094 587.8200858144625
v 1164.7817611694336 1061.625893783806 506.10817171810726
v 1129.6758651733398 1280.7550890579662 668.8546138326606
v 854.4428825378418 1672.8158960283613 433.2116592178655
v 794.1874504089355 1767.381438772612 163.082106254958
v 622.9456901550293 1702.5289421601785 348.9386297364781
v 794.1874504089355 1767.381438772612 163.082106254958
v 796.5934753417969 1765.9659865458839 97.17825433081147
v 630.2271842956543 1731.626471006389 146.30447701256202
v 568.8999176025391 1057.7640061425727 627.9525074371609
v 740.710973739624 954.7394133754648 492.5017812868016
v 819.9298858642578 970.1503225138291 563.5792666362366
v 568.8999176025391 1057.7640061425727 627.9525074371609
v 819.9298858642578 970.1503225138291 563.5792666362366
v 673.5965728759766 1049.1940093629235 675.8580474151883
v 1106.6423416137695 1263.271176415305 -124.77371549443063
v 1220.096206665039 1255.1335936460416 57.77219757688922
v 1207.8163146972656 1162.336315101509 40.185437013038396
v 1220.096206665039 1255.1335936460416 57.77219757688922
v 1251.4860153198242 1324.8653181704349 166.2123750497309
v 1239.1307830810547 1161.0360855221809 114.16012747719341
v 1091.0923957824707 1151.4829031847787 -156.02739489289357
v 1080.4222106933594 994.1263527909365 -211.6292309401891
v 1004.6547889709473 1080.9355818959416 -372.51380817237526
v 876.0683059692383 1279.4628620461779 681.080909058986
v 945.3144073486328 1367.2179547596472 590.5588495092045
v 730.0467491149902 1306.021266631738 727.9269121879402
v 876.0683059692383 1279.4628620461779 681.080909058986
v 730.0467491149902 1306.021266631738 727.9269121879402
v 783.6194515228271 1204.6528434436275 732.5325527099787
v 1164.7817611694336 1061.625893783806 506.10817171810726
v 1054.715347290039 918.1989837267363 358.55735089305296
v 1215.6569480895996 1119.759468641483 317.8449686377571
v 1068.6676025390625 931.6498765917997 244.41958424715207
v 1215.6569480895996 1119.759468641483 317.8449686377571
v 1054.715347290039 918.1989837267363 358.55735089305296
v 967.6445007324219 982.3804316836531 559.2623629801298
v 819.9298858642578 970.1503225138291 563.5792666362366
v 954.979133605957 933.3360008170099 453.4978411006148
v 960.7698440551758 996.5921912811824 634.0877884258713
v 819.9298858642578 970.1503225138291 563.5792666362366
v 967.6445007324219 982.3804316836531 559.2623629801298
v 876.0683059692383 1279.4628620461779 681.080909058986
v 1022.9247093200684 1240.9151583362584 692.8006651950939
v 945.3144073486328 1367.2179547596472 590.5588495092045
v 783.6194515228271 1204.6528434436275 732.5325527099787
v 730.0467491149902 1306.021266631738 727.9269121879402
v 582.5684070587158 1253.648529756916 750.4915203505217
v 783.6194515228271 1204.6528434436275 732.5325527099787
v 582.5684070587158 1253.648529756916 750.4915203505217
v 614.0996932983398 1177.1267536743928 746.062619574389
v 907.7431678771973 1716.8147712562554 193.08853263429737
v 794.1874504089355 1767.381438772612 163.082106254958
v 938.7527465820312 1669.6201225490006 351.6802331471755
v 907.7431678771973 1716.8147712562554 193.08853263429737
v 938.7527465820312 1669.6201225490006 351.6802331471755
v 1084.8546981811523 1604.051007189122 329.95368210798404
v 1106.6423416137695 1263.271176415305 -124.77371549443063
v 1022.8482246398926 1257.70484508614 -278.3707544339067
v 1095.8351135253906 1348.0123825603662 -138.8544534985723
v 1232.5942039489746 1418.633625161018 163.63167215555006
v 1106.6423416137695 1263.271176415305 -124.77371549443063
v 1095.8351135253906 1348.0123825603662 -138.8544534985723
v 453.8599967956543 1070.2328024796955 493.34328795723417
v 454.6873092651367 1118.8376897462801 635.4085632004034
v 393.99497509002686 1170.5274926394804 554.5893813941785
v 453.8599967956543 1070.2328024796955 493.34328795723417
v 393.99497509002686 1170.5274926394804 554.5893813941785
v 426.1725902557373 1127.991703653253 490.71705195418633
v 1164.7817611694336 1061.625893783806 506.10817171810726
v 1215.6569480895996 1119.759468641483 317.8449686377571
v 1182.1701049804688 1253.2717073246577 559.0434583353627
v 803.4906387329102 1064.301549201893 705.927967756986
v 673.5965728759766 1049.1940093629235 675.8580474151883
v 819.9298858642578 970.1503225138291 563.5792666362366
v 803.4906387329102 1064.301549201893 705.927967756986
v 819.9298858642578 970.1503225138291 563.5792666362366
v 960.7698440551758 996.5921912811824 634.0877884258713
v 1252.0514488220215 1278.2521243872382 322.6698478048514
v 1215.6569480895996 1119.759468641483 317.8449686377571
v 1239.1307830810547 1161.0360855221809 114.16012747719341
v 1239.1307830810547 1161.0360855221809 114.16012747719341
v 1215.6569480895996 1119.759468641483 317.8449686377571
v 1121.1358070373535 1011.213374130127 80.10442701308345
v 1129.6758651733398 1280.7550890579662 668.8546138326606
v 960.7698440551758 996.5921912811824 634.0877884258713
v 1077.3456573486328 1026.361509302094 587.8200858144625
v 1048.1767654418945 1654.682118947018 120.27884727702893
v 908.0694198608398 1769.422290696457 80.88872819985657
v 907.7431678771973 1716.8147712562554 193.08853263429737
v 908.0694198608398 1769.422290696457 80.88872819985657
v 794.1874504089355 1767.381438772612 163.082106254958
v 907.7431678771973 1716.8147712562554 193.08853263429737
v 973.5318183898926 1613.35088222111 515.1773492926991
v 706.7547798156738 1609.7862464285072 574.3118787686695
v 822.1853256225586 1531.8926141431211 601.5469194300839
v 854.4428825378418 1672.8158960283613 433.2116592178655
v 622.9456901550293 1702.5289421601785 348.9386297364781
v 706.7547798156738 1609.7862464285072 574.3118787686695
v 1068.6676025390625 931.6498765917997 244.41958424715207
v 1054.715347290039 918.1989837267363 358.55735089305296
v 982.0784568786621 872.005550751178 168.092604745893
v 614.0996932983398 1177.1267536743928 746.062619574389
v 466.46032333374023 1173.0933730810052 701.8149466888258
v 673.5965728759766 1049.1940093629235 675.8580474151883
v 614.0996932983398 1177.1267536743928 746.062619574389
v 673.5965728759766 1049.1940093629235 675.8580474151883
v 803.4906387329102 1064.301549201893 705.927967756986
v 893.702220916748 394.5313407295886 65.99032716540216
v 982.6587677001953 432.4609066777308 -48.25155419889096
v 988.5025024414062 565.0495406122195 52.363908065146184
v 893.702220916748 394.5313407295886 65.99032716540216
v 988.5025024414062 565.0495406122195 52.363908065146184
v 860.6316566467285 438.90763286026333 183.03527268879688
v 1004.6547889709473 1080.9355818959416 -372.51380817237526
v 1106.6423416137695 1263.271176415305 -124.77371549443063
v 1091.0923957824707 1151.4829031847787 -156.02739489289357
v 1207.8163146972656 1162.336315101509 40.185437013038396
v 1091.0923957824707 1151.4829031847787 -156.02739489289357
v 1106.6423416137695 1263.271176415305 -124.77371549443063
v 910.3696823120117 1567.7114495869826 -303.58563420460257
v 818.4527397155762 1484.5958778904615 -280.09400282391664
v 866.472053527832 1641.481121085178 -234.67452319918127
v 1101.979637145996 1372.74457152813 433.7150488220772
v 1182.1701049804688 1253.2717073246577 559.0434583353627
v 1234.6807479858398 1345.8277595812772 263.5764369319232
v 1121.1358070373535 1011.213374130127 80.10442701308345
v 1086.4861488342285 937.4883326489875 -3.2413429853056708
v 1118.7152862548828 1109.0309616623383 -74.8088513006028
v 896.1455345153809 1732.7292704664953 -73.12010907366634
v 534.0637683868408 1639.9798922183807 101.66877775347349
v 737.0796203613281 1745.2668636193262 66.90718099198963
v 423.2074737548828 1195.865489629186 671.2862085596419
v 454.6873092651367 1118.8376897462801 635.4085632004034
v 466.46032333374023 1173.0933730810052 701.8149466888258
v 893.702220916748 394.5313407295886 65.99032716540216
v 838.0657196044922 288.9174578753852 160.97286083050994
v 853.3389091491699 262.68483814583954 186.47549753063907
v 893.702220916748 394.5313407295886 65.99032716540216
v 853.3389091491699 262.68483814583954 186.47549753063907
v 941.7360305786133 300.32225563802405 144.1371226460433
v 982.6587677001953 432.4609066777308 -48.25155419889096
v 893.702220916748 394.5313407295886 65.99032716540216
v 941.7360305786133 300.32225563802405 144.1371226460433
v 986.884880065918 259.7671795700117 -252.62954476379633
v 988.5025024414062 565.0495406122195 52.363908065146184
v 982.6587677001953 432.4609066777308 -48.25155419889096
v 986.884880065918 259.7671795700117 -252.62954476379633
v 904.729175567627 254.97165307610237 -424.1234023089401
v 972.4699020385742 494.34959057544387 -468.25232776692815
v 986.884880065918 259.7671795700117 -252.62954476379633
v 972.4699020385742 494.34959057544387 -468.25232776692815
v 1041.14990234375 599.2359107717756 -242.17732022438182
v 853.3389091491699 262.68483814583954 186.47549753063907
v 911.970043182373 261.57523707762783 178.7420813871153
v 941.7360305786133 300.32225563802405 144.1371226460433
v 853.3389091491699 262.68483814583954 186.47549753063907
v 845.8358764648438 128.80112225993375 143.3622614940126
v 911.970043182373 261.57523707762783 178.7420813871153
v 992.5347328186035 319.5746806076288 12.511929717062664
v 941.7360305786133 300.32225563802405 144.1371226460433
v 934.2254638671875 86.75471117182873 -98.4101139930921
v 992.5347328186035 319.5746806076288 12.511929717062664
v 986.884880065918 259.7671795700117 -252.62954476379633
v 982.6587677001953 432.4609066777308 -48.25155419889096
v 934.2254638671875 86.75471117182873 -98.4101139930921
v 892.2122001647949 67.22412951140291 -275.121998402062
v 992.5347328186035 319.5746806076288 12.511929717062664
v 760.7820510864258 1083.320129032421 897.9064132203746
v 574.7488975524902 1211.650435706313 786.1618529126537
v 285.53152084350586 1111.8751351282508 863.1037830115228
v 760.7820510864258 1083.320129032421 897.9064132203746
v 285.53152084350586 1111.8751351282508 863.1037830115228
v 543.0868148803711 913.5018418144251 994.2053180862558
v 784.5054626464844 813.1733686645739 762.3681622251099
v 760.7820510864258 1083.320129032421 897.9064132203746
v 543.0868148803711 913.5018418144251 994.2053180862558
v 784.5054626464844 813.1733686645739 762.3681622251099
v 543.0868148803711 913.5018418144251 994.2053180862558
v 567.5989151000977 673.6105041876763 938.4628976969565
v 1000.7122993469238 1064.1391285543787 632.1182512195135
v 969.7525978088379 1193.8662107534462 700.2589289364226
v 760.7820510864258 1083.320129032421 897.9064132203746
v 1000.7122993469238 1064.1391285543787 632.1182512195135
v 760.7820510864258 1083.320129032421 897.9064132203746
v 784.5054626464844 813.1733686645739 762.3681622251099
v 969.7525978088379 1193.8662107534462 700.2589289364226
v 884.3276023864746 1268.814135968351 688.3351769803254
v 574.7488975524902 1211.650435706313 786.1618529126537
v 969.7525978088379 1193.8662107534462 700.2589289364226
v 574.7488975524902 1211.650435706313 786.1618529126537
v 760.7820510864258 1083.320129032421 897.9064132203746
v 1328.8756370544434 1138.9901311424692 401.97603712598533
v 1593.3141708374023 971.6187242876174 73.18845795269478
v 1483.2588195800781 1154.7759548163465 -49.37471298603865
v 1328.8756370544434 1138.9901311424692 401.97603712598533
v 1483.2588195800781 1154.7759548163465 -49.37471298603865
v 1286.7118835449219 1227.233212234177 261.1948182354521
v 1273.1529235839844 927.0228569221966 372.5864944680741
v 1515.1823043823242 811.2978832625753 130.30729868223108
v 1593.3141708374023 971.6187242876174 73.18845795269478
v 1273.1529235839844 927.0228569221966 372.5864944680741
v 1593.3141708374023 971.6187242876174 73.18845795269478
v 1328.8756370544434 1138.9901311424692 401.97603712598533
v 1108.0503463745117 1032.025462925245 488.71573167990954
v 1273.1529235839844 927.0228569221966 372.5864944680741
v 1328.8756370544434 1138.9901311424692 401.97603712598533
v 1108.0503463745117 1032.025462925245 488.71573167990954
v 1328.8756370544434 1138.9901311424692 401.97603712598533
v 1152.1742820739746 1157.94290413387 569.2925609875231
v 1328.8756370544434 1138.9901311424692 401.97603712598533
v 1286.7118835449219 1227.233212234177 261.1948182354521
v 1139.0257835388184 1278.7069576697788 516.305114095626
v 1152.1742820739746 1157.94290413387 569.2925609875231
v 1328.8756370544434 1138.9901311424692 401.97603712598533
v 1139.0257835388184 1278.7069576697788 516.305114095626
vt 0.1802082359790802 0.6261963248252869
vt 0.08151930570602417 0.6037617325782776
vt 0.22626462578773499 0.7229120433330536
vt 0.31668904423713684 0.08725893497467041
vt 0.3282642364501953 0.10760557651519775
vt 0.24270296096801758 0.1226348876953125
vt 0.3544602394104004 0.4964982271194458
vt 0.48819902539253235 0.5857379138469696
vt 0.2588130533695221 0.5925993323326111
vt 0.7872852683067322 0.5515179634094238
vt 0.8720400929450989 0.5083467364311218
vt 0.8811963796615601 0.46647918224334717
vt 0.4904029965400696 0.1402645707130432
vt 0.5812072157859802 0.21344703435897827
vt 0.46562665700912476 0.1640465259552002
vt 0.10460684448480606 0.6299817562103271
vt 0.06431865692138672 0.5811324119567871
vt 0.0731281191110611 0.5681456923484802
vt 0.0787268579006195 0.22205805778503418
vt 0.09179003536701202 0.25651252269744873
vt 0.1426886022090912 0.17734837532043457
vt 0.3442547917366028 0.4553055167198181
vt 0.3544602394104004 0.4964982271194458
vt 0.2921586334705353 0.46410417556762695
vt 0.4904029965400696 0.1402645707130432
vt 0.40521150827407837 0.09905707836151123
vt 0.4805756211280823 0.12718701362609863
vt 0.48842498660087585 0.276577353477478
vt 0.46976369619369507 0.2895124554634094
vt 0.45858192443847656 0.31632333993911743
vt 0.4693286716938019 0.4702463746070862
vt 0.49006134271621704 0.4043354392051697
vt 0.47886812686920166 0.3634606599807739
vt 0.8806502819061279 0.6255379915237427
vt 0.8062034845352173 0.6791181564331055
vt 0.8506924510002136 0.7256111800670624
vt 0.805325984954834 0.2568123936653137
vt 0.8518182039260864 0.22931510210037231
vt 0.8450415134429932 0.2817000150680542
vt 0.7353025674819946 0.3592301607131958
vt 0.6997363567352295 0.2958458662033081
vt 0.7740347981452942 0.3351919651031494
vt 0.2919972538948059 0.5721470415592194
vt 0.2583608031272888 0.6601501703262329
vt 0.26471251249313354 0.543710857629776
vt 0.8405839800834656 0.5610263347625732
vt 0.8749942779541016 0.6214215457439423
vt 0.8449578881263733 0.6266859769821167
vt 0.4904029965400696 0.1402645707130432
vt 0.4805756211280823 0.12718701362609863
vt 0.6827600002288818 0.26350098848342896
vt 0.6228606700897217 0.22275495529174805
vt 0.4805756211280823 0.12718701362609863
vt 0.4506560266017914 0.11313891410827637
vt 0.38561752438545227 0.7793573588132858
vt 0.3174559473991394 0.7700571119785309
vt 0.4072747528553009 0.8374230414628983
vt 0.3728843629360199 0.44185471534729004
vt 0.2883022427558899 0.33560168743133545
vt 0.38677844405174255 0.4932668209075928
vt 0.40659233927726746 0.3176425099372864
vt 0.3913327753543854 0.3736732602119446
vt 0.43904832005500793 0.3783727288246155
vt 0.023129016160964966 0.39092814922332764
vt 0.03537886589765549 0.48145365715026855
vt 0.026119891554117203 0.38482338190078735
vt 0.041307080537080765 0.4833623170852661
vt 0.03537886589765549 0.48145365715026855
vt 0.023129016160964966 0.39092814922332764
vt 0.6290403604507446 0.7427402436733246
vt 0.5690118670463562 0.6533012390136719
vt 0.6192352175712585 0.6408340036869049
vt 0.3052184283733368 0.5569791197776794
vt 0.28688690066337585 0.6168136894702911
vt 0.3865349292755127 0.5562228560447693
vt 0.17392346262931824 0.5423160791397095
vt 0.28688690066337585 0.6168136894702911
vt 0.3052184283733368 0.5569791197776794
vt 0.581045389175415 0.5459387302398682
vt 0.5965256690979004 0.5985359847545624
vt 0.6725355386734009 0.6352047026157379
vt 0.1426886022090912 0.17734837532043457
vt 0.11894460022449493 0.1790485382080078
vt 0.0787268579006195 0.22205805778503418
vt 0.3472524881362915 0.2352294921875
vt 0.2138272076845169 0.19140350818634033
vt 0.31836339831352234 0.28306466341018677
vt 0.6250542402267456 0.7330637872219086
vt 0.6428928375244141 0.6365621387958527
vt 0.7446593046188354 0.6278577744960785
vt 0.6428928375244141 0.6365621387958527
vt 0.645139217376709 0.5790880024433136
vt 0.7446593046188354 0.6278577744960785
vt 0.48819902539253235 0.5857379138469696
vt 0.5588192939758301 0.6131934225559235
vt 0.37115633487701416 0.6595006585121155
vt 0.3622283637523651 0.1002957820892334
vt 0.3042236566543579 0.11134332418441772
vt 0.39854365587234497 0.17275333404541016
vt 0.3622283637523651 0.1002957820892334
vt 0.39854365587234497 0.17275333404541016
vt 0.4500701427459717 0.14566397666931152
vt 0.09179003536701202 0.25651252269744873
vt 0.0787268579006195 0.22205805778503418
vt 0.05730874091386795 0.3009988069534302
vt 0.7651507258415222 0.7774166315793991
vt 0.7760076522827148 0.8138227015733719
vt 0.8008967638015747 0.7971851080656052
vt 0.13946466147899628 0.30328118801116943
vt 0.38677844405174255 0.4932668209075928
vt 0.2883022427558899 0.33560168743133545
vt 0.1457872837781906 0.672902524471283
vt 0.22626462578773499 0.7229120433330536
vt 0.08151930570602417 0.6037617325782776
vt 0.5425046682357788 0.25561434030532837
vt 0.4438666105270386 0.1805625557899475
vt 0.5104343891143799 0.25637316703796387
vt 0.2919972538948059 0.5721470415592194
vt 0.26471251249313354 0.543710857629776
vt 0.3412264585494995 0.4350079298019409
vt 0.45896872878074646 0.5012247860431671
vt 0.5271061658859253 0.5113054811954498
vt 0.5186836123466492 0.4851991534233093
vt 0.49029695987701416 0.47676748037338257
vt 0.4926775097846985 0.5180099010467529
vt 0.47337210178375244 0.49143683910369873
vt 0.3052184283733368 0.5569791197776794
vt 0.3865349292755127 0.5562228560447693
vt 0.38677844405174255 0.4932668209075928
vt 0.4006732106208801 0.2764040231704712
vt 0.4133376181125641 0.22662222385406494
vt 0.31972798705101013 0.3835318684577942
vt 0.3865349292755127 0.5562228560447693
vt 0.4420453906059265 0.6078916490077972
vt 0.45896872878074646 0.5012247860431671
vt 0.18545980751514435 0.35435307025909424
vt 0.2651468515396118 0.35279232263565063
vt 0.19148339331150055 0.3939724564552307
vt 0.581045389175415 0.5459387302398682
vt 0.6947904229164124 0.5594761967658997
vt 0.6345914602279663 0.5213074088096619
vt 0.6683308482170105 0.7773909568786621
vt 0.6151056885719299 0.6844878494739532
vt 0.6382917761802673 0.8489231765270233
vt 0.8330274820327759 0.21735787391662598
vt 0.7421339750289917 0.21689683198928833
vt 0.8012970089912415 0.22676044702529907
vt 0.9154088497161865 0.4656151533126831
vt 0.9032674431800842 0.5173896253108978
vt 0.911442220211029 0.49581652879714966
vt 0.39854365587234497 0.17275333404541016
vt 0.4438666105270386 0.1805625557899475
vt 0.4500701427459717 0.14566397666931152
vt 0.1784021407365799 0.4888365864753723
vt 0.14310672879219055 0.4089852571487427
vt 0.19148339331150055 0.3939724564552307
vt 0.734921395778656 0.6508390605449677
vt 0.7321067452430725 0.7315402626991272
vt 0.8062034845352173 0.6791181564331055
vt 0.37115633487701416 0.6595006585121155
vt 0.2588130533695221 0.5925993323326111
vt 0.48819902539253235 0.5857379138469696
vt 0.5104343891143799 0.25637316703796387
vt 0.6500964164733887 0.24321162700653076
vt 0.5425046682357788 0.25561434030532837
vt 0.6683308482170105 0.7773909568786621
vt 0.7321067452430725 0.7315402626991272
vt 0.734921395778656 0.6508390605449677
vt 0.4289166331291199 0.28944432735443115
vt 0.5104343891143799 0.25637316703796387
vt 0.4438666105270386 0.1805625557899475
vt 0.35083040595054626 0.7682764232158661
vt 0.37115633487701416 0.6595006585121155
vt 0.5588192939758301 0.6131934225559235
vt 0.6683308482170105 0.7773909568786621
vt 0.734921395778656 0.6508390605449677
vt 0.6151056885719299 0.6844878494739532
vt 0.04660262167453766 0.34285807609558105
vt 0.12485672533512115 0.2694602608680725
vt 0.11952531337738037 0.33120274543762207
vt 0.6315122246742249 0.25873762369155884
vt 0.7285274267196655 0.22817546129226685
vt 0.682708740234375 0.22079581022262573
vt 0.709516167640686 0.621865838766098
vt 0.7450746893882751 0.6361003220081329
vt 0.781345546245575 0.616967111825943
vt 0.46976369619369507 0.2895124554634094
vt 0.5104343891143799 0.25637316703796387
vt 0.4289166331291199 0.28944432735443115
vt 0.7446593046188354 0.6278577744960785
vt 0.7442362308502197 0.7490698397159576
vt 0.6250542402267456 0.7330637872219086
vt 0.0787268579006195 0.22205805778503418
vt 0.05847138911485672 0.26559770107269287
vt 0.029223013669252396 0.3258751630783081
vt 0.6827600002288818 0.26350098848342896
vt 0.6770482063293457 0.3215240240097046
vt 0.5812072157859802 0.21344703435897827
vt 0.8708881139755249 0.32142943143844604
vt 0.8560817241668701 0.39613455533981323
vt 0.8070511817932129 0.35480791330337524
vt 0.08817990124225616 0.4159860610961914
vt 0.05730874091386795 0.3009988069534302
vt 0.026119891554117203 0.38482338190078735
vt 0.6430993676185608 0.39380931854248047
vt 0.6850979924201965 0.4785323143005371
vt 0.7108365297317505 0.4813498258590698
vt 0.46562665700912476 0.1640465259552002
vt 0.3544301688671112 0.15608829259872437
vt 0.28160524368286133 0.21991729736328125
vt 0.6770482063293457 0.3215240240097046
vt 0.677288293838501 0.3731476068496704
vt 0.6202059388160706 0.37366729974746704
vt 0.21696752309799194 0.15788203477859497
vt 0.29992640018463135 0.14432275295257568
vt 0.190268412232399 0.2519696354866028
vt 0.34796690940856934 0.13429170846939087
vt 0.3282642364501953 0.10760557651519775
vt 0.40521150827407837 0.09905707836151123
vt 0.8070511817932129 0.35480791330337524
vt 0.7353025674819946 0.3592301607131958
vt 0.7740347981452942 0.3351919651031494
vt 0.5812072157859802 0.21344703435897827
vt 0.4904029965400696 0.1402645707130432
vt 0.6827600002288818 0.26350098848342896
vt 0.8140367865562439 0.35392510890960693
vt 0.8631012439727783 0.33346349000930786
vt 0.8460599780082703 0.2987281084060669
vt 0.7188149094581604 0.36645686626434326
vt 0.7589515447616577 0.31272953748703003
vt 0.6927403807640076 0.3090555667877197
vt 0.10187069326639175 0.36311614513397217
vt 0.05730874091386795 0.3009988069534302
vt 0.08817990124225616 0.4159860610961914
vt 0.45896872878074646 0.5012247860431671
vt 0.42719489336013794 0.4798719882965088
vt 0.38677844405174255 0.4932668209075928
vt 0.6151056885719299 0.6844878494739532
vt 0.734921395778656 0.6508390605449677
vt 0.6229838132858276 0.6236326396465302
vt 0.40891551971435547 0.3981260061264038
vt 0.32645347714424133 0.34659135341644287
vt 0.3629875183105469 0.3600442409515381
vt 0.07065750658512115 0.5000283122062683
vt 0.1802082359790802 0.6261963248252869
vt 0.17392346262931824 0.5423160791397095
vt 0.3214884102344513 0.34610438346862793
vt 0.1635170727968216 0.2584409713745117
vt 0.13119226694107056 0.32248997688293457
vt 0.1248367503285408 0.37058693170547485
vt 0.14310672879219055 0.4089852571487427
vt 0.11885427683591843 0.421092689037323
vt 0.4005122780799866 0.19083166122436523
vt 0.4550749957561493 0.23345792293548584
vt 0.4462478756904602 0.24004006385803223
vt 0.5534348487854004 0.25121843814849854
vt 0.46976369619369507 0.2895124554634094
vt 0.48842498660087585 0.276577353477478
vt 0.5384495854377747 0.3328556418418884
vt 0.48539674282073975 0.2901265621185303
vt 0.4643899202346802 0.3027248978614807
vt 0.45896872878074646 0.5012247860431671
vt 0.38677844405174255 0.4932668209075928
vt 0.3865349292755127 0.5562228560447693
vt 0.026119891554117203 0.38482338190078735
vt 0.029223013669252396 0.3258751630783081
vt 0.023129016160964966 0.39092814922332764
vt 0.12485672533512115 0.2694602608680725
vt 0.12394373118877411 0.1928982138633728
vt 0.15937915444374084 0.17185598611831665
vt 0.6694496870040894 0.39343345165252686
vt 0.6202059388160706 0.37366729974746704
vt 0.677288293838501 0.3731476068496704
vt 0.3397158086299896 0.22548800706863403
vt 0.29992640018463135 0.14432275295257568
vt 0.37957707047462463 0.14872992038726807
vt 0.4714404344558716 0.4655064344406128
vt 0.47337210178375244 0.49143683910369873
vt 0.4803099036216736 0.5094593167304993
vt 0.45858192443847656 0.31632333993911743
vt 0.463702529668808 0.3095530867576599
vt 0.48842498660087585 0.276577353477478
vt 0.9226368069648743 0.21937626600265503
vt 0.8508754968643188 0.2635273337364197
vt 0.8842899203300476 0.2764018774032593
vt 0.9111778140068054 0.23368418216705322
vt 0.9102783799171448 0.21375977993011475
vt 0.9607477188110352 0.1335005760192871
vt 0.8972824215888977 0.2744285464286804
vt 0.8837910890579224 0.25256121158599854
vt 0.9102783799171448 0.21375977993011475
vt 0.46976369619369507 0.2895124554634094
vt 0.5534348487854004 0.25121843814849854
vt 0.5104343891143799 0.25637316703796387
vt 0.4849955141544342 0.3604447841644287
vt 0.515664279460907 0.36138439178466797
vt 0.4643899202346802 0.3027248978614807
vt 0.515664279460907 0.36138439178466797
vt 0.5384495854377747 0.3328556418418884
vt 0.4643899202346802 0.3027248978614807
vt 0.6009730696678162 0.24685752391815186
vt 0.48539674282073975 0.2901265621185303
vt 0.5384495854377747 0.3328556418418884
vt 0.6009730696678162 0.24685752391815186
vt 0.5349841117858887 0.22625648975372314
vt 0.48539674282073975 0.2901265621185303
vt 0.515664279460907 0.36138439178466797
vt 0.5584304928779602 0.3741646409034729
vt 0.5384495854377747 0.3328556418418884
vt 0.47886812686920166 0.3634606599807739
vt 0.463702529668808 0.3095530867576599
vt 0.45858192443847656 0.31632333993911743
vt 0.8330274820327759 0.21735787391662598
vt 0.875278115272522 0.19238293170928955
vt 0.8881154656410217 0.19598597288131714
vt 0.8518182039260864 0.22931510210037231
vt 0.8330274820327759 0.21735787391662598
vt 0.8881154656410217 0.19598597288131714
vt 0.9111778140068054 0.23368418216705322
vt 0.8972824215888977 0.2744285464286804
vt 0.9102783799171448 0.21375977993011475
vt 0.9226368069648743 0.21937626600265503
vt 0.9111778140068054 0.23368418216705322
vt 0.9607477188110352 0.1335005760192871
vt 0.8842899203300476 0.2764018774032593
vt 0.8972824215888977 0.2744285464286804
vt 0.9111778140068054 0.23368418216705322
vt 0.8837910890579224 0.25256121158599854
vt 0.8881154656410217 0.19598597288131714
vt 0.9102783799171448 0.21375977993011475
vt 0.8837910890579224 0.25256121158599854
vt 0.8972824215888977 0.2744285464286804
vt 0.8708881139755249 0.32142943143844604
vt 0.8450415134429932 0.2817000150680542
vt 0.8837910890579224 0.25256121158599854
vt 0.8708881139755249 0.32142943143844604
vt 0.8330274820327759 0.21735787391662598
vt 0.8012970089912415 0.22676044702529907
vt 0.8624407649040222 0.21647495031356812
vt 0.8624407649040222 0.21647495031356812
vt 0.8012970089912415 0.22676044702529907
vt 0.8508754968643188 0.2635273337364197
vt 0.8508754968643188 0.2635273337364197
vt 0.9226368069648743 0.21937626600265503
vt 0.8624407649040222 0.21647495031356812
vt 0.5534348487854004 0.25121843814849854
vt 0.48842498660087585 0.276577353477478
vt 0.5349841117858887 0.22625648975372314
vt 0.463702529668808 0.3095530867576599
vt 0.4550749957561493 0.23345792293548584
vt 0.48842498660087585 0.276577353477478
vt 0.9109572172164917 0.38366132974624634
vt 0.9022786617279053 0.3456265330314636
vt 0.8995151519775391 0.3323380947113037
vt 0.7596955299377441 0.46789491176605225
vt 0.7910263538360596 0.4714999198913574
vt 0.7675888538360596 0.3967975378036499
vt 0.7396664619445801 0.45026493072509766
vt 0.7596955299377441 0.46789491176605225
vt 0.7675888538360596 0.3967975378036499
vt 0.7108365297317505 0.4813498258590698
vt 0.6947904229164124 0.5594761967658997
vt 0.7393480539321899 0.5591087937355042
vt 0.9029682874679565 0.4141005873680115
vt 0.908856987953186 0.459317684173584
vt 0.9154088497161865 0.4656151533126831
vt 0.9064173698425293 0.39041900634765625
vt 0.9089668393135071 0.42694705724716187
vt 0.9111068248748779 0.43650269508361816
vt 0.6430993676185608 0.39380931854248047
vt 0.6012463569641113 0.3430851697921753
vt 0.5754674077033997 0.3910596966743469
vt 0.4462478756904602 0.24004006385803223
vt 0.4643899202346802 0.3027248978614807
vt 0.48539674282073975 0.2901265621185303
vt 0.4462478756904602 0.24004006385803223
vt 0.463702529668808 0.3095530867576599
vt 0.4643899202346802 0.3027248978614807
vt 0.4462478756904602 0.24004006385803223
vt 0.4550749957561493 0.23345792293548584
vt 0.463702529668808 0.3095530867576599
vt 0.9006595611572266 0.36002975702285767
vt 0.8460599780082703 0.2987281084060669
vt 0.8928499817848206 0.38385099172592163
vt 0.7188149094581604 0.36645686626434326
vt 0.6430993676185608 0.39380931854248047
vt 0.7396664619445801 0.45026493072509766
vt 0.8140367865562439 0.35392510890960693
vt 0.8460599780082703 0.2987281084060669
vt 0.7807921171188354 0.26576316356658936
vt 0.8508754968643188 0.2635273337364197
vt 0.8995151519775391 0.3323380947113037
vt 0.8842899203300476 0.2764018774032593
vt 0.8508754968643188 0.2635273337364197
vt 0.8460599780082703 0.2987281084060669
vt 0.8995151519775391 0.3323380947113037
vt 0.7675888538360596 0.3967975378036499
vt 0.8140367865562439 0.35392510890960693
vt 0.7188149094581604 0.36645686626434326
vt 0.6012463569641113 0.3430851697921753
vt 0.5384495854377747 0.3328556418418884
vt 0.5584304928779602 0.3741646409034729
vt 0.8928499817848206 0.38385099172592163
vt 0.8631012439727783 0.33346349000930786
vt 0.8140367865562439 0.35392510890960693
vt 0.7396664619445801 0.45026493072509766
vt 0.7393480539321899 0.5591087937355042
vt 0.7596955299377441 0.46789491176605225
vt 0.781345546245575 0.616967111825943
vt 0.7872852683067322 0.5515179634094238
vt 0.7393480539321899 0.5591087937355042
vt 0.6315122246742249 0.25873762369155884
vt 0.682708740234375 0.22079581022262573
vt 0.6009730696678162 0.24685752391815186
vt 0.8811963796615601 0.46647918224334717
vt 0.908856987953186 0.459317684173584
vt 0.9029682874679565 0.4141005873680115
vt 0.7581560611724854 0.21481382846832275
vt 0.7421339750289917 0.21689683198928833
vt 0.682708740234375 0.22079581022262573
vt 0.6415693759918213 0.23558223247528076
vt 0.7421339750289917 0.21689683198928833
vt 0.6500964164733887 0.24321162700653076
vt 0.8012970089912415 0.22676044702529907
vt 0.8460599780082703 0.2987281084060669
vt 0.8508754968643188 0.2635273337364197
vt 0.8012970089912415 0.22676044702529907
vt 0.7421339750289917 0.21689683198928833
vt 0.7581560611724854 0.21481382846832275
vt 0.8846791386604309 0.5173824429512024
vt 0.9048312306404114 0.45673471689224243
vt 0.8955783247947693 0.4895673990249634
vt 0.8330274820327759 0.21735787391662598
vt 0.8624407649040222 0.21647495031356812
vt 0.875278115272522 0.19238293170928955
vt 0.9607477188110352 0.1335005760192871
vt 0.8881154656410217 0.19598597288131714
vt 0.875278115272522 0.19238293170928955
vt 0.4755958020687103 0.20338183641433716
vt 0.4550749957561493 0.23345792293548584
vt 0.4005122780799866 0.19083166122436523
vt 0.4755958020687103 0.20338183641433716
vt 0.5349841117858887 0.22625648975372314
vt 0.4550749957561493 0.23345792293548584
vt 0.5349841117858887 0.22625648975372314
vt 0.48842498660087585 0.276577353477478
vt 0.4550749957561493 0.23345792293548584
vt 0.6725355386734009 0.6352047026157379
vt 0.6953965425491333 0.6258511245250702
vt 0.7311111092567444 0.6319628655910492
vt 0.4803099036216736 0.5094593167304993
vt 0.5025695562362671 0.5583554804325104
vt 0.5050578713417053 0.5036591589450836
vt 0.9154088497161865 0.4656151533126831
vt 0.9089668393135071 0.42694705724716187
vt 0.9029682874679565 0.4141005873680115
vt 0.8525000214576721 0.5644686222076416
vt 0.8720400929450989 0.5083467364311218
vt 0.7872852683067322 0.5515179634094238
vt 0.8720400929450989 0.5083467364311218
vt 0.9032674431800842 0.5173896253108978
vt 0.908856987953186 0.459317684173584
vt 0.8525000214576721 0.5644686222076416
vt 0.8089953660964966 0.6001268625259399
vt 0.8666247725486755 0.5447068214416504
vt 0.6947904229164124 0.5594761967658997
vt 0.6725355386734009 0.6352047026157379
vt 0.7393480539321899 0.5591087937355042
vt 0.6009730696678162 0.24685752391815186
vt 0.5384495854377747 0.3328556418418884
vt 0.6315122246742249 0.25873762369155884
vt 0.7581560611724854 0.21481382846832275
vt 0.7285274267196655 0.22817546129226685
vt 0.8012970089912415 0.22676044702529907
vt 0.6927403807640076 0.3090555667877197
vt 0.6012463569641113 0.3430851697921753
vt 0.7188149094581604 0.36645686626434326
vt 0.581045389175415 0.5459387302398682
vt 0.6725355386734009 0.6352047026157379
vt 0.6947904229164124 0.5594761967658997
vt 0.5965256690979004 0.5985359847545624
vt 0.581045389175415 0.5459387302398682
vt 0.5179494619369507 0.5368236303329468
vt 0.8955783247947693 0.4895673990249634
vt 0.9048312306404114 0.45673471689224243
vt 0.911442220211029 0.49581652879714966
vt 0.4849955141544342 0.3604447841644287
vt 0.49006134271621704 0.4043354392051697
vt 0.4917945861816406 0.3970978260040283
vt 0.5349841117858887 0.22625648975372314
vt 0.4462478756904602 0.24004006385803223
vt 0.48539674282073975 0.2901265621185303
vt 0.5349841117858887 0.22625648975372314
vt 0.4755958020687103 0.20338183641433716
vt 0.4462478756904602 0.24004006385803223
vt 0.4755958020687103 0.20338183641433716
vt 0.4005122780799866 0.19083166122436523
vt 0.4462478756904602 0.24004006385803223
vt 0.875278115272522 0.19238293170928955
vt 0.8624407649040222 0.21647495031356812
vt 0.9607477188110352 0.1335005760192871
vt 0.9102783799171448 0.21375977993011475
vt 0.8881154656410217 0.19598597288131714
vt 0.9607477188110352 0.1335005760192871
vt 0.9226368069648743 0.21937626600265503
vt 0.9607477188110352 0.1335005760192871
vt 0.8624407649040222 0.21647495031356812
vt 0.7783435583114624 0.23910051584243774
vt 0.6500964164733887 0.24321162700653076
vt 0.8330274820327759 0.21735787391662598
vt 0.6009730696678162 0.24685752391815186
vt 0.5534348487854004 0.25121843814849854
vt 0.5349841117858887 0.22625648975372314
vt 0.7243517637252808 0.7868000566959381
vt 0.7239219546318054 0.7703369408845901
vt 0.6683308482170105 0.7773909568786621
vt 0.7239219546318054 0.7703369408845901
vt 0.7321067452430725 0.7315402626991272
vt 0.6683308482170105 0.7773909568786621
vt 0.7646236419677734 0.7268309593200684
vt 0.7321067452430725 0.7315402626991272
vt 0.7239219546318054 0.7703369408845901
vt 0.7267898321151733 0.8178550899028778
vt 0.7208195328712463 0.8308583796024323
vt 0.744549572467804 0.7931649386882782
vt 0.7651507258415222 0.7774166315793991
vt 0.80495685338974 0.7562228143215179
vt 0.8137871623039246 0.705124706029892
vt 0.5541186332702637 0.8989700973033905
vt 0.697294294834137 0.8959124088287354
vt 0.6377435326576233 0.9247498065233231
vt 0.80495685338974 0.7562228143215179
vt 0.8194003701210022 0.7669305056333542
vt 0.8506924510002136 0.7256111800670624
vt 0.2921586334705353 0.46410417556762695
vt 0.1784021407365799 0.4888365864753723
vt 0.19148339331150055 0.3939724564552307
vt 0.2921586334705353 0.46410417556762695
vt 0.19148339331150055 0.3939724564552307
vt 0.2651468515396118 0.35279232263565063
vt 0.682708740234375 0.22079581022262573
vt 0.7421339750289917 0.21689683198928833
vt 0.6415693759918213 0.23558223247528076
vt 0.3580719828605652 0.69390469789505
vt 0.38561752438545227 0.7793573588132858
vt 0.49296706914901733 0.8232357203960419
vt 0.3580719828605652 0.69390469789505
vt 0.49296706914901733 0.8232357203960419
vt 0.4647102952003479 0.6947578489780426
vt 0.2738133370876312 0.39298826456069946
vt 0.2088233381509781 0.5138163864612579
vt 0.11718273907899857 0.42466801404953003
vt 0.2738133370876312 0.39298826456069946
vt 0.11718273907899857 0.42466801404953003
vt 0.13119226694107056 0.32248997688293457
vt 0.6704820990562439 0.27288317680358887
vt 0.6228606700897217 0.22275495529174805
vt 0.5876212120056152 0.24411439895629883
vt 0.0731281191110611 0.5681456923484802
vt 0.09476397931575775 0.5368939340114594
vt 0.13092857599258423 0.5952216386795044
vt 0.0731281191110611 0.5681456923484802
vt 0.13092857599258423 0.5952216386795044
vt 0.10460684448480606 0.6299817562103271
vt 0.8370043039321899 0.5911644101142883
vt 0.8846791386604309 0.5173824429512024
vt 0.8955783247947693 0.4895673990249634
vt 0.7446593046188354 0.6278577744960785
vt 0.8453530669212341 0.6261260807514191
vt 0.8227790594100952 0.740494579076767
vt 0.7446593046188354 0.6278577744960785
vt 0.8227790594100952 0.740494579076767
vt 0.7442362308502197 0.7490698397159576
vt 0.3250609040260315 0.5913169980049133
vt 0.2919972538948059 0.5721470415592194
vt 0.3412264585494995 0.4350079298019409
vt 0.3250609040260315 0.5913169980049133
vt 0.3412264585494995 0.4350079298019409
vt 0.39144593477249146 0.47102856636047363
vt 0.4506560266017914 0.11313891410827637
vt 0.3622283637523651 0.1002957820892334
vt 0.4500701427459717 0.14566397666931152
vt 0.13946466147899628 0.30328118801116943
vt 0.10187069326639175 0.36311614513397217
vt 0.21772821247577667 0.43305277824401855
vt 0.13946466147899628 0.30328118801116943
vt 0.21772821247577667 0.43305277824401855
vt 0.38677844405174255 0.4932668209075928
vt 0.10460684448480606 0.6299817562103271
vt 0.1457872837781906 0.672902524471283
vt 0.08151930570602417 0.6037617325782776
vt 0.10460684448480606 0.6299817562103271
vt 0.08151930570602417 0.6037617325782776
vt 0.06431865692138672 0.5811324119567871
vt 0.18822497129440308 0.6818984150886536
vt 0.1457872837781906 0.672902524471283
vt 0.10460684448480606 0.6299817562103271
vt 0.09179003536701202 0.25651252269744873
vt 0.13946466147899628 0.30328118801116943
vt 0.2138272076845169 0.19140350818634033
vt 0.09179003536701202 0.25651252269744873
vt 0.2138272076845169 0.19140350818634033
vt 0.1426886022090912 0.17734837532043457
vt 0.3544602394104004 0.4964982271194458
vt 0.34383052587509155 0.4565902352333069
vt 0.11718273907899857 0.42466801404953003
vt 0.3544602394104004 0.4964982271194458
vt 0.11718273907899857 0.42466801404953003
vt 0.106585793197155 0.480390727519989
vt 0.5885752439498901 0.9185329303145409
vt 0.6377435326576233 0.9247498065233231
vt 0.6382917761802673 0.8489231765270233
vt 0.5885752439498901 0.9185329303145409
vt 0.6382917761802673 0.8489231765270233
vt 0.5771818161010742 0.8472070842981339
vt 0.4506560266017914 0.11313891410827637
vt 0.4805756211280823 0.12718701362609863
vt 0.40521150827407837 0.09905707836151123
vt 0.5885752439498901 0.9185329303145409
vt 0.5771818161010742 0.8472070842981339
vt 0.49296706914901733 0.8232357203960419
vt 0.5885752439498901 0.9185329303145409
vt 0.49296706914901733 0.8232357203960419
vt 0.5134293437004089 0.8964285999536514
vt 0.5885752439498901 0.9185329303145409
vt 0.5134293437004089 0.8964285999536514
vt 0.5541186332702637 0.8989700973033905
vt 0.5885752439498901 0.9185329303145409
vt 0.5541186332702637 0.8989700973033905
vt 0.6377435326576233 0.9247498065233231
vt 0.3616880476474762 0.7581158578395844
vt 0.317678302526474 0.7273405194282532
vt 0.3250609040260315 0.5913169980049133
vt 0.3616880476474762 0.7581158578395844
vt 0.3250609040260315 0.5913169980049133
vt 0.3350992500782013 0.6567037105560303
vt 0.8497777581214905 0.725950300693512
vt 0.8190550208091736 0.7671804577112198
vt 0.8227790594100952 0.740494579076767
vt 0.8497777581214905 0.725950300693512
vt 0.8227790594100952 0.740494579076767
vt 0.859552800655365 0.6979728043079376
vt 0.7740347981452942 0.3351919651031494
vt 0.6997363567352295 0.2958458662033081
vt 0.805325984954834 0.2568123936653137
vt 0.7740347981452942 0.3351919651031494
vt 0.805325984954834 0.2568123936653137
vt 0.8450415134429932 0.2817000150680542
vt 0.19309231638908386 0.671724259853363
vt 0.14386028051376343 0.6100339591503143
vt 0.17348040640354156 0.579977422952652
vt 0.19309231638908386 0.671724259853363
vt 0.17348040640354156 0.579977422952652
vt 0.2583608031272888 0.6601501703262329
vt 0.2583608031272888 0.6601501703262329
vt 0.17348040640354156 0.579977422952652
vt 0.2088233381509781 0.5138163864612579
vt 0.2583608031272888 0.6601501703262329
vt 0.2088233381509781 0.5138163864612579
vt 0.26471251249313354 0.543710857629776
vt 0.3174559473991394 0.7700571119785309
vt 0.22626462578773499 0.7229120433330536
vt 0.18822497129440308 0.6818984150886536
vt 0.3174559473991394 0.7700571119785309
vt 0.18822497129440308 0.6818984150886536
vt 0.35083040595054626 0.7682764232158661
vt 0.6642780303955078 0.23384201526641846
vt 0.4805756211280823 0.12718701362609863
vt 0.6228606700897217 0.22275495529174805
vt 0.6827600002288818 0.26350098848342896
vt 0.4805756211280823 0.12718701362609863
vt 0.6642780303955078 0.23384201526641846
vt 0.35083040595054626 0.7682764232158661
vt 0.4377795457839966 0.8221271187067032
vt 0.4072747528553009 0.8374230414628983
vt 0.35083040595054626 0.7682764232158661
vt 0.4072747528553009 0.8374230414628983
vt 0.3174559473991394 0.7700571119785309
vt 0.3913327753543854 0.3736732602119446
vt 0.3728843629360199 0.44185471534729004
vt 0.42719489336013794 0.4798719882965088
vt 0.3913327753543854 0.3736732602119446
vt 0.42719489336013794 0.4798719882965088
vt 0.43904832005500793 0.3783727288246155
vt 0.3728843629360199 0.44185471534729004
vt 0.3913327753543854 0.3736732602119446
vt 0.2883022427558899 0.33560168743133545
vt 0.40659233927726746 0.3176425099372864
vt 0.31836339831352234 0.28306466341018677
vt 0.2883022427558899 0.33560168743133545
vt 0.40659233927726746 0.3176425099372864
vt 0.2883022427558899 0.33560168743133545
vt 0.3913327753543854 0.3736732602119446
vt 0.3214884102344513 0.34610438346862793
vt 0.2651468515396118 0.35279232263565063
vt 0.2602176368236542 0.3033745288848877
vt 0.3214884102344513 0.34610438346862793
vt 0.2602176368236542 0.3033745288848877
vt 0.3181939125061035 0.29942482709884644
vt 0.026119891554117203 0.38482338190078735
vt 0.03537886589765549 0.48145365715026855
vt 0.07065750658512115 0.5000283122062683
vt 0.3181939125061035 0.29942482709884644
vt 0.2602176368236542 0.3033745288848877
vt 0.27103468775749207 0.23859620094299316
vt 0.3181939125061035 0.29942482709884644
vt 0.27103468775749207 0.23859620094299316
vt 0.3397158086299896 0.22548800706863403
vt 0.3397158086299896 0.22548800706863403
vt 0.28160524368286133 0.21991729736328125
vt 0.1635170727968216 0.2584409713745117
vt 0.3397158086299896 0.22548800706863403
vt 0.1635170727968216 0.2584409713745117
vt 0.31747323274612427 0.2982712388038635
vt 0.40891551971435547 0.3981260061264038
vt 0.5155017971992493 0.36300116777420044
vt 0.6054037809371948 0.4135439395904541
vt 0.40891551971435547 0.3981260061264038
vt 0.6054037809371948 0.4135439395904541
vt 0.5194774270057678 0.47715532779693604
vt 0.3214884102344513 0.34610438346862793
vt 0.31747323274612427 0.2982712388038635
vt 0.1635170727968216 0.2584409713745117
vt 0.5699099898338318 0.6498197615146637
vt 0.5470008254051208 0.5834199488162994
vt 0.5700467824935913 0.5785315930843353
vt 0.5699099898338318 0.6498197615146637
vt 0.5700467824935913 0.5785315930843353
vt 0.5881832838058472 0.5864172577857971
vt 0.5566310286521912 0.5793072283267975
vt 0.6229838132858276 0.6236326396465302
vt 0.6278411746025085 0.6054750084877014
vt 0.5566310286521912 0.5793072283267975
vt 0.6278411746025085 0.6054750084877014
vt 0.5214170217514038 0.5749271214008331
vt 0.6192352175712585 0.6408340036869049
vt 0.5690118670463562 0.6533012390136719
vt 0.5881832838058472 0.5864172577857971
vt 0.6229838132858276 0.6236326396465302
vt 0.5566310286521912 0.5793072283267975
vt 0.6151056885719299 0.6844878494739532
vt 0.5271061658859253 0.5113054811954498
vt 0.5566310286521912 0.5793072283267975
vt 0.5214170217514038 0.5749271214008331
vt 0.5271061658859253 0.5113054811954498
vt 0.5214170217514038 0.5749271214008331
vt 0.4926775097846985 0.5180099010467529
vt 0.5566310286521912 0.5793072283267975
vt 0.5271061658859253 0.5113054811954498
vt 0.45896872878074646 0.5012247860431671
vt 0.5566310286521912 0.5793072283267975
vt 0.45896872878074646 0.5012247860431671
vt 0.4420453906059265 0.6078916490077972
vt 0.4420453906059265 0.6078916490077972
vt 0.5065889954566956 0.6780189871788025
vt 0.6151056885719299 0.6844878494739532
vt 0.4420453906059265 0.6078916490077972
vt 0.6151056885719299 0.6844878494739532
vt 0.5566310286521912 0.5793072283267975
vt 0.17392346262931824 0.5423160791397095
vt 0.1802082359790802 0.6261963248252869
vt 0.2921285629272461 0.6532808542251587
vt 0.17392346262931824 0.5423160791397095
vt 0.2921285629272461 0.6532808542251587
vt 0.28688690066337585 0.6168136894702911
vt 0.32645347714424133 0.34659135341644287
vt 0.4006732106208801 0.2764040231704712
vt 0.44082406163215637 0.32381343841552734
vt 0.32645347714424133 0.34659135341644287
vt 0.44082406163215637 0.32381343841552734
vt 0.3629875183105469 0.3600442409515381
vt 0.4006732106208801 0.2764040231704712
vt 0.32645347714424133 0.34659135341644287
vt 0.3140632212162018 0.3326016664505005
vt 0.10460684448480606 0.6299817562103271
vt 0.13092857599258423 0.5952216386795044
vt 0.196743905544281 0.6436172723770142
vt 0.10460684448480606 0.6299817562103271
vt 0.196743905544281 0.6436172723770142
vt 0.18822497129440308 0.6818984150886536
vt 0.4849955141544342 0.3604447841644287
vt 0.47886812686920166 0.3634606599807739
vt 0.49006134271621704 0.4043354392051697
vt 0.09476397931575775 0.5368939340114594
vt 0.0731281191110611 0.5681456923484802
vt 0.041307080537080765 0.4833623170852661
vt 0.09476397931575775 0.5368939340114594
vt 0.041307080537080765 0.4833623170852661
vt 0.06000693887472153 0.43977534770965576
vt 0.6382917761802673 0.8489231765270233
vt 0.6377435326576233 0.9247498065233231
vt 0.697294294834137 0.8959124088287354
vt 0.6382917761802673 0.8489231765270233
vt 0.697294294834137 0.8959124088287354
vt 0.6683308482170105 0.7773909568786621
vt 0.31668904423713684 0.08725893497467041
vt 0.21152763068675995 0.11742401123046875
vt 0.2583424150943756 0.09950858354568481
vt 0.31668904423713684 0.08725893497467041
vt 0.2583424150943756 0.09950858354568481
vt 0.3622283637523651 0.1002957820892334
vt 0.8016940951347351 0.7972343116998672
vt 0.7753191590309143 0.8130122870206833
vt 0.7442362308502197 0.7490698397159576
vt 0.4289166331291199 0.28944432735443115
vt 0.3472524881362915 0.2352294921875
vt 0.31836339831352234 0.28306466341018677
vt 0.4289166331291199 0.28944432735443115
vt 0.31836339831352234 0.28306466341018677
vt 0.40659233927726746 0.3176425099372864
vt 0.4438666105270386 0.1805625557899475
vt 0.5425046682357788 0.25561434030532837
vt 0.5876212120056152 0.24411439895629883
vt 0.4438666105270386 0.1805625557899475
vt 0.5876212120056152 0.24411439895629883
vt 0.5408101081848145 0.19294750690460205
vt 0.7413655519485474 0.6194204092025757
vt 0.734921395778656 0.6508390605449677
vt 0.8172779679298401 0.6125913858413696
vt 0.7413655519485474 0.6194204092025757
vt 0.8172779679298401 0.6125913858413696
vt 0.8370043039321899 0.5911644101142883
vt 0.4500701427459717 0.14566397666931152
vt 0.4438666105270386 0.1805625557899475
vt 0.5408101081848145 0.19294750690460205
vt 0.8062034845352173 0.6791181564331055
vt 0.8172779679298401 0.6125913858413696
vt 0.734921395778656 0.6508390605449677
vt 0.11952531337738037 0.33120274543762207
vt 0.12485672533512115 0.2694602608680725
vt 0.190268412232399 0.2519696354866028
vt 0.11952531337738037 0.33120274543762207
vt 0.190268412232399 0.2519696354866028
vt 0.18236719071865082 0.3163086175918579
vt 0.18236719071865082 0.3163086175918579
vt 0.18545980751514435 0.35435307025909424
vt 0.1248367503285408 0.37058693170547485
vt 0.18236719071865082 0.3163086175918579
vt 0.1248367503285408 0.37058693170547485
vt 0.11952531337738037 0.33120274543762207
vt 0.05730874091386795 0.3009988069534302
vt 0.10187069326639175 0.36311614513397217
vt 0.13946466147899628 0.30328118801116943
vt 0.05730874091386795 0.3009988069534302
vt 0.13946466147899628 0.30328118801116943
vt 0.09179003536701202 0.25651252269744873
vt 0.6315122246742249 0.25873762369155884
vt 0.5384495854377747 0.3328556418418884
vt 0.6012463569641113 0.3430851697921753
vt 0.14323927462100983 0.5007615387439728
vt 0.1784021407365799 0.4888365864753723
vt 0.17720970511436462 0.5563909709453583
vt 0.40521150827407837 0.09905707836151123
vt 0.31668904423713684 0.08725893497467041
vt 0.3622283637523651 0.1002957820892334
vt 0.40521150827407837 0.09905707836151123
vt 0.3622283637523651 0.1002957820892334
vt 0.4506560266017914 0.11313891410827637
vt 0.34383052587509155 0.4565902352333069
vt 0.3214884102344513 0.34610438346862793
vt 0.13119226694107056 0.32248997688293457
vt 0.34383052587509155 0.4565902352333069
vt 0.13119226694107056 0.32248997688293457
vt 0.11718273907899857 0.42466801404953003
vt 0.31668904423713684 0.08725893497467041
vt 0.40521150827407837 0.09905707836151123
vt 0.3282642364501953 0.10760557651519775
vt 0.2921586334705353 0.46410417556762695
vt 0.2651468515396118 0.35279232263565063
vt 0.3214884102344513 0.34610438346862793
vt 0.2921586334705353 0.46410417556762695
vt 0.3214884102344513 0.34610438346862793
vt 0.3442547917366028 0.4553055167198181
vt 0.106585793197155 0.480390727519989
vt 0.17348040640354156 0.579977422952652
vt 0.14386028051376343 0.6100339591503143
vt 0.106585793197155 0.480390727519989
vt 0.14386028051376343 0.6100339591503143
vt 0.07224645465612411 0.5008600652217865
vt 0.2088233381509781 0.5138163864612579
vt 0.17348040640354156 0.579977422952652
vt 0.106585793197155 0.480390727519989
vt 0.2088233381509781 0.5138163864612579
vt 0.106585793197155 0.480390727519989
vt 0.11718273907899857 0.42466801404953003
vt 0.6997363567352295 0.2958458662033081
vt 0.6642780303955078 0.23384201526641846
vt 0.6228606700897217 0.22275495529174805
vt 0.6997363567352295 0.2958458662033081
vt 0.6228606700897217 0.22275495529174805
vt 0.6704820990562439 0.27288317680358887
vt 0.7353025674819946 0.3592301607131958
vt 0.6827600002288818 0.26350098848342896
vt 0.6642780303955078 0.23384201526641846
vt 0.7353025674819946 0.3592301607131958
vt 0.6642780303955078 0.23384201526641846
vt 0.6997363567352295 0.2958458662033081
vt 0.6796079874038696 0.8878813609480858
vt 0.6011236310005188 0.8958165198564529
vt 0.5346327424049377 0.8156661987304688
vt 0.6796079874038696 0.8878813609480858
vt 0.5346327424049377 0.8156661987304688
vt 0.6892737746238708 0.8499436378479004
vt 0.39144593477249146 0.47102856636047363
vt 0.38801470398902893 0.5558798611164093
vt 0.3350992500782013 0.6567037105560303
vt 0.39144593477249146 0.47102856636047363
vt 0.3350992500782013 0.6567037105560303
vt 0.3250609040260315 0.5913169980049133
vt 0.8016940951347351 0.7972343116998672
vt 0.7442362308502197 0.7490698397159576
vt 0.8227790594100952 0.740494579076767
vt 0.8016940951347351 0.7972343116998672
vt 0.8227790594100952 0.740494579076767
vt 0.8190550208091736 0.7671804577112198
vt 0.40659233927726746 0.3176425099372864
vt 0.45858192443847656 0.31632333993911743
vt 0.46976369619369507 0.2895124554634094
vt 0.40659233927726746 0.3176425099372864
vt 0.46976369619369507 0.2895124554634094
vt 0.4289166331291199 0.28944432735443115
vt 0.5771818161010742 0.8472070842981339
vt 0.5065889954566956 0.6780189871788025
vt 0.4647102952003479 0.6947578489780426
vt 0.5771818161010742 0.8472070842981339
vt 0.4647102952003479 0.6947578489780426
vt 0.49296706914901733 0.8232357203960419
vt 0.6151056885719299 0.6844878494739532
vt 0.5065889954566956 0.6780189871788025
vt 0.5771818161010742 0.8472070842981339
vt 0.6151056885719299 0.6844878494739532
vt 0.5771818161010742 0.8472070842981339
vt 0.6382917761802673 0.8489231765270233
vt 0.5134293437004089 0.8964285999536514
vt 0.4072747528553009 0.8374230414628983
vt 0.4377795457839966 0.8221271187067032
vt 0.5134293437004089 0.8964285999536514
vt 0.4377795457839966 0.8221271187067032
vt 0.5541186332702637 0.8989700973033905
vt 0.49296706914901733 0.8232357203960419
vt 0.38561752438545227 0.7793573588132858
vt 0.4072747528553009 0.8374230414628983
vt 0.49296706914901733 0.8232357203960419
vt 0.4072747528553009 0.8374230414628983
vt 0.5134293437004089 0.8964285999536514
vt 0.13946466147899628 0.30328118801116943
vt 0.2883022427558899 0.33560168743133545
vt 0.31836339831352234 0.28306466341018677
vt 0.13946466147899628 0.30328118801116943
vt 0.31836339831352234 0.28306466341018677
vt 0.2138272076845169 0.19140350818634033
vt 0.859552800655365 0.6979728043079376
vt 0.8227790594100952 0.740494579076767
vt 0.8453530669212341 0.6261260807514191
vt 0.859552800655365 0.6979728043079376
vt 0.8453530669212341 0.6261260807514191
vt 0.8746264576911926 0.6229541003704071
vt 0.2919972538948059 0.5721470415592194
vt 0.3250609040260315 0.5913169980049133
vt 0.317678302526474 0.7273405194282532
vt 0.2919972538948059 0.5721470415592194
vt 0.317678302526474 0.7273405194282532
vt 0.2583608031272888 0.6601501703262329
vt 0.45858192443847656 0.31632333993911743
vt 0.40659233927726746 0.3176425099372864
vt 0.43904832005500793 0.3783727288246155
vt 0.45858192443847656 0.31632333993911743
vt 0.43904832005500793 0.3783727288246155
vt 0.47886812686920166 0.3634606599807739
vt 0.18822497129440308 0.6818984150886536
vt 0.22626462578773499 0.7229120433330536
vt 0.1457872837781906 0.672902524471283
vt 0.4693286716938019 0.4702463746070862
vt 0.47886812686920166 0.3634606599807739
vt 0.43904832005500793 0.3783727288246155
vt 0.4693286716938019 0.4702463746070862
vt 0.43904832005500793 0.3783727288246155
vt 0.42719489336013794 0.4798719882965088
vt 0.3174559473991394 0.7700571119785309
vt 0.2921285629272461 0.6532808542251587
vt 0.1802082359790802 0.6261963248252869
vt 0.3174559473991394 0.7700571119785309
vt 0.1802082359790802 0.6261963248252869
vt 0.22626462578773499 0.7229120433330536
vt 0.35083040595054626 0.7682764232158661
vt 0.18822497129440308 0.6818984150886536
vt 0.196743905544281 0.6436172723770142
vt 0.38561752438545227 0.7793573588132858
vt 0.3580719828605652 0.69390469789505
vt 0.2921285629272461 0.6532808542251587
vt 0.38561752438545227 0.7793573588132858
vt 0.2921285629272461 0.6532808542251587
vt 0.3174559473991394 0.7700571119785309
vt 0.9111068248748779 0.43650269508361816
vt 0.88320392370224 0.442288339138031
vt 0.8560817241668701 0.39613455533981323
vt 0.9111068248748779 0.43650269508361816
vt 0.8560817241668701 0.39613455533981323
vt 0.9000390768051147 0.3943834900856018
vt 0.26471251249313354 0.543710857629776
vt 0.2088233381509781 0.5138163864612579
vt 0.2738133370876312 0.39298826456069946
vt 0.06431865692138672 0.5811324119567871
vt 0.041307080537080765 0.4833623170852661
vt 0.0731281191110611 0.5681456923484802
vt 0.3397158086299896 0.22548800706863403
vt 0.27103468775749207 0.23859620094299316
vt 0.29992640018463135 0.14432275295257568
vt 0.5155017971992493 0.36300116777420044
vt 0.6202059388160706 0.37366729974746704
vt 0.6694496870040894 0.39343345165252686
vt 0.5155017971992493 0.36300116777420044
vt 0.6694496870040894 0.39343345165252686
vt 0.6054037809371948 0.4135439395904541
vt 0.3140632212162018 0.3326016664505005
vt 0.1635170727968216 0.2584409713745117
vt 0.28160524368286133 0.21991729736328125
vt 0.3140632212162018 0.3326016664505005
vt 0.28160524368286133 0.21991729736328125
vt 0.4006732106208801 0.2764040231704712
vt 0.1832597404718399 0.4891092777252197
vt 0.17392346262931824 0.5423160791397095
vt 0.3052184283733368 0.5569791197776794
vt 0.31972798705101013 0.3835318684577942
vt 0.44082406163215637 0.32381343841552734
vt 0.4006732106208801 0.2764040231704712
vt 0.13119226694107056 0.32248997688293457
vt 0.1635170727968216 0.2584409713745117
vt 0.3140632212162018 0.3326016664505005
vt 0.13119226694107056 0.32248997688293457
vt 0.3140632212162018 0.3326016664505005
vt 0.2738133370876312 0.39298826456069946
vt 0.4647102952003479 0.6947578489780426
vt 0.5065889954566956 0.6780189871788025
vt 0.2921285629272461 0.6532808542251587
vt 0.4647102952003479 0.6947578489780426
vt 0.2921285629272461 0.6532808542251587
vt 0.3580719828605652 0.69390469789505
vt 0.3865349292755127 0.5562228560447693
vt 0.28688690066337585 0.6168136894702911
vt 0.4420453906059265 0.6078916490077972
vt 0.3629875183105469 0.3600442409515381
vt 0.44082406163215637 0.32381343841552734
vt 0.5155017971992493 0.36300116777420044
vt 0.3629875183105469 0.3600442409515381
vt 0.5155017971992493 0.36300116777420044
vt 0.40891551971435547 0.3981260061264038
vt 0.07065750658512115 0.5000283122062683
vt 0.08151930570602417 0.6037617325782776
vt 0.1802082359790802 0.6261963248252869
vt 0.6278411746025085 0.6054750084877014
vt 0.709516167640686 0.621865838766098
vt 0.6404339075088501 0.6129900813102722
vt 0.39144593477249146 0.47102856636047363
vt 0.3412264585494995 0.4350079298019409
vt 0.32645347714424133 0.34659135341644287
vt 0.39144593477249146 0.47102856636047363
vt 0.32645347714424133 0.34659135341644287
vt 0.40891551971435547 0.3981260061264038
vt 0.2602176368236542 0.3033745288848877
vt 0.18236719071865082 0.3163086175918579
vt 0.190268412232399 0.2519696354866028
vt 0.2602176368236542 0.3033745288848877
vt 0.190268412232399 0.2519696354866028
vt 0.27103468775749207 0.23859620094299316
vt 0.4803099036216736 0.5094593167304993
vt 0.4926775097846985 0.5180099010467529
vt 0.5214170217514038 0.5749271214008331
vt 0.4803099036216736 0.5094593167304993
vt 0.5214170217514038 0.5749271214008331
vt 0.5562371611595154 0.5800794064998627
vt 0.2921586334705353 0.46410417556762695
vt 0.3544602394104004 0.4964982271194458
vt 0.17720970511436462 0.5563909709453583
vt 0.2921586334705353 0.46410417556762695
vt 0.17720970511436462 0.5563909709453583
vt 0.1784021407365799 0.4888365864753723
vt 0.2588130533695221 0.5925993323326111
vt 0.17720970511436462 0.5563909709453583
vt 0.3544602394104004 0.4964982271194458
vt 0.6228606700897217 0.22275495529174805
vt 0.4506560266017914 0.11313891410827637
vt 0.4500701427459717 0.14566397666931152
vt 0.6228606700897217 0.22275495529174805
vt 0.4500701427459717 0.14566397666931152
vt 0.5408101081848145 0.19294750690460205
vt 0.3042236566543579 0.11134332418441772
vt 0.3622283637523651 0.1002957820892334
vt 0.2583424150943756 0.09950858354568481
vt 0.7442362308502197 0.7490698397159576
vt 0.7753191590309143 0.8130122870206833
vt 0.7216773629188538 0.8300469815731049
vt 0.7783435583114624 0.23910051584243774
vt 0.6704820990562439 0.27288317680358887
vt 0.6500964164733887 0.24321162700653076
vt 0.8370043039321899 0.5911644101142883
vt 0.8172779679298401 0.6125913858413696
vt 0.8878567814826965 0.5568574965000153
vt 0.8370043039321899 0.5911644101142883
vt 0.8878567814826965 0.5568574965000153
vt 0.8846791386604309 0.5173824429512024
vt 0.5408101081848145 0.19294750690460205
vt 0.5876212120056152 0.24411439895629883
vt 0.6228606700897217 0.22275495529174805
vt 0.8453530669212341 0.6261260807514191
vt 0.7446593046188354 0.6278577744960785
vt 0.8402301669120789 0.561458021402359
vt 0.8666247725486755 0.5447068214416504
vt 0.8955783247947693 0.4895673990249634
vt 0.911442220211029 0.49581652879714966
vt 0.8666247725486755 0.5447068214416504
vt 0.911442220211029 0.49581652879714966
vt 0.9032674431800842 0.5173896253108978
vt 0.7760076522827148 0.8138227015733719
vt 0.7651507258415222 0.7774166315793991
vt 0.744549572467804 0.7931649386882782
vt 0.7760076522827148 0.8138227015733719
vt 0.744549572467804 0.7931649386882782
vt 0.7208195328712463 0.8308583796024323
vt 0.8811963796615601 0.46647918224334717
vt 0.8720400929450989 0.5083467364311218
vt 0.908856987953186 0.459317684173584
vt 0.6704820990562439 0.27288317680358887
vt 0.5876212120056152 0.24411439895629883
vt 0.5425046682357788 0.25561434030532837
vt 0.6704820990562439 0.27288317680358887
vt 0.5425046682357788 0.25561434030532837
vt 0.6500964164733887 0.24321162700653076
vt 0.7267898321151733 0.8178550899028778
vt 0.7243517637252808 0.7868000566959381
vt 0.6683308482170105 0.7773909568786621
vt 0.7267898321151733 0.8178550899028778
vt 0.6683308482170105 0.7773909568786621
vt 0.697294294834137 0.8959124088287354
vt 0.7267898321151733 0.8178550899028778
vt 0.697294294834137 0.8959124088287354
vt 0.7208195328712463 0.8308583796024323
vt 0.11885427683591843 0.421092689037323
vt 0.14310672879219055 0.4089852571487427
vt 0.1784021407365799 0.4888365864753723
vt 0.11885427683591843 0.421092689037323
vt 0.1784021407365799 0.4888365864753723
vt 0.14323927462100983 0.5007615387439728
vt 0.2588130533695221 0.5925993323326111
vt 0.196743905544281 0.6436172723770142
vt 0.13092857599258423 0.5952216386795044
vt 0.2588130533695221 0.5925993323326111
vt 0.13092857599258423 0.5952216386795044
vt 0.17720970511436462 0.5563909709453583
vt 0.17720970511436462 0.5563909709453583
vt 0.13092857599258423 0.5952216386795044
vt 0.09476397931575775 0.5368939340114594
vt 0.17720970511436462 0.5563909709453583
vt 0.09476397931575775 0.5368939340114594
vt 0.14323927462100983 0.5007615387439728
vt 0.21152763068675995 0.11742401123046875
vt 0.11894460022449493 0.1790485382080078
vt 0.1426886022090912 0.17734837532043457
vt 0.21152763068675995 0.11742401123046875
vt 0.1426886022090912 0.17734837532043457
vt 0.2583424150943756 0.09950858354568481
vt 0.2583424150943756 0.09950858354568481
vt 0.1426886022090912 0.17734837532043457
vt 0.2138272076845169 0.19140350818634033
vt 0.2583424150943756 0.09950858354568481
vt 0.2138272076845169 0.19140350818634033
vt 0.3042236566543579 0.11134332418441772
vt 0.7216773629188538 0.8300469815731049
vt 0.6607239842414856 0.8128586113452911
vt 0.6250542402267456 0.7330637872219086
vt 0.7216773629188538 0.8300469815731049
vt 0.6250542402267456 0.7330637872219086
vt 0.7442362308502197 0.7490698397159576
vt 0.5104343891143799 0.25637316703796387
vt 0.5534348487854004 0.25121843814849854
vt 0.6415693759918213 0.23558223247528076
vt 0.5104343891143799 0.25637316703796387
vt 0.6415693759918213 0.23558223247528076
vt 0.6500964164733887 0.24321162700653076
vt 0.4438666105270386 0.1805625557899475
vt 0.39854365587234497 0.17275333404541016
vt 0.3472524881362915 0.2352294921875
vt 0.4438666105270386 0.1805625557899475
vt 0.3472524881362915 0.2352294921875
vt 0.4289166331291199 0.28944432735443115
vt 0.734921395778656 0.6508390605449677
vt 0.7413655519485474 0.6194204092025757
vt 0.6278411746025085 0.6054750084877014
vt 0.734921395778656 0.6508390605449677
vt 0.6278411746025085 0.6054750084877014
vt 0.6229838132858276 0.6236326396465302
vt 0.7446593046188354 0.6278577744960785
vt 0.645139217376709 0.5790880024433136
vt 0.8402301669120789 0.561458021402359
vt 0.35083040595054626 0.7682764232158661
vt 0.196743905544281 0.6436172723770142
vt 0.37115633487701416 0.6595006585121155
vt 0.11952531337738037 0.33120274543762207
vt 0.1248367503285408 0.37058693170547485
vt 0.06000693887472153 0.43977534770965576
vt 0.11952531337738037 0.33120274543762207
vt 0.06000693887472153 0.43977534770965576
vt 0.04660262167453766 0.34285807609558105
vt 0.14323927462100983 0.5007615387439728
vt 0.09476397931575775 0.5368939340114594
vt 0.06000693887472153 0.43977534770965576
vt 0.14323927462100983 0.5007615387439728
vt 0.06000693887472153 0.43977534770965576
vt 0.11885427683591843 0.421092689037323
vt 0.6927403807640076 0.3090555667877197
vt 0.7589515447616577 0.31272953748703003
vt 0.7285274267196655 0.22817546129226685
vt 0.6278411746025085 0.6054750084877014
vt 0.7380857467651367 0.6219590902328491
vt 0.7450746893882751 0.6361003220081329
vt 0.39854365587234497 0.17275333404541016
vt 0.3042236566543579 0.11134332418441772
vt 0.2138272076845169 0.19140350818634033
vt 0.39854365587234497 0.17275333404541016
vt 0.2138272076845169 0.19140350818634033
vt 0.3472524881362915 0.2352294921875
vt 0.196743905544281 0.6436172723770142
vt 0.2588130533695221 0.5925993323326111
vt 0.37115633487701416 0.6595006585121155
vt 0.16503755748271942 0.144492506980896
vt 0.24270296096801758 0.1226348876953125
vt 0.21696752309799194 0.15788203477859497
vt 0.16503755748271942 0.144492506980896
vt 0.21696752309799194 0.15788203477859497
vt 0.15937915444374084 0.17185598611831665
vt 0.11894460022449493 0.1790485382080078
vt 0.21152763068675995 0.11742401123046875
vt 0.16503755748271942 0.144492506980896
vt 0.3052184283733368 0.5569791197776794
vt 0.38677844405174255 0.4932668209075928
vt 0.21772821247577667 0.43305277824401855
vt 0.3052184283733368 0.5569791197776794
vt 0.21772821247577667 0.43305277824401855
vt 0.1832597404718399 0.4891092777252197
vt 0.15937915444374084 0.17185598611831665
vt 0.12394373118877411 0.1928982138633728
vt 0.16503755748271942 0.144492506980896
vt 0.6770482063293457 0.3215240240097046
vt 0.5901153683662415 0.2678423523902893
vt 0.5812072157859802 0.21344703435897827
vt 0.4848085343837738 0.44426798820495605
vt 0.4693286716938019 0.4702463746070862
vt 0.45896872878074646 0.5012247860431671
vt 0.4848085343837738 0.44426798820495605
vt 0.45896872878074646 0.5012247860431671
vt 0.49029695987701416 0.47676748037338257
vt 0.7355661988258362 0.3624002933502197
vt 0.7874754667282104 0.40579158067703247
vt 0.6694496870040894 0.39343345165252686
vt 0.7355661988258362 0.3624002933502197
vt 0.6694496870040894 0.39343345165252686
vt 0.677288293838501 0.3731476068496704
vt 0.029223013669252396 0.3258751630783081
vt 0.026119891554117203 0.38482338190078735
vt 0.05730874091386795 0.3009988069534302
vt 0.029223013669252396 0.3258751630783081
vt 0.05730874091386795 0.3009988069534302
vt 0.0787268579006195 0.22205805778503418
vt 0.37957707047462463 0.14872992038726807
vt 0.29992640018463135 0.14432275295257568
vt 0.3282642364501953 0.10760557651519775
vt 0.40521150827407837 0.09905707836151123
vt 0.4904029965400696 0.1402645707130432
vt 0.46562665700912476 0.1640465259552002
vt 0.40521150827407837 0.09905707836151123
vt 0.46562665700912476 0.1640465259552002
vt 0.34796690940856934 0.13429170846939087
vt 0.8708881139755249 0.32142943143844604
vt 0.8070511817932129 0.35480791330337524
vt 0.7740347981452942 0.3351919651031494
vt 0.8708881139755249 0.32142943143844604
vt 0.7740347981452942 0.3351919651031494
vt 0.8450415134429932 0.2817000150680542
vt 0.6704820990562439 0.27288317680358887
vt 0.7783435583114624 0.23910051584243774
vt 0.805325984954834 0.2568123936653137
vt 0.6704820990562439 0.27288317680358887
vt 0.805325984954834 0.2568123936653137
vt 0.6997363567352295 0.2958458662033081
vt 0.49006134271621704 0.4043354392051697
vt 0.4693286716938019 0.4702463746070862
vt 0.4848085343837738 0.44426798820495605
vt 0.3728843629360199 0.44185471534729004
vt 0.38677844405174255 0.4932668209075928
vt 0.42719489336013794 0.4798719882965088
vt 0.21152763068675995 0.11742401123046875
vt 0.31668904423713684 0.08725893497467041
vt 0.24270296096801758 0.1226348876953125
vt 0.21152763068675995 0.11742401123046875
vt 0.24270296096801758 0.1226348876953125
vt 0.16503755748271942 0.144492506980896
vt 0.12394373118877411 0.1928982138633728
vt 0.05847138911485672 0.26559770107269287
vt 0.11894460022449493 0.1790485382080078
vt 0.12394373118877411 0.1928982138633728
vt 0.11894460022449493 0.1790485382080078
vt 0.16503755748271942 0.144492506980896
vt 0.08817990124225616 0.4159860610961914
vt 0.1832597404718399 0.4891092777252197
vt 0.21772821247577667 0.43305277824401855
vt 0.08817990124225616 0.4159860610961914
vt 0.21772821247577667 0.43305277824401855
vt 0.10187069326639175 0.36311614513397217
vt 0.0787268579006195 0.22205805778503418
vt 0.11894460022449493 0.1790485382080078
vt 0.05847138911485672 0.26559770107269287
vt 0.7355661988258362 0.3624002933502197
vt 0.677288293838501 0.3731476068496704
vt 0.6770482063293457 0.3215240240097046
vt 0.7355661988258362 0.3624002933502197
vt 0.6770482063293457 0.3215240240097046
vt 0.6827600002288818 0.26350098848342896
vt 0.46562665700912476 0.1640465259552002
vt 0.5812072157859802 0.21344703435897827
vt 0.5188063383102417 0.21978628635406494
vt 0.29992640018463135 0.14432275295257568
vt 0.21696752309799194 0.15788203477859497
vt 0.24270296096801758 0.1226348876953125
vt 0.29992640018463135 0.14432275295257568
vt 0.24270296096801758 0.1226348876953125
vt 0.3282642364501953 0.10760557651519775
vt 0.8928499817848206 0.38385099172592163
vt 0.8460599780082703 0.2987281084060669
vt 0.8631012439727783 0.33346349000930786
vt 0.8806502819061279 0.6255379915237427
vt 0.8878567814826965 0.5568574965000153
vt 0.8172779679298401 0.6125913858413696
vt 0.8806502819061279 0.6255379915237427
vt 0.8172779679298401 0.6125913858413696
vt 0.8062034845352173 0.6791181564331055
vt 0.45896872878074646 0.5012247860431671
vt 0.4693286716938019 0.4702463746070862
vt 0.42719489336013794 0.4798719882965088
vt 0.06000693887472153 0.43977534770965576
vt 0.1248367503285408 0.37058693170547485
vt 0.11885427683591843 0.421092689037323
vt 0.2651468515396118 0.35279232263565063
vt 0.18545980751514435 0.35435307025909424
vt 0.18236719071865082 0.3163086175918579
vt 0.2651468515396118 0.35279232263565063
vt 0.18236719071865082 0.3163086175918579
vt 0.2602176368236542 0.3033745288848877
vt 0.5065889954566956 0.6780189871788025
vt 0.4420453906059265 0.6078916490077972
vt 0.28688690066337585 0.6168136894702911
vt 0.5065889954566956 0.6780189871788025
vt 0.28688690066337585 0.6168136894702911
vt 0.2921285629272461 0.6532808542251587
vt 0.06000693887472153 0.43977534770965576
vt 0.041307080537080765 0.4833623170852661
vt 0.023129016160964966 0.39092814922332764
vt 0.06000693887472153 0.43977534770965576
vt 0.023129016160964966 0.39092814922332764
vt 0.04660262167453766 0.34285807609558105
vt 0.1248367503285408 0.37058693170547485
vt 0.18545980751514435 0.35435307025909424
vt 0.19148339331150055 0.3939724564552307
vt 0.1248367503285408 0.37058693170547485
vt 0.19148339331150055 0.3939724564552307
vt 0.14310672879219055 0.4089852571487427
vt 0.26471251249313354 0.543710857629776
vt 0.2738133370876312 0.39298826456069946
vt 0.3140632212162018 0.3326016664505005
vt 0.26471251249313354 0.543710857629776
vt 0.3140632212162018 0.3326016664505005
vt 0.32645347714424133 0.34659135341644287
vt 0.38801470398902893 0.5558798611164093
vt 0.39144593477249146 0.47102856636047363
vt 0.40891551971435547 0.3981260061264038
vt 0.38801470398902893 0.5558798611164093
vt 0.40891551971435547 0.3981260061264038
vt 0.5194774270057678 0.47715532779693604
vt 0.3412264585494995 0.4350079298019409
vt 0.26471251249313354 0.543710857629776
vt 0.32645347714424133 0.34659135341644287
vt 0.03537886589765549 0.48145365715026855
vt 0.06431865692138672 0.5811324119567871
vt 0.08151930570602417 0.6037617325782776
vt 0.03537886589765549 0.48145365715026855
vt 0.08151930570602417 0.6037617325782776
vt 0.07065750658512115 0.5000283122062683
vt 0.6290403604507446 0.7427402436733246
vt 0.530616283416748 0.7070917189121246
vt 0.5690118670463562 0.6533012390136719
vt 0.6202059388160706 0.37366729974746704
vt 0.5155017971992493 0.36300116777420044
vt 0.44082406163215637 0.32381343841552734
vt 0.6202059388160706 0.37366729974746704
vt 0.44082406163215637 0.32381343841552734
vt 0.31972798705101013 0.3835318684577942
vt 0.041307080537080765 0.4833623170852661
vt 0.06431865692138672 0.5811324119567871
vt 0.03537886589765549 0.48145365715026855
vt 0.190268412232399 0.2519696354866028
vt 0.29992640018463135 0.14432275295257568
vt 0.27103468775749207 0.23859620094299316
vt 0.08817990124225616 0.4159860610961914
vt 0.07065750658512115 0.5000283122062683
vt 0.17392346262931824 0.5423160791397095
vt 0.08817990124225616 0.4159860610961914
vt 0.17392346262931824 0.5423160791397095
vt 0.1832597404718399 0.4891092777252197
vt 0.28160524368286133 0.21991729736328125
vt 0.4133376181125641 0.22662222385406494
vt 0.4006732106208801 0.2764040231704712
vt 0.04660262167453766 0.34285807609558105
vt 0.023129016160964966 0.39092814922332764
vt 0.029223013669252396 0.3258751630783081
vt 0.04660262167453766 0.34285807609558105
vt 0.029223013669252396 0.3258751630783081
vt 0.05847138911485672 0.26559770107269287
vt 0.7108365297317505 0.4813498258590698
vt 0.6850979924201965 0.4785323143005371
vt 0.6947904229164124 0.5594761967658997
vt 0.07065750658512115 0.5000283122062683
vt 0.08817990124225616 0.4159860610961914
vt 0.026119891554117203 0.38482338190078735
vt 0.12394373118877411 0.1928982138633728
vt 0.12485672533512115 0.2694602608680725
vt 0.04660262167453766 0.34285807609558105
vt 0.12394373118877411 0.1928982138633728
vt 0.04660262167453766 0.34285807609558105
vt 0.05847138911485672 0.26559770107269287
vt 0.15937915444374084 0.17185598611831665
vt 0.21696752309799194 0.15788203477859497
vt 0.190268412232399 0.2519696354866028
vt 0.15937915444374084 0.17185598611831665
vt 0.190268412232399 0.2519696354866028
vt 0.12485672533512115 0.2694602608680725
vt 0.34796690940856934 0.13429170846939087
vt 0.42571550607681274 0.15198034048080444
vt 0.27477696537971497 0.21814996004104614
vt 0.34796690940856934 0.13429170846939087
vt 0.27477696537971497 0.21814996004104614
vt 0.329221248626709 0.21627110242843628
vt 0.8706289529800415 0.4070900082588196
vt 0.8811963796615601 0.46647918224334717
vt 0.9029682874679565 0.4141005873680115
vt 0.5050578713417053 0.5036591589450836
vt 0.5662201046943665 0.4986521005630493
vt 0.573136568069458 0.4533426761627197
vt 0.9109572172164917 0.38366132974624634
vt 0.9064173698425293 0.39041900634765625
vt 0.9022786617279053 0.3456265330314636
vt 0.49029695987701416 0.47676748037338257
vt 0.45896872878074646 0.5012247860431671
vt 0.5186836123466492 0.4851991534233093
vt 0.8708881139755249 0.32142943143844604
vt 0.9000390768051147 0.3943834900856018
vt 0.8560817241668701 0.39613455533981323
vt 0.4849955141544342 0.3604447841644287
vt 0.4643899202346802 0.3027248978614807
vt 0.463702529668808 0.3095530867576599
vt 0.4849955141544342 0.3604447841644287
vt 0.463702529668808 0.3095530867576599
vt 0.47886812686920166 0.3634606599807739
vt 0.7910263538360596 0.4714999198913574
vt 0.8811963796615601 0.46647918224334717
vt 0.8706289529800415 0.4070900082588196
vt 0.8837910890579224 0.25256121158599854
vt 0.8518182039260864 0.22931510210037231
vt 0.8881154656410217 0.19598597288131714
vt 0.515664279460907 0.36138439178466797
vt 0.4849955141544342 0.3604447841644287
vt 0.4917945861816406 0.3970978260040283
vt 0.515664279460907 0.36138439178466797
vt 0.4917945861816406 0.3970978260040283
vt 0.5584304928779602 0.3741646409034729
vt 0.8518182039260864 0.22931510210037231
vt 0.805325984954834 0.2568123936653137
vt 0.7783435583114624 0.23910051584243774
vt 0.8518182039260864 0.22931510210037231
vt 0.7783435583114624 0.23910051584243774
vt 0.8330274820327759 0.21735787391662598
vt 0.4917945861816406 0.3970978260040283
vt 0.4799017012119293 0.43716686964035034
vt 0.5754674077033997 0.3910596966743469
vt 0.4917945861816406 0.3970978260040283
vt 0.5754674077033997 0.3910596966743469
vt 0.5584304928779602 0.3741646409034729
vt 0.9226368069648743 0.21937626600265503
vt 0.8842899203300476 0.2764018774032593
vt 0.9111778140068054 0.23368418216705322
vt 0.9006595611572266 0.36002975702285767
vt 0.9109572172164917 0.38366132974624634
vt 0.8995151519775391 0.3323380947113037
vt 0.9029682874679565 0.4141005873680115
vt 0.9109572172164917 0.38366132974624634
vt 0.9006595611572266 0.36002975702285767
vt 0.4714404344558716 0.4655064344406128
vt 0.4803099036216736 0.5094593167304993
vt 0.5050578713417053 0.5036591589450836
vt 0.5662201046943665 0.4986521005630493
vt 0.6850979924201965 0.4785323143005371
vt 0.573136568069458 0.4533426761627197
vt 0.8706289529800415 0.4070900082588196
vt 0.9029682874679565 0.4141005873680115
vt 0.8928499817848206 0.38385099172592163
vt 0.7396664619445801 0.45026493072509766
vt 0.7108365297317505 0.4813498258590698
vt 0.7393480539321899 0.5591087937355042
vt 0.9000390768051147 0.3943834900856018
vt 0.9064173698425293 0.39041900634765625
vt 0.9111068248748779 0.43650269508361816
vt 0.5754674077033997 0.3910596966743469
vt 0.6012463569641113 0.3430851697921753
vt 0.5584304928779602 0.3741646409034729
vt 0.573136568069458 0.4533426761627197
vt 0.6430993676185608 0.39380931854248047
vt 0.5754674077033997 0.3910596966743469
vt 0.573136568069458 0.4533426761627197
vt 0.6850979924201965 0.4785323143005371
vt 0.6430993676185608 0.39380931854248047
vt 0.4799017012119293 0.43716686964035034
vt 0.5050578713417053 0.5036591589450836
vt 0.573136568069458 0.4533426761627197
vt 0.4799017012119293 0.43716686964035034
vt 0.573136568069458 0.4533426761627197
vt 0.5754674077033997 0.3910596966743469
vt 0.8708881139755249 0.32142943143844604
vt 0.8972824215888977 0.2744285464286804
vt 0.9022786617279053 0.3456265330314636
vt 0.5050578713417053 0.5036591589450836
vt 0.4799017012119293 0.43716686964035034
vt 0.4714404344558716 0.4655064344406128
vt 0.4714404344558716 0.4655064344406128
vt 0.4917945861816406 0.3970978260040283
vt 0.49006134271621704 0.4043354392051697
vt 0.4714404344558716 0.4655064344406128
vt 0.49006134271621704 0.4043354392051697
vt 0.4848085343837738 0.44426798820495605
vt 0.4917945861816406 0.3970978260040283
vt 0.4714404344558716 0.4655064344406128
vt 0.4799017012119293 0.43716686964035034
vt 0.9064173698425293 0.39041900634765625
vt 0.9000390768051147 0.3943834900856018
vt 0.8708881139755249 0.32142943143844604
vt 0.9064173698425293 0.39041900634765625
vt 0.8708881139755249 0.32142943143844604
vt 0.9022786617279053 0.3456265330314636
vt 0.7188149094581604 0.36645686626434326
vt 0.8140367865562439 0.35392510890960693
vt 0.7589515447616577 0.31272953748703003
vt 0.47337210178375244 0.49143683910369873
vt 0.4714404344558716 0.4655064344406128
vt 0.4848085343837738 0.44426798820495605
vt 0.47337210178375244 0.49143683910369873
vt 0.4848085343837738 0.44426798820495605
vt 0.49029695987701416 0.47676748037338257
vt 0.9006595611572266 0.36002975702285767
vt 0.8928499817848206 0.38385099172592163
vt 0.9029682874679565 0.4141005873680115
vt 0.7675888538360596 0.3967975378036499
vt 0.8706289529800415 0.4070900082588196
vt 0.8140367865562439 0.35392510890960693
vt 0.7910263538360596 0.4714999198913574
vt 0.8706289529800415 0.4070900082588196
vt 0.7675888538360596 0.3967975378036499
vt 0.7396664619445801 0.45026493072509766
vt 0.6430993676185608 0.39380931854248047
vt 0.7108365297317505 0.4813498258590698
vt 0.8972824215888977 0.2744285464286804
vt 0.8842899203300476 0.2764018774032593
vt 0.8995151519775391 0.3323380947113037
vt 0.8972824215888977 0.2744285464286804
vt 0.8995151519775391 0.3323380947113037
vt 0.9022786617279053 0.3456265330314636
vt 0.8460599780082703 0.2987281084060669
vt 0.9006595611572266 0.36002975702285767
vt 0.8995151519775391 0.3323380947113037
vt 0.7872852683067322 0.5515179634094238
vt 0.7910263538360596 0.4714999198913574
vt 0.7596955299377441 0.46789491176605225
vt 0.7872852683067322 0.5515179634094238
vt 0.7596955299377441 0.46789491176605225
vt 0.7393480539321899 0.5591087937355042
vt 0.8706289529800415 0.4070900082588196
vt 0.8928499817848206 0.38385099172592163
vt 0.8140367865562439 0.35392510890960693
vt 0.7396664619445801 0.45026493072509766
vt 0.7675888538360596 0.3967975378036499
vt 0.7188149094581604 0.36645686626434326
vt 0.6415693759918213 0.23558223247528076
vt 0.5534348487854004 0.25121843814849854
vt 0.6009730696678162 0.24685752391815186
vt 0.6415693759918213 0.23558223247528076
vt 0.6009730696678162 0.24685752391815186
vt 0.682708740234375 0.22079581022262573
vt 0.709516167640686 0.621865838766098
vt 0.781345546245575 0.616967111825943
vt 0.7311111092567444 0.6319628655910492
vt 0.709516167640686 0.621865838766098
vt 0.7311111092567444 0.6319628655910492
vt 0.6953965425491333 0.6258511245250702
vt 0.709516167640686 0.621865838766098
vt 0.6278411746025085 0.6054750084877014
vt 0.7450746893882751 0.6361003220081329
vt 0.8089953660964966 0.6001268625259399
vt 0.741213858127594 0.618751049041748
vt 0.8370043039321899 0.5911644101142883
vt 0.8089953660964966 0.6001268625259399
vt 0.8370043039321899 0.5911644101142883
vt 0.8666247725486755 0.5447068214416504
vt 0.7311111092567444 0.6319628655910492
vt 0.781345546245575 0.616967111825943
vt 0.7393480539321899 0.5591087937355042
vt 0.6927403807640076 0.3090555667877197
vt 0.7285274267196655 0.22817546129226685
vt 0.6315122246742249 0.25873762369155884
vt 0.7285274267196655 0.22817546129226685
vt 0.7581560611724854 0.21481382846832275
vt 0.682708740234375 0.22079581022262573
vt 0.5214170217514038 0.5749271214008331
vt 0.6278411746025085 0.6054750084877014
vt 0.6404339075088501 0.6129900813102722
vt 0.5214170217514038 0.5749271214008331
vt 0.6404339075088501 0.6129900813102722
vt 0.5562371611595154 0.5800794064998627
vt 0.9089668393135071 0.42694705724716187
vt 0.9154088497161865 0.4656151533126831
vt 0.911442220211029 0.49581652879714966
vt 0.9154088497161865 0.4656151533126831
vt 0.908856987953186 0.459317684173584
vt 0.9032674431800842 0.5173896253108978
vt 0.9048312306404114 0.45673471689224243
vt 0.8846791386604309 0.5173824429512024
vt 0.9111068248748779 0.43650269508361816
vt 0.6345914602279663 0.5213074088096619
vt 0.6850979924201965 0.4785323143005371
vt 0.5662201046943665 0.4986521005630493
vt 0.6345914602279663 0.5213074088096619
vt 0.5662201046943665 0.4986521005630493
vt 0.581045389175415 0.5459387302398682
vt 0.781345546245575 0.616967111825943
vt 0.7450746893882751 0.6361003220081329
vt 0.8525000214576721 0.5644686222076416
vt 0.8089953660964966 0.6001268625259399
vt 0.8525000214576721 0.5644686222076416
vt 0.7450746893882751 0.6361003220081329
vt 0.6953965425491333 0.6258511245250702
vt 0.6404339075088501 0.6129900813102722
vt 0.709516167640686 0.621865838766098
vt 0.6725355386734009 0.6352047026157379
vt 0.6404339075088501 0.6129900813102722
vt 0.6953965425491333 0.6258511245250702
vt 0.6345914602279663 0.5213074088096619
vt 0.6947904229164124 0.5594761967658997
vt 0.6850979924201965 0.4785323143005371
vt 0.581045389175415 0.5459387302398682
vt 0.5662201046943665 0.4986521005630493
vt 0.5050578713417053 0.5036591589450836
vt 0.581045389175415 0.5459387302398682
vt 0.5050578713417053 0.5036591589450836
vt 0.5179494619369507 0.5368236303329468
vt 0.7807921171188354 0.26576316356658936
vt 0.7285274267196655 0.22817546129226685
vt 0.7589515447616577 0.31272953748703003
vt 0.7807921171188354 0.26576316356658936
vt 0.7589515447616577 0.31272953748703003
vt 0.8140367865562439 0.35392510890960693
vt 0.9089668393135071 0.42694705724716187
vt 0.9064173698425293 0.39041900634765625
vt 0.9109572172164917 0.38366132974624634
vt 0.9029682874679565 0.4141005873680115
vt 0.9089668393135071 0.42694705724716187
vt 0.9109572172164917 0.38366132974624634
vt 0.5271061658859253 0.5113054811954498
vt 0.4926775097846985 0.5180099010467529
vt 0.49029695987701416 0.47676748037338257
vt 0.5271061658859253 0.5113054811954498
vt 0.49029695987701416 0.47676748037338257
vt 0.5186836123466492 0.4851991534233093
vt 0.781345546245575 0.616967111825943
vt 0.8525000214576721 0.5644686222076416
vt 0.7872852683067322 0.5515179634094238
vt 0.5965256690979004 0.5985359847545624
vt 0.5562371611595154 0.5800794064998627
vt 0.6404339075088501 0.6129900813102722
vt 0.5965256690979004 0.5985359847545624
vt 0.6404339075088501 0.6129900813102722
vt 0.6725355386734009 0.6352047026157379
vt 0.8720400929450989 0.5083467364311218
vt 0.8525000214576721 0.5644686222076416
vt 0.9032674431800842 0.5173896253108978
vt 0.9032674431800842 0.5173896253108978
vt 0.8525000214576721 0.5644686222076416
vt 0.8666247725486755 0.5447068214416504
vt 0.7393480539321899 0.5591087937355042
vt 0.6725355386734009 0.6352047026157379
vt 0.7311111092567444 0.6319628655910492
vt 0.8460599780082703 0.2987281084060669
vt 0.8012970089912415 0.22676044702529907
vt 0.7807921171188354 0.26576316356658936
vt 0.8012970089912415 0.22676044702529907
vt 0.7285274267196655 0.22817546129226685
vt 0.7807921171188354 0.26576316356658936
vt 0.7188149094581604 0.36645686626434326
vt 0.6012463569641113 0.3430851697921753
vt 0.6430993676185608 0.39380931854248047
vt 0.6927403807640076 0.3090555667877197
vt 0.6315122246742249 0.25873762369155884
vt 0.6012463569641113 0.3430851697921753
vt 0.8089953660964966 0.6001268625259399
vt 0.7450746893882751 0.6361003220081329
vt 0.7380857467651367 0.6219590902328491
vt 0.5025695562362671 0.5583554804325104
vt 0.4803099036216736 0.5094593167304993
vt 0.5562371611595154 0.5800794064998627
vt 0.5025695562362671 0.5583554804325104
vt 0.5562371611595154 0.5800794064998627
vt 0.5965256690979004 0.5985359847545624
vt 0.7646236419677734 0.7268309593200684
vt 0.8137871623039246 0.705124706029892
vt 0.8062034845352173 0.6791181564331055
vt 0.7646236419677734 0.7268309593200684
vt 0.8062034845352173 0.6791181564331055
vt 0.7321067452430725 0.7315402626991272
vt 0.9111068248748779 0.43650269508361816
vt 0.9089668393135071 0.42694705724716187
vt 0.9048312306404114 0.45673471689224243
vt 0.911442220211029 0.49581652879714966
vt 0.9048312306404114 0.45673471689224243
vt 0.9089668393135071 0.42694705724716187
vt 0.8837910890579224 0.25256121158599854
vt 0.8450415134429932 0.2817000150680542
vt 0.8518182039260864 0.22931510210037231
vt 0.7910263538360596 0.4714999198913574
vt 0.7872852683067322 0.5515179634094238
vt 0.8811963796615601 0.46647918224334717
vt 0.8666247725486755 0.5447068214416504
vt 0.8370043039321899 0.5911644101142883
vt 0.8955783247947693 0.4895673990249634
vt 0.8330274820327759 0.21735787391662598
vt 0.6500964164733887 0.24321162700653076
vt 0.7421339750289917 0.21689683198928833
vt 0.47337210178375244 0.49143683910369873
vt 0.4926775097846985 0.5180099010467529
vt 0.4803099036216736 0.5094593167304993
vt 0.7646236419677734 0.7268309593200684
vt 0.7239219546318054 0.7703369408845901
vt 0.7243517637252808 0.7868000566959381
vt 0.7646236419677734 0.7268309593200684
vt 0.7243517637252808 0.7868000566959381
vt 0.7651507258415222 0.7774166315793991
vt 0.8137871623039246 0.705124706029892
vt 0.7646236419677734 0.7268309593200684
vt 0.7651507258415222 0.7774166315793991
vt 0.8506924510002136 0.7256111800670624
vt 0.8062034845352173 0.6791181564331055
vt 0.8137871623039246 0.705124706029892
vt 0.6892737746238708 0.8499436378479004
vt 0.5346327424049377 0.8156661987304688
vt 0.530616283416748 0.7070917189121246
vt 0.6892737746238708 0.8499436378479004
vt 0.530616283416748 0.7070917189121246
vt 0.6290403604507446 0.7427402436733246
vt 0.7243517637252808 0.7868000566959381
vt 0.744549572467804 0.7931649386882782
vt 0.7651507258415222 0.7774166315793991
vt 0.7243517637252808 0.7868000566959381
vt 0.7267898321151733 0.8178550899028778
vt 0.744549572467804 0.7931649386882782
vt 0.80495685338974 0.7562228143215179
vt 0.7651507258415222 0.7774166315793991
vt 0.8008967638015747 0.7971851080656052
vt 0.80495685338974 0.7562228143215179
vt 0.8506924510002136 0.7256111800670624
vt 0.8137871623039246 0.705124706029892
vt 0.8008967638015747 0.7971851080656052
vt 0.8194003701210022 0.7669305056333542
vt 0.80495685338974 0.7562228143215179
vt 0.2686515152454376 0.5838626325130463
vt 0.21939896047115326 0.3569873571395874
vt 0.022946864366531372 0.46025365591049194
vt 0.2686515152454376 0.5838626325130463
vt 0.022946864366531372 0.46025365591049194
vt 0.0743483453989029 0.7543209940195084
vt 0.34313324093818665 0.9117530882358551
vt 0.2686515152454376 0.5838626325130463
vt 0.0743483453989029 0.7543209940195084
vt 0.34313324093818665 0.9117530882358551
vt 0.0743483453989029 0.7543209940195084
vt 0.12574982643127441 1.0483883321285248
vt 0.5097354054450989 0.5719928741455078
vt 0.46295469999313354 0.41340428590774536
vt 0.2686515152454376 0.5838626325130463
vt 0.5097354054450989 0.5719928741455078
vt 0.2686515152454376 0.5838626325130463
vt 0.34313324093818665 0.9117530882358551
vt 0.46295469999313354 0.41340428590774536
vt 0.41585105657577515 0.25372105836868286
vt 0.21939896047115326 0.3569873571395874
vt 0.46295469999313354 0.41340428590774536
vt 0.21939896047115326 0.3569873571395874
vt 0.2686515152454376 0.5838626325130463
vt 0.31686943769454956 0.5637220144271851
vt 0.0690721720457077 0.7776423543691635
vt 0.10210254788398743 0.36634719371795654
vt 0.31686943769454956 0.5637220144271851
vt 0.10210254788398743 0.36634719371795654
vt 0.291094571352005 0.3255934715270996
vt 0.34472766518592834 0.8367840200662613
vt 0.13834860920906067 0.9775077924132347
vt 0.0690721720457077 0.7776423543691635
vt 0.34472766518592834 0.8367840200662613
vt 0.0690721720457077 0.7776423543691635
vt 0.31686943769454956 0.5637220144271851
vt 0.5125184059143066 0.6530308723449707
vt 0.34472766518592834 0.8367840200662613
vt 0.31686943769454956 0.5637220144271851
vt 0.5125184059143066 0.6530308723449707
vt 0.31686943769454956 0.5637220144271851
vt 0.4875021278858185 0.4975152015686035
vt 0.31686943769454956 0.5637220144271851
vt 0.291094571352005 0.3255934715270996
vt 0.46231308579444885 0.3409261107444763
vt 0.4875021278858185 0.4975152015686035
vt 0.31686943769454956 0.5637220144271851
vt 0.46231308579444885 0.3409261107444763
vn -0.050080133181932614 -0.24977046386149943 0.9670091497203588
vn -0.2434000044889229 -0.27266669285548867 0.9308111045867701
vn -0.02573443774518522 -0.6528002574890769 0.7570928361410733
vn -0.26310055068390914 0.9329232073354073 -0.2458300011081644
vn -0.35607254203853705 0.7593001783157479 -0.5446793405444047
vn -0.564809729709777 0.7542694483501428 -0.3347649451641259
vn -0.26284384125688914 -0.8694875900777007 -0.41821578857594
vn -0.06596350379192291 -0.981563105726278 -0.17939533339659744
vn -0.13912192691253694 -0.9813070853493627 -0.13297177781499891
vn 0.9187975536802825 0.207624681599942 0.33571274468159706
vn 0.9735808604903761 0.11325007273828484 0.19827942180567354
vn 0.8780216573478755 0.39665394012088423 0.267849997227306
vn 0.10221689506995442 0.6308215368162071 -0.7691657136476485
vn 0.17723312397903873 0.4376045182677006 -0.8815274841752379
vn 0.002883106842948074 0.4487138093010172 -0.8936708594541407
vn -0.3824253523844128 -0.7429984024156261 0.5492760907426111
vn -0.501572940416466 -0.31488788658094724 0.8057730476545891
vn -0.703347655111748 -0.4685290010486525 0.5345864300795123
vn -0.538613073082788 0.6411196257356481 0.5466823419508791
vn -0.2165860684585744 0.6775736928628627 0.7028402134837198
vn -0.28197430044619837 0.8719458350259389 0.40025111451287054
vn -0.30445640858690814 -0.673654720112495 -0.6734208293040226
vn -0.26284384125688914 -0.8694875900777007 -0.41821578857594
vn -0.42688763167361043 -0.8009040602779536 -0.4199043178563233
vn 0.10221689506995442 0.6308215368162071 -0.7691657136476485
vn -0.0655494535785633 0.8276019569642163 -0.5574749052330077
vn 0.1722361940183836 0.793370148938738 -0.5838651387460863
vn -0.875684911051404 0.4453466108115412 -0.18666101037862237
vn -0.449542580156437 0.8569612503169158 0.25204936834192115
vn -0.5045416262346625 0.6421076936531369 0.5771788779468038
vn -0.0525424140440947 0.32562084590950324 0.9440393844727023
vn -0.7278937907473707 0.07965274215185528 0.6810477736980814
vn -0.40146706627566314 0.11318433437850589 0.9088528490065414
vn 0.9957753716842072 -0.0762889159059442 -0.051101961381875664
vn 0.8874770194520869 -0.10090424892685908 0.44966973713265007
vn 0.9458627243025072 -0.2999758735410892 -0.12392813267494922
vn -0.23823873773073703 0.5465804314188061 -0.8028026755277397
vn -0.7510830534612903 0.4567454432094297 -0.47671568771195916
vn -0.23668673409070975 0.28383132952765033 -0.9292035117691064
vn 0.33217416385136345 0.5180481700584479 -0.7882172405934426
vn 0.2893039082473828 0.6300883289132545 -0.7206191410447633
vn -0.053800850474292665 0.42397773992633264 -0.9040731964477222
vn 0.15093888107533163 -0.062057092391507966 -0.9865933161458366
vn 0.08236754973070874 -0.6484217330176725 -0.7568122904008083
vn 0.0496875596886418 -0.09986281485014602 -0.9937598123401817
vn -0.028687045882843324 -0.984011018874538 -0.17578216101757643
vn 0.08236754973070874 -0.6484217330176725 -0.7568122904008083
vn 0.00470943630289357 -0.9821205791830668 -0.1881940199762637
vn 0.10221689506995442 0.6308215368162071 -0.7691657136476485
vn 0.1722361940183836 0.793370148938738 -0.5838651387460863
vn 0.4084687609556847 0.5104034618871105 -0.7567308487282521
vn 0.3088805262546748 0.9059937180431653 -0.28942737148887043
vn 0.1722361940183836 0.793370148938738 -0.5838651387460863
vn 0.1348412748976242 0.9264283394549563 -0.3514944699973467
vn 0.021240898519653006 -0.22659558286731837 0.973757293197385
vn -0.037572679934252916 -0.6584483447434288 0.7516874822871515
vn -0.06746734213684102 -0.6811586594631759 0.7290206021665777
vn -0.1269970825289627 0.4217508563980098 0.8977738892152506
vn 0.016423530066706573 0.6945033339047458 0.7193020136600071
vn 0.008272875722151468 0.5553856399505527 0.8315517725698147
vn -0.26504810279689434 0.7508301822083592 0.6049822647720586
vn -0.2650681906536654 0.42325567362289873 0.8663679870872528
vn 0.006869522828371186 0.42317347277057926 0.9060226385689257
vn -0.7584066313517471 0.07811914325394725 0.647083287513257
vn -0.5338451846134231 -0.05115219200712412 0.8440336321011899
vn -0.4800892658899174 0.22028323738510722 0.8491110599352811
vn -0.7627772108004115 -0.1762470128893939 0.6221799716570042
vn -0.5338451846134231 -0.05115219200712412 0.8440336321011899
vn -0.7584066313517471 0.07811914325394725 0.647083287513257
vn 0.9957753716842072 -0.0762889159059442 -0.051101961381875664
vn 0.6929847035807295 0.04054610976723394 -0.719811234689951
vn 0.9863571157670106 -0.15183107791876993 -0.06361575240307117
vn 0.12355637512510866 0.4205464271295149 0.8988184047929498
vn 0.13168552443110387 0.11511684355487425 0.9845847017830756
vn 0.1450326205240294 0.368878299228389 0.9180927727317669
vn -0.07332540818009292 0.0544474495825915 0.9958206965860741
vn 0.13168552443110387 0.11511684355487425 0.9845847017830756
vn 0.12355637512510866 0.4205464271295149 0.8988184047929498
vn 0.20100665629324213 0.04743456513095115 0.9784407422816407
vn 0.1032098255676503 -0.5028202488932907 0.8582071598449786
vn 0.2337979359267315 -0.7329608137132673 0.6388325059960435
vn -0.28197430044619837 0.8719458350259389 0.40025111451287054
vn -0.5955167285101146 0.7503505830673581 0.2869387191633196
vn -0.538613073082788 0.6411196257356481 0.5466823419508791
vn 0.03742808410931901 0.8930846013202917 0.448329157432886
vn -0.014002336684239048 0.8746746860310165 0.4845081301525538
vn -0.03793508834061781 0.7823394842045063 0.6216959550513552
vn 0.13366829828153579 -0.9748431754411503 0.17836358745644482
vn -0.022340915548974508 -0.9930103957778272 0.11589321537344849
vn -0.0038779634504238054 -0.9994325541613435 -0.03345939452546119
vn -0.022340915548974508 -0.9930103957778272 0.11589321537344849
vn -0.06862277152041653 -0.9789301875775152 0.19231901382418706
vn -0.0038779634504238054 -0.9994325541613435 -0.03345939452546119
vn -0.06596350379192291 -0.981563105726278 -0.17939533339659744
vn -0.028687045882843324 -0.984011018874538 -0.17578216101757643
vn -0.03461479639612185 -0.9979437037067551 -0.053946085145255514
vn 0.020469336992579888 0.9970887200483707 -0.07345128042033146
vn -0.0316833649286345 0.9746512842859416 0.2214746902618077
vn 0.12146041569836007 0.9569639083878617 0.2635667760955655
vn 0.020469336992579888 0.9970887200483707 -0.07345128042033146
vn 0.12146041569836007 0.9569639083878617 0.2635667760955655
vn 0.20199632117206184 0.9787134558832637 -0.03629679746192673
vn -0.2165860684585744 0.6775736928628627 0.7028402134837198
vn -0.538613073082788 0.6411196257356481 0.5466823419508791
vn -0.3908639399449695 0.45511777820048765 0.8000582406403594
vn 0.6479577422908241 0.22729559360105314 0.7269714418977701
vn 0.7490718015458789 -0.6219186995080793 0.22827301051808743
vn 0.7882780314546936 -0.6150233889536515 -0.01907815939440763
vn -0.022713583393792425 0.6909839090581985 0.7225132044136389
vn 0.008272875722151468 0.5553856399505527 0.8315517725698147
vn 0.016423530066706573 0.6945033339047458 0.7193020136600071
vn -0.15441153461904614 -0.671611690567299 0.724634262969897
vn -0.02573443774518522 -0.6528002574890769 0.7570928361410733
vn -0.2434000044889229 -0.27266669285548867 0.9308111045867701
vn -0.01932537806955873 0.971378386110228 -0.23674999632599272
vn 0.14337516547002183 0.9860582270281408 0.08445551987030364
vn -0.3083047241968142 0.9504113975035755 -0.04082122650321968
vn 0.15093888107533163 -0.062057092391507966 -0.9865933161458366
vn 0.0496875596886418 -0.09986281485014602 -0.9937598123401817
vn 0.14690297390558615 0.12377514958821582 -0.9813761911734508
vn 0.1573488773934442 0.32167908487767166 0.9336829746414393
vn -0.16674309713690372 -0.28286543253684093 0.9445548616321549
vn -0.14607089512379343 -0.47739971794901864 0.8664599257322472
vn -0.5968633389327231 -0.31836110996535016 0.736478348832952
vn -0.6441871917102762 -0.6155540946111556 0.4540000205328943
vn -0.8138162332556438 -0.2575561337516446 0.5209299151099891
vn 0.12355637512510866 0.4205464271295149 0.8988184047929498
vn 0.1450326205240294 0.368878299228389 0.9180927727317669
vn 0.008272875722151468 0.5553856399505527 0.8315517725698147
vn 0.18395859827467329 -0.04906273030179314 -0.9817087565139424
vn 0.13267048684163288 0.21030824196202552 -0.968591237459872
vn 0.3555988495067701 0.20483588537827765 -0.9119165083990741
vn 0.1450326205240294 0.368878299228389 0.9180927727317669
vn 0.3068005610812148 0.19188029023204387 0.9322313929174014
vn 0.1573488773934442 0.32167908487767166 0.9336829746414393
vn -0.8944840967784127 -0.24243902915606907 -0.3756614403320761
vn -0.6472922894179297 -0.43485998283222316 -0.6260267465462267
vn -0.7051668177735457 -0.6365823796703244 -0.3122541160727872
vn 0.20100665629324213 0.04743456513095115 0.9784407422816407
vn 0.1624687749222786 0.12779933293105614 0.978402385359741
vn 0.20543371789548517 0.5001065635559743 0.8412433730139408
vn 0.9804388393107719 0.11655909246622767 0.1585990552758617
vn 0.6721098372322761 0.3058928642855583 0.6743129260771888
vn 0.7828606749457513 0.0914056314795256 0.6154463211014523
vn -0.4395300632166058 0.8714762110373879 -0.21758340268670448
vn -0.330410717156028 0.8582080918894464 -0.3928200975050981
vn 0.23142868087738797 0.9668588437569963 0.10781809642280075
vn 0.8941769713005491 0.09628068447773956 -0.43723857765786756
vn 0.9302678166157916 -0.31583894104808413 -0.18667499212940267
vn 0.861503891217552 -0.2705797900176203 -0.42964825456533257
vn 0.12146041569836007 0.9569639083878617 0.2635667760955655
vn 0.14337516547002183 0.9860582270281408 0.08445551987030364
vn 0.20199632117206184 0.9787134558832637 -0.03629679746192673
vn -0.5578236526536839 -0.8049879544113817 -0.202057332934693
vn -0.8126594914011817 -0.57698794536769 -0.08166677375741278
vn -0.7051668177735457 -0.6365823796703244 -0.3122541160727872
vn 0.8645976808194267 -0.07522479755700692 0.4968018520035692
vn 0.9402378999031923 -0.1395536768527981 0.31060821441568387
vn 0.8874770194520869 -0.10090424892685908 0.44966973713265007
vn -0.03461479639612185 -0.9979437037067551 -0.053946085145255514
vn -0.13912192691253694 -0.9813070853493627 -0.13297177781499891
vn -0.06596350379192291 -0.981563105726278 -0.17939533339659744
vn -0.3083047241968142 0.9504113975035755 -0.04082122650321968
vn -0.364666951869902 0.8219468506409656 -0.4375173012982605
vn -0.01932537806955873 0.971378386110228 -0.23674999632599272
vn 0.9804388393107719 0.11655909246622767 0.1585990552758617
vn 0.9402378999031923 -0.1395536768527981 0.31060821441568387
vn 0.8645976808194267 -0.07522479755700692 0.4968018520035692
vn -0.19627585050081814 0.9188796012088959 0.34225147040204384
vn -0.3083047241968142 0.9504113975035755 -0.04082122650321968
vn 0.14337516547002183 0.9860582270281408 0.08445551987030364
vn -0.06862277152041653 -0.9789301875775152 0.19231901382418706
vn -0.03461479639612185 -0.9979437037067551 -0.053946085145255514
vn -0.028687045882843324 -0.984011018874538 -0.17578216101757643
vn 0.9804388393107719 0.11655909246622767 0.1585990552758617
vn 0.8645976808194267 -0.07522479755700692 0.4968018520035692
vn 0.6721098372322761 0.3058928642855583 0.6743129260771888
vn -0.9042006129118297 0.154608978902203 0.3981423303954124
vn -0.949450709161303 0.3133283861994996 -0.019200866509511447
vn -0.9925261512284609 0.1153218813295351 0.03990868093830068
vn -0.1508556286408852 0.9492630932621059 0.2759386871713021
vn 0.012699448291672378 0.9865333234047433 0.16306663001693256
vn -0.36454867904991933 0.9105375355967618 -0.19500168428076328
vn 0.11476254694113895 -0.9602306041675808 0.25453240390870796
vn 0.4403956098674515 -0.873338674339231 0.2081616360256383
vn 0.7898501563369699 -0.512430627786497 0.3369741566363817
vn -0.449542580156437 0.8569612503169158 0.25204936834192115
vn -0.3083047241968142 0.9504113975035755 -0.04082122650321968
vn -0.19627585050081814 0.9188796012088959 0.34225147040204384
vn -0.0038779634504238054 -0.9994325541613435 -0.03345939452546119
vn 0.17918642401496923 -0.9835395657350975 -0.02328407357709157
vn 0.13366829828153579 -0.9748431754411503 0.17836358745644482
vn -0.538613073082788 0.6411196257356481 0.5466823419508791
vn -0.8152322083237629 0.4302714193641891 0.38763765579454085
vn -0.7037721902162742 0.3367532865648454 0.625541308201116
vn 0.4084687609556847 0.5104034618871105 -0.7567308487282521
vn 0.3555988495067701 0.20483588537827765 -0.9119165083990741
vn 0.17723312397903873 0.4376045182677006 -0.8815274841752379
vn 0.15401784864663468 0.2869864086860573 -0.9454720003933177
vn 0.10544467496315822 0.3462853715265731 -0.9321844570623442
vn -0.15208929094230653 0.535501005143359 -0.8307271038500662
vn -0.1787073829114582 0.3164679134334481 0.9316178031038356
vn -0.3908639399449695 0.45511777820048765 0.8000582406403594
vn -0.4800892658899174 0.22028323738510722 0.8491110599352811
vn 0.17215023861866033 0.36171437784374433 0.9162570622945568
vn 0.02678535015979082 0.307614540698375 0.9511339755090998
vn -0.06884237769784181 0.3537793159798189 0.9327920039418001
vn 0.002883106842948074 0.4487138093010172 -0.8936708594541407
vn 0.13267048684163288 0.21030824196202552 -0.968591237459872
vn -0.02328817975258708 0.12527400069891131 -0.9918488218638465
vn 0.3555988495067701 0.20483588537827765 -0.9119165083990741
vn 0.2841820334886574 0.4092287765572525 -0.8670480841797104
vn 0.2300810796914963 0.1657614209068202 -0.9589503887620814
vn -0.7439925509400935 0.5353078968134719 -0.3999006623585282
vn -0.5441999082315782 0.5455239583645289 -0.6373774946850868
vn -0.8545525789961126 0.3419786033495019 -0.3908842854122137
vn -0.21843627940734486 0.5171225175535442 -0.8275686640259893
vn -0.35607254203853705 0.7593001783157479 -0.5446793405444047
vn -0.0655494535785633 0.8276019569642163 -0.5574749052330077
vn -0.15208929094230653 0.535501005143359 -0.8307271038500662
vn 0.33217416385136345 0.5180481700584479 -0.7882172405934426
vn -0.053800850474292665 0.42397773992633264 -0.9040731964477222
vn 0.17723312397903873 0.4376045182677006 -0.8815274841752379
vn 0.10221689506995442 0.6308215368162071 -0.7691657136476485
vn 0.4084687609556847 0.5104034618871105 -0.7567308487282521
vn 0.6789961688927817 0.664837270088159 0.31137695311414676
vn 0.6874792618084834 0.7244767175850834 -0.050057469576537054
vn 0.6842822764495161 0.7290852019407774 -0.013875678291308029
vn 0.4354293444851993 0.7057337833870626 0.5588748634062658
vn 0.35540818733490753 0.9071924592463069 0.22513742972227607
vn 0.13415604667673134 0.9235811920613591 0.3591656119544155
vn -0.10018594566785871 0.5111391080025595 0.8536390270840389
vn -0.3908639399449695 0.45511777820048765 0.8000582406403594
vn -0.1787073829114582 0.3164679134334481 0.9316178031038356
vn 0.1573488773934442 0.32167908487767166 0.9336829746414393
vn -0.04457890154914206 0.42124698431753965 0.905849711453313
vn 0.008272875722151468 0.5553856399505527 0.8315517725698147
vn 0.6721098372322761 0.3058928642855583 0.6743129260771888
vn 0.8645976808194267 -0.07522479755700692 0.4968018520035692
vn 0.6340437439366182 -0.0351798844511402 0.7724965414193391
vn 0.23713478862512558 0.08996408747832996 -0.9673022045813338
vn 0.18313313529341416 -0.07115551644974426 -0.9805096364831781
vn 0.18569697871116478 0.008370930368886021 -0.9825714017934292
vn -0.2538439492332663 0.018754634168581696 0.9670633449443017
vn -0.050080133181932614 -0.24977046386149943 0.9670091497203588
vn -0.07332540818009292 0.0544474495825915 0.9958206965860741
vn -0.3892807452044122 -0.3915719538404938 -0.8337457084619001
vn -0.06575873337281667 -0.15238812562379944 -0.9861306445669701
vn -0.027366098201968843 -0.3264049280666793 -0.9448338052816411
vn -0.9811388818706613 -0.1903974130033913 0.033396401051682206
vn -0.8126594914011817 -0.57698794536769 -0.08166677375741278
vn -0.8613223874877445 -0.4850510234641621 0.15115968195514579
vn -0.7668521962138765 0.5088734705094411 0.39113360910772094
vn -0.8482931346310492 -0.31741825903701076 -0.4238447906577851
vn -0.39560525323182294 0.4086315551893298 0.822506374272525
vn -0.4212044429767695 0.7982354364471577 -0.430589137364896
vn -0.449542580156437 0.8569612503169158 0.25204936834192115
vn -0.875684911051404 0.4453466108115412 -0.18666101037862237
vn -0.018314959267573563 0.517132885730715 0.8557091449568891
vn -0.07137094336669954 0.761656862950202 0.644038051332221
vn -0.4164828860782569 0.07354987005188826 0.9061635736550417
vn 0.1573488773934442 0.32167908487767166 0.9336829746414393
vn 0.008272875722151468 0.5553856399505527 0.8315517725698147
vn 0.1450326205240294 0.368878299228389 0.9180927727317669
vn -0.4800892658899174 0.22028323738510722 0.8491110599352811
vn -0.7037721902162742 0.3367532865648454 0.625541308201116
vn -0.7584066313517471 0.07811914325394725 0.647083287513257
vn -0.949450709161303 0.3133283861994996 -0.019200866509511447
vn -0.8553055055762789 0.49849210553666984 0.14127318517158025
vn -0.8325987448274778 0.5258149444484672 -0.17406313310510105
vn 0.10544467496315822 0.3462853715265731 -0.9321844570623442
vn 0.2300810796914963 0.1657614209068202 -0.9589503887620814
vn 0.2841820334886574 0.4092287765572525 -0.8670480841797104
vn -0.3611042996429943 0.2644022413623831 -0.8942567525838934
vn -0.5441999082315782 0.5455239583645289 -0.6373774946850868
vn -0.21843627940734486 0.5171225175535442 -0.8275686640259893
vn -0.7042374932868118 0.08594916503699218 0.704742714810555
vn -0.8138162332556438 -0.2575561337516446 0.5209299151099891
vn -0.4598575695926882 -0.38999451602906887 0.7977689472244193
vn -0.5045416262346625 0.6421076936531369 0.5771788779468038
vn -0.7188778135251923 -0.2182465309993627 0.6599872278521631
vn -0.875684911051404 0.4453466108115412 -0.18666101037862237
vn 0.9846195588959353 -0.11964139984975453 -0.1273195180699528
vn 0.7800193364606761 0.6214424631675255 0.07334234602005145
vn 0.9705210678181168 0.16882097050066583 -0.1720126066321765
vn 0.7970887343191324 -0.3721223308778404 -0.4755780908363697
vn -0.24468075912287093 -0.3510653175530089 -0.9038166124421816
vn 0.20235753030756912 0.5947422131064876 -0.7780315738304061
vn 0.6522061035698253 -0.025822568149356975 -0.757601738013079
vn -0.4168939729153424 -0.04953040436379552 -0.907604624487128
vn -0.24468075912287093 -0.3510653175530089 -0.9038166124421816
vn -0.449542580156437 0.8569612503169158 0.25204936834192115
vn -0.4212044429767695 0.7982354364471577 -0.430589137364896
vn -0.3083047241968142 0.9504113975035755 -0.04082122650321968
vn -0.5415709558454078 -0.09949701476848417 0.8347462152276292
vn -0.19233864958841268 0.10847134345193662 0.9753152369999342
vn -0.4164828860782569 0.07354987005188826 0.9061635736550417
vn -0.19233864958841268 0.10847134345193662 0.9753152369999342
vn -0.018314959267573563 0.517132885730715 0.8557091449568891
vn -0.4164828860782569 0.07354987005188826 0.9061635736550417
vn -0.1931918171569006 0.9800931742238801 0.04576343107081805
vn -0.07137094336669954 0.761656862950202 0.644038051332221
vn -0.018314959267573563 0.517132885730715 0.8557091449568891
vn -0.1931918171569006 0.9800931742238801 0.04576343107081805
vn -0.14836320852373602 0.877431307073858 -0.45618270432273456
vn -0.07137094336669954 0.761656862950202 0.644038051332221
vn -0.19233864958841268 0.10847134345193662 0.9753152369999342
vn -0.15960858618240864 0.3317418835247318 0.9297700909000653
vn -0.018314959267573563 0.517132885730715 0.8557091449568891
vn -0.40146706627566314 0.11318433437850589 0.9088528490065414
vn -0.7188778135251923 -0.2182465309993627 0.6599872278521631
vn -0.5045416262346625 0.6421076936531369 0.5771788779468038
vn -0.4395300632166058 0.8714762110373879 -0.21758340268670448
vn -0.8395494012219256 0.5431485805653781 -0.012100509812446376
vn -0.9166212372687822 0.17489462747648366 -0.35946818589091956
vn -0.7510830534612903 0.4567454432094297 -0.47671568771195916
vn -0.4395300632166058 0.8714762110373879 -0.21758340268670448
vn -0.9166212372687822 0.17489462747648366 -0.35946818589091956
vn 0.7970887343191324 -0.3721223308778404 -0.4755780908363697
vn 0.6522061035698253 -0.025822568149356975 -0.757601738013079
vn -0.24468075912287093 -0.3510653175530089 -0.9038166124421816
vn 0.9846195588959353 -0.11964139984975453 -0.1273195180699528
vn 0.7970887343191324 -0.3721223308778404 -0.4755780908363697
vn 0.20235753030756912 0.5947422131064876 -0.7780315738304061
vn 0.9705210678181168 0.16882097050066583 -0.1720126066321765
vn 0.6522061035698253 -0.025822568149356975 -0.757601738013079
vn 0.7970887343191324 -0.3721223308778404 -0.4755780908363697
vn -0.4168939729153424 -0.04953040436379552 -0.907604624487128
vn -0.9166212372687822 0.17489462747648366 -0.35946818589091956
vn -0.24468075912287093 -0.3510653175530089 -0.9038166124421816
vn -0.4168939729153424 -0.04953040436379552 -0.907604624487128
vn 0.6522061035698253 -0.025822568149356975 -0.757601738013079
vn 0.15401784864663468 0.2869864086860573 -0.9454720003933177
vn -0.23668673409070975 0.28383132952765033 -0.9292035117691064
vn -0.4168939729153424 -0.04953040436379552 -0.907604624487128
vn 0.15401784864663468 0.2869864086860573 -0.9454720003933177
vn -0.4395300632166058 0.8714762110373879 -0.21758340268670448
vn 0.23142868087738797 0.9668588437569963 0.10781809642280075
vn 0.2971212531109514 0.9547634355986383 0.012072406291329286
vn 0.2971212531109514 0.9547634355986383 0.012072406291329286
vn 0.23142868087738797 0.9668588437569963 0.10781809642280075
vn 0.7800193364606761 0.6214424631675255 0.07334234602005145
vn 0.7800193364606761 0.6214424631675255 0.07334234602005145
vn 0.9846195588959353 -0.11964139984975453 -0.1273195180699528
vn 0.2971212531109514 0.9547634355986383 0.012072406291329286
vn -0.4212044429767695 0.7982354364471577 -0.430589137364896
vn -0.875684911051404 0.4453466108115412 -0.18666101037862237
vn -0.14836320852373602 0.877431307073858 -0.45618270432273456
vn -0.7188778135251923 -0.2182465309993627 0.6599872278521631
vn -0.8482931346310492 -0.31741825903701076 -0.4238447906577851
vn -0.875684911051404 0.4453466108115412 -0.18666101037862237
vn 0.8728091222158556 0.14260301336840303 -0.466763983995165
vn 0.7317264938430176 0.20201209151952706 -0.6509742338127605
vn 0.8611784521775518 0.31495474263513923 -0.3989676473057804
vn 0.894992329522999 0.4238035608723739 0.13920945329571346
vn 0.7830703711991287 0.5113917550637354 0.3539481128681029
vn 0.8469591389521529 0.3763251187676984 0.375552422345943
vn 0.6688354015740581 0.4486756678967055 0.5927472907055027
vn 0.894992329522999 0.4238035608723739 0.13920945329571346
vn 0.8469591389521529 0.3763251187676984 0.375552422345943
vn -0.06884237769784181 0.3537793159798189 0.9327920039418001
vn 0.1624687749222786 0.12779933293105614 0.978402385359741
vn 0.6079152745040692 0.24250209580160387 0.7560633257581482
vn 0.9477074793165875 0.29449015369338566 -0.12298814180662207
vn 0.9846156074210688 0.11628589719737072 -0.13042122425373162
vn 0.8941769713005491 0.09628068447773956 -0.43723857765786756
vn 0.7632067143441729 0.21485230155838136 -0.6093882175551464
vn 0.8814459733461689 0.05469203395484985 -0.4691074263894214
vn 0.7373891331643265 0.1706768763054512 -0.6535492867303709
vn 0.17215023861866033 0.36171437784374433 0.9162570622945568
vn 0.01715933992064113 0.6831092466032221 0.7301145898135897
vn -0.05530563802208002 0.4116270480776256 0.9096727211991523
vn -0.39560525323182294 0.4086315551893298 0.822506374272525
vn -0.4164828860782569 0.07354987005188826 0.9061635736550417
vn -0.07137094336669954 0.761656862950202 0.644038051332221
vn -0.39560525323182294 0.4086315551893298 0.822506374272525
vn -0.7188778135251923 -0.2182465309993627 0.6599872278521631
vn -0.4164828860782569 0.07354987005188826 0.9061635736550417
vn -0.39560525323182294 0.4086315551893298 0.822506374272525
vn -0.8482931346310492 -0.31741825903701076 -0.4238447906577851
vn -0.7188778135251923 -0.2182465309993627 0.6599872278521631
vn 0.7982482081788895 0.45481730395244807 -0.3948936795703609
vn 0.6842822764495161 0.7290852019407774 -0.013875678291308029
vn 0.8876170028721987 0.46053083983965154 0.006884894244689824
vn 0.4354293444851993 0.7057337833870626 0.5588748634062658
vn 0.17215023861866033 0.36171437784374433 0.9162570622945568
vn 0.6688354015740581 0.4486756678967055 0.5927472907055027
vn 0.6789961688927817 0.664837270088159 0.31137695311414676
vn 0.6842822764495161 0.7290852019407774 -0.013875678291308029
vn 0.4160668600285571 0.8712707883156561 0.26033743759550265
vn 0.7800193364606761 0.6214424631675255 0.07334234602005145
vn 0.8611784521775518 0.31495474263513923 -0.3989676473057804
vn 0.9705210678181168 0.16882097050066583 -0.1720126066321765
vn 0.7800193364606761 0.6214424631675255 0.07334234602005145
vn 0.6842822764495161 0.7290852019407774 -0.013875678291308029
vn 0.8611784521775518 0.31495474263513923 -0.3989676473057804
vn 0.8469591389521529 0.3763251187676984 0.375552422345943
vn 0.6789961688927817 0.664837270088159 0.31137695311414676
vn 0.4354293444851993 0.7057337833870626 0.5588748634062658
vn 0.01715933992064113 0.6831092466032221 0.7301145898135897
vn -0.018314959267573563 0.517132885730715 0.8557091449568891
vn -0.15960858618240864 0.3317418835247318 0.9297700909000653
vn 0.8876170028721987 0.46053083983965154 0.006884894244689824
vn 0.6874792618084834 0.7244767175850834 -0.050057469576537054
vn 0.6789961688927817 0.664837270088159 0.31137695311414676
vn 0.6688354015740581 0.4486756678967055 0.5927472907055027
vn 0.6079152745040692 0.24250209580160387 0.7560633257581482
vn 0.894992329522999 0.4238035608723739 0.13920945329571346
vn 0.7898501563369699 -0.512430627786497 0.3369741566363817
vn 0.9187975536802825 0.207624681599942 0.33571274468159706
vn 0.6079152745040692 0.24250209580160387 0.7560633257581482
vn -0.1508556286408852 0.9492630932621059 0.2759386871713021
vn -0.36454867904991933 0.9105375355967618 -0.19500168428076328
vn -0.1931918171569006 0.9800931742238801 0.04576343107081805
vn 0.8780216573478755 0.39665394012088423 0.267849997227306
vn 0.9846156074210688 0.11628589719737072 -0.13042122425373162
vn 0.9477074793165875 0.29449015369338566 -0.12298814180662207
vn -0.12039655928590369 0.9703765349873059 -0.20946133022146554
vn -0.330410717156028 0.8582080918894464 -0.3928200975050981
vn -0.36454867904991933 0.9105375355967618 -0.19500168428076328
vn -0.4108413107329978 0.8600546495632456 -0.3025151519508324
vn -0.330410717156028 0.8582080918894464 -0.3928200975050981
vn -0.364666951869902 0.8219468506409656 -0.4375173012982605
vn 0.23142868087738797 0.9668588437569963 0.10781809642280075
vn 0.6842822764495161 0.7290852019407774 -0.013875678291308029
vn 0.7800193364606761 0.6214424631675255 0.07334234602005145
vn 0.23142868087738797 0.9668588437569963 0.10781809642280075
vn -0.330410717156028 0.8582080918894464 -0.3928200975050981
vn -0.12039655928590369 0.9703765349873059 -0.20946133022146554
vn 0.9566063239790467 -0.09261079392605957 -0.2762744681864034
vn 0.9188428872425419 -0.015106896881400244 -0.39433428741412296
vn 0.9019992045065232 -0.2878440753559352 -0.32178132847026114
vn -0.4395300632166058 0.8714762110373879 -0.21758340268670448
vn 0.2971212531109514 0.9547634355986383 0.012072406291329286
vn -0.8395494012219256 0.5431485805653781 -0.012100509812446376
vn 0.20235753030756912 0.5947422131064876 -0.7780315738304061
vn -0.9166212372687822 0.17489462747648366 -0.35946818589091956
vn -0.8395494012219256 0.5431485805653781 -0.012100509812446376
vn -0.11573225853208685 0.808485507122044 -0.5770244614474103
vn -0.8482931346310492 -0.31741825903701076 -0.4238447906577851
vn -0.7668521962138765 0.5088734705094411 0.39113360910772094
vn -0.11573225853208685 0.808485507122044 -0.5770244614474103
vn -0.14836320852373602 0.877431307073858 -0.45618270432273456
vn -0.8482931346310492 -0.31741825903701076 -0.4238447906577851
vn -0.14836320852373602 0.877431307073858 -0.45618270432273456
vn -0.875684911051404 0.4453466108115412 -0.18666101037862237
vn -0.8482931346310492 -0.31741825903701076 -0.4238447906577851
vn 0.2337979359267315 -0.7329608137132673 0.6388325059960435
vn 0.24664197167229943 -0.933043867610064 0.26191005884626467
vn 0.5187755746032687 -0.6564261900585221 0.5477011595754583
vn -0.4598575695926882 -0.38999451602906887 0.7977689472244193
vn -0.09071467755636563 -0.26188906758383207 0.9608251472333119
vn -0.111389004840964 0.16256439083647933 0.9803903857303496
vn 0.8941769713005491 0.09628068447773956 -0.43723857765786756
vn 0.8814459733461689 0.05469203395484985 -0.4691074263894214
vn 0.9477074793165875 0.29449015369338566 -0.12298814180662207
vn 0.9062080664110973 -0.4141322257383815 0.08533135400563317
vn 0.9735808604903761 0.11325007273828484 0.19827942180567354
vn 0.9187975536802825 0.207624681599942 0.33571274468159706
vn 0.9735808604903761 0.11325007273828484 0.19827942180567354
vn 0.9302678166157916 -0.31583894104808413 -0.18667499212940267
vn 0.9846156074210688 0.11628589719737072 -0.13042122425373162
vn 0.9062080664110973 -0.4141322257383815 0.08533135400563317
vn 0.7112364348006057 -0.702945453002861 -0.00322860879111792
vn 0.8207792438471019 -0.5605356895607426 -0.11009620156228116
vn 0.1624687749222786 0.12779933293105614 0.978402385359741
vn 0.2337979359267315 -0.7329608137132673 0.6388325059960435
vn 0.6079152745040692 0.24250209580160387 0.7560633257581482
vn -0.1931918171569006 0.9800931742238801 0.04576343107081805
vn -0.018314959267573563 0.517132885730715 0.8557091449568891
vn -0.1508556286408852 0.9492630932621059 0.2759386871713021
vn -0.12039655928590369 0.9703765349873059 -0.20946133022146554
vn 0.012699448291672378 0.9865333234047433 0.16306663001693256
vn 0.23142868087738797 0.9668588437569963 0.10781809642280075
vn 0.13415604667673134 0.9235811920613591 0.3591656119544155
vn 0.01715933992064113 0.6831092466032221 0.7301145898135897
vn 0.4354293444851993 0.7057337833870626 0.5588748634062658
vn 0.20100665629324213 0.04743456513095115 0.9784407422816407
vn 0.2337979359267315 -0.7329608137132673 0.6388325059960435
vn 0.1624687749222786 0.12779933293105614 0.978402385359741
vn 0.1032098255676503 -0.5028202488932907 0.8582071598449786
vn 0.20100665629324213 0.04743456513095115 0.9784407422816407
vn -0.09071467755636563 -0.26188906758383207 0.9608251472333119
vn 0.9019992045065232 -0.2878440753559352 -0.32178132847026114
vn 0.9188428872425419 -0.015106896881400244 -0.39433428741412296
vn 0.861503891217552 -0.2705797900176203 -0.42964825456533257
vn -0.5415709558454078 -0.09949701476848417 0.8347462152276292
vn -0.7278937907473707 0.07965274215185528 0.6810477736980814
vn -0.5981784730697859 0.33041167445403286 0.7300757767111449
vn -0.14836320852373602 0.877431307073858 -0.45618270432273456
vn -0.39560525323182294 0.4086315551893298 0.822506374272525
vn -0.07137094336669954 0.761656862950202 0.644038051332221
vn -0.14836320852373602 0.877431307073858 -0.45618270432273456
vn -0.11573225853208685 0.808485507122044 -0.5770244614474103
vn -0.39560525323182294 0.4086315551893298 0.822506374272525
vn -0.11573225853208685 0.808485507122044 -0.5770244614474103
vn -0.7668521962138765 0.5088734705094411 0.39113360910772094
vn -0.39560525323182294 0.4086315551893298 0.822506374272525
vn -0.8395494012219256 0.5431485805653781 -0.012100509812446376
vn 0.2971212531109514 0.9547634355986383 0.012072406291329286
vn 0.20235753030756912 0.5947422131064876 -0.7780315738304061
vn -0.24468075912287093 -0.3510653175530089 -0.9038166124421816
vn -0.9166212372687822 0.17489462747648366 -0.35946818589091956
vn 0.20235753030756912 0.5947422131064876 -0.7780315738304061
vn 0.9846195588959353 -0.11964139984975453 -0.1273195180699528
vn 0.20235753030756912 0.5947422131064876 -0.7780315738304061
vn 0.2971212531109514 0.9547634355986383 0.012072406291329286
vn -0.4213714106195607 0.7853616367445877 -0.45349005925416264
vn -0.364666951869902 0.8219468506409656 -0.4375173012982605
vn -0.4395300632166058 0.8714762110373879 -0.21758340268670448
vn -0.1931918171569006 0.9800931742238801 0.04576343107081805
vn -0.4212044429767695 0.7982354364471577 -0.430589137364896
vn -0.14836320852373602 0.877431307073858 -0.45618270432273456
vn 0.8446856797712649 0.28865121105812486 0.4507622219574685
vn 0.7608305038792665 0.4328595202844736 0.4834972389434264
vn 0.9804388393107719 0.11655909246622767 0.1585990552758617
vn 0.7608305038792665 0.4328595202844736 0.4834972389434264
vn 0.9402378999031923 -0.1395536768527981 0.31060821441568387
vn 0.9804388393107719 0.11655909246622767 0.1585990552758617
vn 0.7730803605372741 0.1346104001024941 0.6198603038877426
vn 0.9402378999031923 -0.1395536768527981 0.31060821441568387
vn 0.7608305038792665 0.4328595202844736 0.4834972389434264
vn 0.9670973649181084 -0.24788082312252072 0.0572519370550272
vn 0.5368324355501912 -0.8433833185826898 -0.02270493509567741
vn 0.461694465368924 -0.03455626992732102 0.8863656609190214
vn 0.6479577422908241 0.22729559360105314 0.7269714418977701
vn 0.9756810147170287 -0.042895610382780516 0.2149570285676599
vn 0.9679924170637574 -0.06633173575250782 0.24205532702075433
vn 0.13366829828153579 -0.9748431754411503 0.17836358745644482
vn 0.8478175409681387 -0.5296241195632384 0.026527517856050852
vn 0.6719877197958443 -0.574503981044482 0.4673089772384258
vn 0.9756810147170287 -0.042895610382780516 0.2149570285676599
vn 0.6793745868641188 -0.7102844131305032 -0.18424500858114082
vn 0.9458627243025072 -0.2999758735410892 -0.12392813267494922
vn -0.42688763167361043 -0.8009040602779536 -0.4199043178563233
vn -0.5578236526536839 -0.8049879544113817 -0.202057332934693
vn -0.7051668177735457 -0.6365823796703244 -0.3122541160727872
vn -0.42688763167361043 -0.8009040602779536 -0.4199043178563233
vn -0.7051668177735457 -0.6365823796703244 -0.3122541160727872
vn -0.6472922894179297 -0.43485998283222316 -0.6260267465462267
vn -0.36454867904991933 0.9105375355967618 -0.19500168428076328
vn -0.330410717156028 0.8582080918894464 -0.3928200975050981
vn -0.4108413107329978 0.8600546495632456 -0.3025151519508324
vn 0.15037695541644577 -0.23883867773823916 0.9593450147344958
vn 0.021240898519653006 -0.22659558286731837 0.973757293197385
vn 0.0015327947804572306 -0.09271745668720331 0.9956912793459716
vn 0.15037695541644577 -0.23883867773823916 0.9593450147344958
vn 0.0015327947804572306 -0.09271745668720331 0.9956912793459716
vn 0.14652150305549808 -0.12807876049243314 0.9808808695519959
vn 0.14285230221292117 -0.09201834972774563 -0.9854571746483205
vn -0.032393949086185064 -0.26096147717379004 -0.964805544912484
vn -0.13000311629182476 -0.47343028996403497 -0.8711847968708958
vn 0.14285230221292117 -0.09201834972774563 -0.9854571746483205
vn -0.13000311629182476 -0.47343028996403497 -0.8711847968708958
vn -0.027366098201968843 -0.3264049280666793 -0.9448338052816411
vn -0.04385674477479401 0.8828547328695288 -0.4675939548236607
vn 0.3088805262546748 0.9059937180431653 -0.28942737148887043
vn 0.15628041190737477 0.9758928462412954 -0.15234692484302037
vn -0.703347655111748 -0.4685290010486525 0.5345864300795123
vn -0.7682956369818617 -0.5616715862408267 0.30699648760914083
vn -0.47031424928432186 -0.8688646963417043 0.15452717033312516
vn -0.703347655111748 -0.4685290010486525 0.5345864300795123
vn -0.47031424928432186 -0.8688646963417043 0.15452717033312516
vn -0.3824253523844128 -0.7429984024156261 0.5492760907426111
vn 0.9113368664120968 -0.41102757689127517 0.022835213006823958
vn 0.9566063239790467 -0.09261079392605957 -0.2762744681864034
vn 0.9019992045065232 -0.2878440753559352 -0.32178132847026114
vn -0.0038779634504238054 -0.9994325541613435 -0.03345939452546119
vn 0.00470943630289357 -0.9821205791830668 -0.1881940199762637
vn 0.22468169623440637 -0.9609294694837978 -0.16165608573393384
vn -0.0038779634504238054 -0.9994325541613435 -0.03345939452546119
vn 0.22468169623440637 -0.9609294694837978 -0.16165608573393384
vn 0.17918642401496923 -0.9835395657350975 -0.02328407357709157
vn 0.3828424120862791 -0.18380701960722753 -0.9053433973090365
vn 0.15093888107533163 -0.062057092391507966 -0.9865933161458366
vn 0.14690297390558615 0.12377514958821582 -0.9813761911734508
vn 0.3828424120862791 -0.18380701960722753 -0.9053433973090365
vn 0.14690297390558615 0.12377514958821582 -0.9813761911734508
vn 0.30521999375540054 0.005635519089720853 -0.9522651922319447
vn 0.1348412748976242 0.9264283394549563 -0.3514944699973467
vn 0.020469336992579888 0.9970887200483707 -0.07345128042033146
vn 0.20199632117206184 0.9787134558832637 -0.03629679746192673
vn -0.022713583393792425 0.6909839090581985 0.7225132044136389
vn -0.10018594566785871 0.5111391080025595 0.8536390270840389
vn 0.06215614769832481 0.5963599954393867 0.8003070467906918
vn -0.022713583393792425 0.6909839090581985 0.7225132044136389
vn 0.06215614769832481 0.5963599954393867 0.8003070467906918
vn 0.008272875722151468 0.5553856399505527 0.8315517725698147
vn -0.3824253523844128 -0.7429984024156261 0.5492760907426111
vn -0.15441153461904614 -0.671611690567299 0.724634262969897
vn -0.2434000044889229 -0.27266669285548867 0.9308111045867701
vn -0.3824253523844128 -0.7429984024156261 0.5492760907426111
vn -0.2434000044889229 -0.27266669285548867 0.9308111045867701
vn -0.501572940416466 -0.31488788658094724 0.8057730476545891
vn -0.0959464886397471 -0.9438936399819641 0.3160048539489565
vn -0.15441153461904614 -0.671611690567299 0.724634262969897
vn -0.3824253523844128 -0.7429984024156261 0.5492760907426111
vn -0.2165860684585744 0.6775736928628627 0.7028402134837198
vn -0.022713583393792425 0.6909839090581985 0.7225132044136389
vn -0.014002336684239048 0.8746746860310165 0.4845081301525538
vn -0.2165860684585744 0.6775736928628627 0.7028402134837198
vn -0.014002336684239048 0.8746746860310165 0.4845081301525538
vn -0.28197430044619837 0.8719458350259389 0.40025111451287054
vn -0.26284384125688914 -0.8694875900777007 -0.41821578857594
vn -0.30445640858690814 -0.673654720112495 -0.6734208293040226
vn -0.13000311629182476 -0.47343028996403497 -0.8711847968708958
vn -0.26284384125688914 -0.8694875900777007 -0.41821578857594
vn -0.13000311629182476 -0.47343028996403497 -0.8711847968708958
vn -0.18168362545929959 -0.7911197815730653 -0.5840552640322235
vn 0.2632663769023362 -0.44121936577604587 0.857913915295061
vn 0.6719877197958443 -0.574503981044482 0.4673089772384258
vn 0.7828606749457513 0.0914056314795256 0.6154463211014523
vn 0.2632663769023362 -0.44121936577604587 0.857913915295061
vn 0.7828606749457513 0.0914056314795256 0.6154463211014523
vn 0.22749168366726297 0.025729548562404975 0.9734400465324039
vn 0.1348412748976242 0.9264283394549563 -0.3514944699973467
vn 0.1722361940183836 0.793370148938738 -0.5838651387460863
vn -0.0655494535785633 0.8276019569642163 -0.5574749052330077
vn 0.2632663769023362 -0.44121936577604587 0.857913915295061
vn 0.22749168366726297 0.025729548562404975 0.9734400465324039
vn 0.0015327947804572306 -0.09271745668720331 0.9956912793459716
vn 0.2632663769023362 -0.44121936577604587 0.857913915295061
vn 0.0015327947804572306 -0.09271745668720331 0.9956912793459716
vn 0.02446645259502172 -0.6245314701873161 0.7806163176894811
vn 0.2632663769023362 -0.44121936577604587 0.857913915295061
vn 0.02446645259502172 -0.6245314701873161 0.7806163176894811
vn 0.13366829828153579 -0.9748431754411503 0.17836358745644482
vn 0.2632663769023362 -0.44121936577604587 0.857913915295061
vn 0.13366829828153579 -0.9748431754411503 0.17836358745644482
vn 0.6719877197958443 -0.574503981044482 0.4673089772384258
vn 0.6218787820337858 -0.5856866348029941 -0.5198441557518167
vn 0.33499015533495435 -0.6729704295471803 -0.6594637190806989
vn 0.3828424120862791 -0.18380701960722753 -0.9053433973090365
vn 0.6218787820337858 -0.5856866348029941 -0.5198441557518167
vn 0.3828424120862791 -0.18380701960722753 -0.9053433973090365
vn 0.7417219773489548 -0.2857609966298931 -0.6067859269319342
vn 0.6218787820337858 -0.5856866348029941 -0.5198441557518167
vn 0.6793745868641188 -0.7102844131305032 -0.18424500858114082
vn 0.22468169623440637 -0.9609294694837978 -0.16165608573393384
vn 0.6218787820337858 -0.5856866348029941 -0.5198441557518167
vn 0.22468169623440637 -0.9609294694837978 -0.16165608573393384
vn 0.33499015533495435 -0.6729704295471803 -0.6594637190806989
vn -0.053800850474292665 0.42397773992633264 -0.9040731964477222
vn 0.2893039082473828 0.6300883289132545 -0.7206191410447633
vn -0.23823873773073703 0.5465804314188061 -0.8028026755277397
vn -0.053800850474292665 0.42397773992633264 -0.9040731964477222
vn -0.23823873773073703 0.5465804314188061 -0.8028026755277397
vn -0.23668673409070975 0.28383132952765033 -0.9292035117691064
vn -0.028687045882843324 -0.984011018874538 -0.17578216101757643
vn -0.06596350379192291 -0.981563105726278 -0.17939533339659744
vn -0.0862066163005221 -0.7238561568520487 -0.6845441428376964
vn -0.028687045882843324 -0.984011018874538 -0.17578216101757643
vn -0.0862066163005221 -0.7238561568520487 -0.6845441428376964
vn 0.08236754973070874 -0.6484217330176725 -0.7568122904008083
vn 0.08236754973070874 -0.6484217330176725 -0.7568122904008083
vn -0.0862066163005221 -0.7238561568520487 -0.6845441428376964
vn -0.032393949086185064 -0.26096147717379004 -0.964805544912484
vn 0.08236754973070874 -0.6484217330176725 -0.7568122904008083
vn -0.032393949086185064 -0.26096147717379004 -0.964805544912484
vn 0.0496875596886418 -0.09986281485014602 -0.9937598123401817
vn -0.037572679934252916 -0.6584483447434288 0.7516874822871515
vn -0.02573443774518522 -0.6528002574890769 0.7570928361410733
vn -0.0959464886397471 -0.9438936399819641 0.3160048539489565
vn -0.037572679934252916 -0.6584483447434288 0.7516874822871515
vn -0.0959464886397471 -0.9438936399819641 0.3160048539489565
vn -0.06862277152041653 -0.9789301875775152 0.19231901382418706
vn 0.41178067841328775 0.7155048812210927 -0.5643486846217352
vn 0.1722361940183836 0.793370148938738 -0.5838651387460863
vn 0.3088805262546748 0.9059937180431653 -0.28942737148887043
vn 0.4084687609556847 0.5104034618871105 -0.7567308487282521
vn 0.1722361940183836 0.793370148938738 -0.5838651387460863
vn 0.41178067841328775 0.7155048812210927 -0.5643486846217352
vn -0.06862277152041653 -0.9789301875775152 0.19231901382418706
vn -0.022340915548974508 -0.9930103957778272 0.11589321537344849
vn -0.06746734213684102 -0.6811586594631759 0.7290206021665777
vn -0.06862277152041653 -0.9789301875775152 0.19231901382418706
vn -0.06746734213684102 -0.6811586594631759 0.7290206021665777
vn -0.037572679934252916 -0.6584483447434288 0.7516874822871515
vn -0.2650681906536654 0.42325567362289873 0.8663679870872528
vn -0.1269970825289627 0.4217508563980098 0.8977738892152506
vn -0.04457890154914206 0.42124698431753965 0.905849711453313
vn -0.2650681906536654 0.42325567362289873 0.8663679870872528
vn -0.04457890154914206 0.42124698431753965 0.905849711453313
vn 0.006869522828371186 0.42317347277057926 0.9060226385689257
vn -0.1269970825289627 0.4217508563980098 0.8977738892152506
vn -0.2650681906536654 0.42325567362289873 0.8663679870872528
vn 0.016423530066706573 0.6945033339047458 0.7193020136600071
vn -0.26504810279689434 0.7508301822083592 0.6049822647720586
vn -0.03793508834061781 0.7823394842045063 0.6216959550513552
vn 0.016423530066706573 0.6945033339047458 0.7193020136600071
vn -0.26504810279689434 0.7508301822083592 0.6049822647720586
vn 0.016423530066706573 0.6945033339047458 0.7193020136600071
vn -0.2650681906536654 0.42325567362289873 0.8663679870872528
vn -0.3892807452044122 -0.3915719538404938 -0.8337457084619001
vn -0.6472922894179297 -0.43485998283222316 -0.6260267465462267
vn -0.7232316669766773 0.06604444108750182 -0.687440242991037
vn -0.3892807452044122 -0.3915719538404938 -0.8337457084619001
vn -0.7232316669766773 0.06604444108750182 -0.687440242991037
vn -0.42879908126278693 0.013968178812344252 -0.9032918896396979
vn -0.4800892658899174 0.22028323738510722 0.8491110599352811
vn -0.5338451846134231 -0.05115219200712412 0.8440336321011899
vn -0.2538439492332663 0.018754634168581696 0.9670633449443017
vn -0.42879908126278693 0.013968178812344252 -0.9032918896396979
vn -0.7232316669766773 0.06604444108750182 -0.687440242991037
vn -0.6905150366226167 0.3271614132001001 -0.6451002975592088
vn -0.42879908126278693 0.013968178812344252 -0.9032918896396979
vn -0.6905150366226167 0.3271614132001001 -0.6451002975592088
vn -0.3611042996429943 0.2644022413623831 -0.8942567525838934
vn -0.3611042996429943 0.2644022413623831 -0.8942567525838934
vn -0.02328817975258708 0.12527400069891131 -0.9918488218638465
vn -0.06575873337281667 -0.15238812562379944 -0.9861306445669701
vn -0.3611042996429943 0.2644022413623831 -0.8942567525838934
vn -0.06575873337281667 -0.15238812562379944 -0.9861306445669701
vn -0.42879908126278693 0.013968178812344252 -0.9032918896396979
vn 0.23713478862512558 0.08996408747832996 -0.9673022045813338
vn 0.19443301328626625 0.11550419437591034 -0.9740916714693719
vn 0.3932195419823376 0.17281573581155185 -0.9030576466976582
vn 0.23713478862512558 0.08996408747832996 -0.9673022045813338
vn 0.3932195419823376 0.17281573581155185 -0.9030576466976582
vn 0.6929847035807295 0.04054610976723394 -0.719811234689951
vn -0.3892807452044122 -0.3915719538404938 -0.8337457084619001
vn -0.42879908126278693 0.013968178812344252 -0.9032918896396979
vn -0.06575873337281667 -0.15238812562379944 -0.9861306445669701
vn 0.6929847035807295 0.04054610976723394 -0.719811234689951
vn 0.3932195419823376 0.17281573581155185 -0.9030576466976582
vn 0.7373891331643265 0.1706768763054512 -0.6535492867303709
vn 0.6929847035807295 0.04054610976723394 -0.719811234689951
vn 0.7373891331643265 0.1706768763054512 -0.6535492867303709
vn 0.9566063239790467 -0.09261079392605957 -0.2762744681864034
vn 0.19281635601748168 -0.06366247221250423 0.9791674741758591
vn 0.6340437439366182 -0.0351798844511402 0.7724965414193391
vn 0.11966832760102143 -0.8028834666618139 0.5840013958290533
vn 0.19281635601748168 -0.06366247221250423 0.9791674741758591
vn 0.11966832760102143 -0.8028834666618139 0.5840013958290533
vn -0.3506297602212643 -0.7200079259417985 0.5988717373763505
vn 0.9863571157670106 -0.15183107791876993 -0.06361575240307117
vn 0.6929847035807295 0.04054610976723394 -0.719811234689951
vn 0.9566063239790467 -0.09261079392605957 -0.2762744681864034
vn 0.6340437439366182 -0.0351798844511402 0.7724965414193391
vn 0.19281635601748168 -0.06366247221250423 0.9791674741758591
vn 0.6721098372322761 0.3058928642855583 0.6743129260771888
vn -0.16674309713690372 -0.28286543253684093 0.9445548616321549
vn 0.19281635601748168 -0.06366247221250423 0.9791674741758591
vn -0.3506297602212643 -0.7200079259417985 0.5988717373763505
vn -0.16674309713690372 -0.28286543253684093 0.9445548616321549
vn -0.3506297602212643 -0.7200079259417985 0.5988717373763505
vn -0.6441871917102762 -0.6155540946111556 0.4540000205328943
vn 0.19281635601748168 -0.06366247221250423 0.9791674741758591
vn -0.16674309713690372 -0.28286543253684093 0.9445548616321549
vn 0.1573488773934442 0.32167908487767166 0.9336829746414393
vn 0.19281635601748168 -0.06366247221250423 0.9791674741758591
vn 0.1573488773934442 0.32167908487767166 0.9336829746414393
vn 0.3068005610812148 0.19188029023204387 0.9322313929174014
vn 0.3068005610812148 0.19188029023204387 0.9322313929174014
vn 0.2611271298032996 0.1767506050071818 0.9489846393436966
vn 0.6721098372322761 0.3058928642855583 0.6743129260771888
vn 0.3068005610812148 0.19188029023204387 0.9322313929174014
vn 0.6721098372322761 0.3058928642855583 0.6743129260771888
vn 0.19281635601748168 -0.06366247221250423 0.9791674741758591
vn -0.07332540818009292 0.0544474495825915 0.9958206965860741
vn -0.050080133181932614 -0.24977046386149943 0.9670091497203588
vn 0.0920435213076278 -0.17278991496973853 0.9806485789874183
vn -0.07332540818009292 0.0544474495825915 0.9958206965860741
vn 0.0920435213076278 -0.17278991496973853 0.9806485789874183
vn 0.13168552443110387 0.11511684355487425 0.9845847017830756
vn 0.18313313529341416 -0.07115551644974426 -0.9805096364831781
vn 0.18395859827467329 -0.04906273030179314 -0.9817087565139424
vn 0.2663467767801067 -0.051724645844317345 -0.9624884183776592
vn 0.18313313529341416 -0.07115551644974426 -0.9805096364831781
vn 0.2663467767801067 -0.051724645844317345 -0.9624884183776592
vn 0.18569697871116478 0.008370930368886021 -0.9825714017934292
vn 0.18395859827467329 -0.04906273030179314 -0.9817087565139424
vn 0.18313313529341416 -0.07115551644974426 -0.9805096364831781
vn 0.18050754587139375 -0.10617520178025043 -0.9778260849509025
vn -0.3824253523844128 -0.7429984024156261 0.5492760907426111
vn -0.47031424928432186 -0.8688646963417043 0.15452717033312516
vn -0.13619358246109978 -0.9902511108665022 0.029224057282826926
vn -0.3824253523844128 -0.7429984024156261 0.5492760907426111
vn -0.13619358246109978 -0.9902511108665022 0.029224057282826926
vn -0.0959464886397471 -0.9438936399819641 0.3160048539489565
vn -0.5415709558454078 -0.09949701476848417 0.8347462152276292
vn -0.40146706627566314 0.11318433437850589 0.9088528490065414
vn -0.7278937907473707 0.07965274215185528 0.6810477736980814
vn -0.7682956369818617 -0.5616715862408267 0.30699648760914083
vn -0.703347655111748 -0.4685290010486525 0.5345864300795123
vn -0.7627772108004115 -0.1762470128893939 0.6221799716570042
vn -0.7682956369818617 -0.5616715862408267 0.30699648760914083
vn -0.7627772108004115 -0.1762470128893939 0.6221799716570042
vn -0.8933702114191283 -0.2226805239556396 0.3902602331775347
vn 0.7828606749457513 0.0914056314795256 0.6154463211014523
vn 0.6719877197958443 -0.574503981044482 0.4673089772384258
vn 0.8478175409681387 -0.5296241195632384 0.026527517856050852
vn 0.7828606749457513 0.0914056314795256 0.6154463211014523
vn 0.8478175409681387 -0.5296241195632384 0.026527517856050852
vn 0.9804388393107719 0.11655909246622767 0.1585990552758617
vn -0.26310055068390914 0.9329232073354073 -0.2458300011081644
vn -0.4922612206102293 0.8703501918247519 -0.013016692127588582
vn -0.29618665124398846 0.9517618110036301 0.08014313906980577
vn -0.26310055068390914 0.9329232073354073 -0.2458300011081644
vn -0.29618665124398846 0.9517618110036301 0.08014313906980577
vn 0.020469336992579888 0.9970887200483707 -0.07345128042033146
vn 0.7882780314546936 -0.6150233889536515 -0.01907815939440763
vn 0.7490718015458789 -0.6219186995080793 0.22827301051808743
vn 0.17918642401496923 -0.9835395657350975 -0.02328407357709157
vn -0.19627585050081814 0.9188796012088959 0.34225147040204384
vn 0.03742808410931901 0.8930846013202917 0.448329157432886
vn -0.03793508834061781 0.7823394842045063 0.6216959550513552
vn -0.19627585050081814 0.9188796012088959 0.34225147040204384
vn -0.03793508834061781 0.7823394842045063 0.6216959550513552
vn -0.26504810279689434 0.7508301822083592 0.6049822647720586
vn 0.14337516547002183 0.9860582270281408 0.08445551987030364
vn -0.01932537806955873 0.971378386110228 -0.23674999632599272
vn 0.15628041190737477 0.9758928462412954 -0.15234692484302037
vn 0.14337516547002183 0.9860582270281408 0.08445551987030364
vn 0.15628041190737477 0.9758928462412954 -0.15234692484302037
vn 0.2832469922114291 0.9553113732168866 -0.08456548708335469
vn 0.6904892233308275 -0.6488147083849983 0.31978759614356517
vn 0.8645976808194267 -0.07522479755700692 0.4968018520035692
vn 0.9268525854455931 -0.20048267574845777 0.31741295118119905
vn 0.6904892233308275 -0.6488147083849983 0.31978759614356517
vn 0.9268525854455931 -0.20048267574845777 0.31741295118119905
vn 0.9113368664120968 -0.41102757689127517 0.022835213006823958
vn 0.20199632117206184 0.9787134558832637 -0.03629679746192673
vn 0.14337516547002183 0.9860582270281408 0.08445551987030364
vn 0.2832469922114291 0.9553113732168866 -0.08456548708335469
vn 0.8874770194520869 -0.10090424892685908 0.44966973713265007
vn 0.9268525854455931 -0.20048267574845777 0.31741295118119905
vn 0.8645976808194267 -0.07522479755700692 0.4968018520035692
vn -0.9925261512284609 0.1153218813295351 0.03990868093830068
vn -0.949450709161303 0.3133283861994996 -0.019200866509511447
vn -0.8545525789961126 0.3419786033495019 -0.3908842854122137
vn -0.9925261512284609 0.1153218813295351 0.03990868093830068
vn -0.8545525789961126 0.3419786033495019 -0.3908842854122137
vn -0.9165469172167169 0.11579609832851885 -0.3827963063463712
vn -0.9165469172167169 0.11579609832851885 -0.3827963063463712
vn -0.8944840967784127 -0.24243902915606907 -0.3756614403320761
vn -0.9811388818706613 -0.1903974130033913 0.033396401051682206
vn -0.9165469172167169 0.11579609832851885 -0.3827963063463712
vn -0.9811388818706613 -0.1903974130033913 0.033396401051682206
vn -0.9925261512284609 0.1153218813295351 0.03990868093830068
vn -0.3908639399449695 0.45511777820048765 0.8000582406403594
vn -0.10018594566785871 0.5111391080025595 0.8536390270840389
vn -0.022713583393792425 0.6909839090581985 0.7225132044136389
vn -0.3908639399449695 0.45511777820048765 0.8000582406403594
vn -0.022713583393792425 0.6909839090581985 0.7225132044136389
vn -0.2165860684585744 0.6775736928628627 0.7028402134837198
vn -0.1508556286408852 0.9492630932621059 0.2759386871713021
vn -0.018314959267573563 0.517132885730715 0.8557091449568891
vn 0.01715933992064113 0.6831092466032221 0.7301145898135897
vn -0.7309507486014825 -0.6794493716815718 0.06371463285972864
vn -0.5578236526536839 -0.8049879544113817 -0.202057332934693
vn -0.4155837585581437 -0.9045591770388021 -0.09519892256518281
vn -0.0655494535785633 0.8276019569642163 -0.5574749052330077
vn -0.26310055068390914 0.9329232073354073 -0.2458300011081644
vn 0.020469336992579888 0.9970887200483707 -0.07345128042033146
vn -0.0655494535785633 0.8276019569642163 -0.5574749052330077
vn 0.020469336992579888 0.9970887200483707 -0.07345128042033146
vn 0.1348412748976242 0.9264283394549563 -0.3514944699973467
vn -0.30445640858690814 -0.673654720112495 -0.6734208293040226
vn -0.3892807452044122 -0.3915719538404938 -0.8337457084619001
vn -0.027366098201968843 -0.3264049280666793 -0.9448338052816411
vn -0.30445640858690814 -0.673654720112495 -0.6734208293040226
vn -0.027366098201968843 -0.3264049280666793 -0.9448338052816411
vn -0.13000311629182476 -0.47343028996403497 -0.8711847968708958
vn -0.26310055068390914 0.9329232073354073 -0.2458300011081644
vn -0.0655494535785633 0.8276019569642163 -0.5574749052330077
vn -0.35607254203853705 0.7593001783157479 -0.5446793405444047
vn -0.42688763167361043 -0.8009040602779536 -0.4199043178563233
vn -0.6472922894179297 -0.43485998283222316 -0.6260267465462267
vn -0.3892807452044122 -0.3915719538404938 -0.8337457084619001
vn -0.42688763167361043 -0.8009040602779536 -0.4199043178563233
vn -0.3892807452044122 -0.3915719538404938 -0.8337457084619001
vn -0.30445640858690814 -0.673654720112495 -0.6734208293040226
vn -0.18168362545929959 -0.7911197815730653 -0.5840552640322235
vn -0.0862066163005221 -0.7238561568520487 -0.6845441428376964
vn -0.06596350379192291 -0.981563105726278 -0.17939533339659744
vn -0.18168362545929959 -0.7911197815730653 -0.5840552640322235
vn -0.06596350379192291 -0.981563105726278 -0.17939533339659744
vn -0.26284384125688914 -0.8694875900777007 -0.41821578857594
vn -0.032393949086185064 -0.26096147717379004 -0.964805544912484
vn -0.0862066163005221 -0.7238561568520487 -0.6845441428376964
vn -0.18168362545929959 -0.7911197815730653 -0.5840552640322235
vn -0.032393949086185064 -0.26096147717379004 -0.964805544912484
vn -0.18168362545929959 -0.7911197815730653 -0.5840552640322235
vn -0.13000311629182476 -0.47343028996403497 -0.8711847968708958
vn 0.2893039082473828 0.6300883289132545 -0.7206191410447633
vn 0.41178067841328775 0.7155048812210927 -0.5643486846217352
vn 0.3088805262546748 0.9059937180431653 -0.28942737148887043
vn 0.2893039082473828 0.6300883289132545 -0.7206191410447633
vn 0.3088805262546748 0.9059937180431653 -0.28942737148887043
vn -0.04385674477479401 0.8828547328695288 -0.4675939548236607
vn 0.33217416385136345 0.5180481700584479 -0.7882172405934426
vn 0.4084687609556847 0.5104034618871105 -0.7567308487282521
vn 0.41178067841328775 0.7155048812210927 -0.5643486846217352
vn 0.33217416385136345 0.5180481700584479 -0.7882172405934426
vn 0.41178067841328775 0.7155048812210927 -0.5643486846217352
vn 0.2893039082473828 0.6300883289132545 -0.7206191410447633
vn 0.6793745868641188 -0.7102844131305032 -0.18424500858114082
vn 0.6218787820337858 -0.5856866348029941 -0.5198441557518167
vn 0.7417219773489548 -0.2857609966298931 -0.6067859269319342
vn 0.6793745868641188 -0.7102844131305032 -0.18424500858114082
vn 0.7417219773489548 -0.2857609966298931 -0.6067859269319342
vn 0.9458627243025072 -0.2999758735410892 -0.12392813267494922
vn 0.30521999375540054 0.005635519089720853 -0.9522651922319447
vn 0.7507662637235858 -0.11961908619280118 -0.6496470514617351
vn 0.7417219773489548 -0.2857609966298931 -0.6067859269319342
vn 0.30521999375540054 0.005635519089720853 -0.9522651922319447
vn 0.7417219773489548 -0.2857609966298931 -0.6067859269319342
vn 0.3828424120862791 -0.18380701960722753 -0.9053433973090365
vn 0.7882780314546936 -0.6150233889536515 -0.01907815939440763
vn 0.17918642401496923 -0.9835395657350975 -0.02328407357709157
vn 0.22468169623440637 -0.9609294694837978 -0.16165608573393384
vn 0.7882780314546936 -0.6150233889536515 -0.01907815939440763
vn 0.22468169623440637 -0.9609294694837978 -0.16165608573393384
vn 0.6793745868641188 -0.7102844131305032 -0.18424500858114082
vn -0.26504810279689434 0.7508301822083592 0.6049822647720586
vn -0.5045416262346625 0.6421076936531369 0.5771788779468038
vn -0.449542580156437 0.8569612503169158 0.25204936834192115
vn -0.26504810279689434 0.7508301822083592 0.6049822647720586
vn -0.449542580156437 0.8569612503169158 0.25204936834192115
vn -0.19627585050081814 0.9188796012088959 0.34225147040204384
vn 0.22749168366726297 0.025729548562404975 0.9734400465324039
vn 0.2611271298032996 0.1767506050071818 0.9489846393436966
vn 0.14652150305549808 -0.12807876049243314 0.9808808695519959
vn 0.22749168366726297 0.025729548562404975 0.9734400465324039
vn 0.14652150305549808 -0.12807876049243314 0.9808808695519959
vn 0.0015327947804572306 -0.09271745668720331 0.9956912793459716
vn 0.6721098372322761 0.3058928642855583 0.6743129260771888
vn 0.2611271298032996 0.1767506050071818 0.9489846393436966
vn 0.22749168366726297 0.025729548562404975 0.9734400465324039
vn 0.6721098372322761 0.3058928642855583 0.6743129260771888
vn 0.22749168366726297 0.025729548562404975 0.9734400465324039
vn 0.7828606749457513 0.0914056314795256 0.6154463211014523
vn 0.02446645259502172 -0.6245314701873161 0.7806163176894811
vn -0.06746734213684102 -0.6811586594631759 0.7290206021665777
vn -0.022340915548974508 -0.9930103957778272 0.11589321537344849
vn 0.02446645259502172 -0.6245314701873161 0.7806163176894811
vn -0.022340915548974508 -0.9930103957778272 0.11589321537344849
vn 0.13366829828153579 -0.9748431754411503 0.17836358745644482
vn 0.0015327947804572306 -0.09271745668720331 0.9956912793459716
vn 0.021240898519653006 -0.22659558286731837 0.973757293197385
vn -0.06746734213684102 -0.6811586594631759 0.7290206021665777
vn 0.0015327947804572306 -0.09271745668720331 0.9956912793459716
vn -0.06746734213684102 -0.6811586594631759 0.7290206021665777
vn 0.02446645259502172 -0.6245314701873161 0.7806163176894811
vn -0.022713583393792425 0.6909839090581985 0.7225132044136389
vn 0.016423530066706573 0.6945033339047458 0.7193020136600071
vn -0.03793508834061781 0.7823394842045063 0.6216959550513552
vn -0.022713583393792425 0.6909839090581985 0.7225132044136389
vn -0.03793508834061781 0.7823394842045063 0.6216959550513552
vn -0.014002336684239048 0.8746746860310165 0.4845081301525538
vn 0.33499015533495435 -0.6729704295471803 -0.6594637190806989
vn 0.22468169623440637 -0.9609294694837978 -0.16165608573393384
vn 0.00470943630289357 -0.9821205791830668 -0.1881940199762637
vn 0.33499015533495435 -0.6729704295471803 -0.6594637190806989
vn 0.00470943630289357 -0.9821205791830668 -0.1881940199762637
vn 0.08236754973070874 -0.6484217330176725 -0.7568122904008083
vn 0.15093888107533163 -0.062057092391507966 -0.9865933161458366
vn 0.3828424120862791 -0.18380701960722753 -0.9053433973090365
vn 0.33499015533495435 -0.6729704295471803 -0.6594637190806989
vn 0.15093888107533163 -0.062057092391507966 -0.9865933161458366
vn 0.33499015533495435 -0.6729704295471803 -0.6594637190806989
vn 0.08236754973070874 -0.6484217330176725 -0.7568122904008083
vn -0.5045416262346625 0.6421076936531369 0.5771788779468038
vn -0.26504810279689434 0.7508301822083592 0.6049822647720586
vn 0.006869522828371186 0.42317347277057926 0.9060226385689257
vn -0.5045416262346625 0.6421076936531369 0.5771788779468038
vn 0.006869522828371186 0.42317347277057926 0.9060226385689257
vn -0.40146706627566314 0.11318433437850589 0.9088528490065414
vn -0.0959464886397471 -0.9438936399819641 0.3160048539489565
vn -0.02573443774518522 -0.6528002574890769 0.7570928361410733
vn -0.15441153461904614 -0.671611690567299 0.724634262969897
vn -0.0525424140440947 0.32562084590950324 0.9440393844727023
vn -0.40146706627566314 0.11318433437850589 0.9088528490065414
vn 0.006869522828371186 0.42317347277057926 0.9060226385689257
vn -0.0525424140440947 0.32562084590950324 0.9440393844727023
vn 0.006869522828371186 0.42317347277057926 0.9060226385689257
vn -0.04457890154914206 0.42124698431753965 0.905849711453313
vn -0.037572679934252916 -0.6584483447434288 0.7516874822871515
vn 0.0920435213076278 -0.17278991496973853 0.9806485789874183
vn -0.050080133181932614 -0.24977046386149943 0.9670091497203588
vn -0.037572679934252916 -0.6584483447434288 0.7516874822871515
vn -0.050080133181932614 -0.24977046386149943 0.9670091497203588
vn -0.02573443774518522 -0.6528002574890769 0.7570928361410733
vn -0.06862277152041653 -0.9789301875775152 0.19231901382418706
vn -0.0959464886397471 -0.9438936399819641 0.3160048539489565
vn -0.13619358246109978 -0.9902511108665022 0.029224057282826926
vn 0.021240898519653006 -0.22659558286731837 0.973757293197385
vn 0.15037695541644577 -0.23883867773823916 0.9593450147344958
vn 0.0920435213076278 -0.17278991496973853 0.9806485789874183
vn 0.021240898519653006 -0.22659558286731837 0.973757293197385
vn 0.0920435213076278 -0.17278991496973853 0.9806485789874183
vn -0.037572679934252916 -0.6584483447434288 0.7516874822871515
vn 0.7373891331643265 0.1706768763054512 -0.6535492867303709
vn 0.3932195419823376 0.17281573581155185 -0.9030576466976582
vn 0.10544467496315822 0.3462853715265731 -0.9321844570623442
vn 0.7373891331643265 0.1706768763054512 -0.6535492867303709
vn 0.10544467496315822 0.3462853715265731 -0.9321844570623442
vn 0.5092124735252633 0.3031513187245485 -0.8054824236206835
vn 0.0496875596886418 -0.09986281485014602 -0.9937598123401817
vn -0.032393949086185064 -0.26096147717379004 -0.964805544912484
vn 0.14285230221292117 -0.09201834972774563 -0.9854571746483205
vn -0.501572940416466 -0.31488788658094724 0.8057730476545891
vn -0.7627772108004115 -0.1762470128893939 0.6221799716570042
vn -0.703347655111748 -0.4685290010486525 0.5345864300795123
vn -0.3611042996429943 0.2644022413623831 -0.8942567525838934
vn -0.6905150366226167 0.3271614132001001 -0.6451002975592088
vn -0.5441999082315782 0.5455239583645289 -0.6373774946850868
vn 0.19443301328626625 0.11550419437591034 -0.9740916714693719
vn 0.2300810796914963 0.1657614209068202 -0.9589503887620814
vn 0.10544467496315822 0.3462853715265731 -0.9321844570623442
vn 0.19443301328626625 0.11550419437591034 -0.9740916714693719
vn 0.10544467496315822 0.3462853715265731 -0.9321844570623442
vn 0.3932195419823376 0.17281573581155185 -0.9030576466976582
vn 0.18050754587139375 -0.10617520178025043 -0.9778260849509025
vn -0.06575873337281667 -0.15238812562379944 -0.9861306445669701
vn -0.02328817975258708 0.12527400069891131 -0.9918488218638465
vn 0.18050754587139375 -0.10617520178025043 -0.9778260849509025
vn -0.02328817975258708 0.12527400069891131 -0.9918488218638465
vn 0.18395859827467329 -0.04906273030179314 -0.9817087565139424
vn -0.005491478707953046 0.376518378205535 0.9263928726707009
vn -0.07332540818009292 0.0544474495825915 0.9958206965860741
vn 0.12355637512510866 0.4205464271295149 0.8988184047929498
vn 0.3555988495067701 0.20483588537827765 -0.9119165083990741
vn 0.2663467767801067 -0.051724645844317345 -0.9624884183776592
vn 0.18395859827467329 -0.04906273030179314 -0.9817087565139424
vn -0.027366098201968843 -0.3264049280666793 -0.9448338052816411
vn -0.06575873337281667 -0.15238812562379944 -0.9861306445669701
vn 0.18050754587139375 -0.10617520178025043 -0.9778260849509025
vn -0.027366098201968843 -0.3264049280666793 -0.9448338052816411
vn 0.18050754587139375 -0.10617520178025043 -0.9778260849509025
vn 0.14285230221292117 -0.09201834972774563 -0.9854571746483205
vn 0.14652150305549808 -0.12807876049243314 0.9808808695519959
vn 0.2611271298032996 0.1767506050071818 0.9489846393436966
vn 0.0920435213076278 -0.17278991496973853 0.9806485789874183
vn 0.14652150305549808 -0.12807876049243314 0.9808808695519959
vn 0.0920435213076278 -0.17278991496973853 0.9806485789874183
vn 0.15037695541644577 -0.23883867773823916 0.9593450147344958
vn 0.1450326205240294 0.368878299228389 0.9180927727317669
vn 0.13168552443110387 0.11511684355487425 0.9845847017830756
vn 0.3068005610812148 0.19188029023204387 0.9322313929174014
vn 0.18569697871116478 0.008370930368886021 -0.9825714017934292
vn 0.2663467767801067 -0.051724645844317345 -0.9624884183776592
vn 0.19443301328626625 0.11550419437591034 -0.9740916714693719
vn 0.18569697871116478 0.008370930368886021 -0.9825714017934292
vn 0.19443301328626625 0.11550419437591034 -0.9740916714693719
vn 0.23713478862512558 0.08996408747832996 -0.9673022045813338
vn -0.2538439492332663 0.018754634168581696 0.9670633449443017
vn -0.2434000044889229 -0.27266669285548867 0.9308111045867701
vn -0.050080133181932614 -0.24977046386149943 0.9670091497203588
vn 0.11966832760102143 -0.8028834666618139 0.5840013958290533
vn 0.11476254694113895 -0.9602306041675808 0.25453240390870796
vn -0.06980669971329266 -0.9167170548443418 0.3933914920694828
vn 0.30521999375540054 0.005635519089720853 -0.9522651922319447
vn 0.14690297390558615 0.12377514958821582 -0.9813761911734508
vn 0.18313313529341416 -0.07115551644974426 -0.9805096364831781
vn 0.30521999375540054 0.005635519089720853 -0.9522651922319447
vn 0.18313313529341416 -0.07115551644974426 -0.9805096364831781
vn 0.23713478862512558 0.08996408747832996 -0.9673022045813338
vn -0.7232316669766773 0.06604444108750182 -0.687440242991037
vn -0.9165469172167169 0.11579609832851885 -0.3827963063463712
vn -0.8545525789961126 0.3419786033495019 -0.3908842854122137
vn -0.7232316669766773 0.06604444108750182 -0.687440242991037
vn -0.8545525789961126 0.3419786033495019 -0.3908842854122137
vn -0.6905150366226167 0.3271614132001001 -0.6451002975592088
vn -0.4598575695926882 -0.38999451602906887 0.7977689472244193
vn -0.6441871917102762 -0.6155540946111556 0.4540000205328943
vn -0.3506297602212643 -0.7200079259417985 0.5988717373763505
vn -0.4598575695926882 -0.38999451602906887 0.7977689472244193
vn -0.3506297602212643 -0.7200079259417985 0.5988717373763505
vn -0.2003915237011848 -0.7497055263092112 0.6307018796944768
vn -0.42688763167361043 -0.8009040602779536 -0.4199043178563233
vn -0.26284384125688914 -0.8694875900777007 -0.41821578857594
vn -0.4155837585581437 -0.9045591770388021 -0.09519892256518281
vn -0.42688763167361043 -0.8009040602779536 -0.4199043178563233
vn -0.4155837585581437 -0.9045591770388021 -0.09519892256518281
vn -0.5578236526536839 -0.8049879544113817 -0.202057332934693
vn -0.13912192691253694 -0.9813070853493627 -0.13297177781499891
vn -0.4155837585581437 -0.9045591770388021 -0.09519892256518281
vn -0.26284384125688914 -0.8694875900777007 -0.41821578857594
vn 0.3088805262546748 0.9059937180431653 -0.28942737148887043
vn 0.1348412748976242 0.9264283394549563 -0.3514944699973467
vn 0.20199632117206184 0.9787134558832637 -0.03629679746192673
vn 0.3088805262546748 0.9059937180431653 -0.28942737148887043
vn 0.20199632117206184 0.9787134558832637 -0.03629679746192673
vn 0.2832469922114291 0.9553113732168866 -0.08456548708335469
vn -0.0316833649286345 0.9746512842859416 0.2214746902618077
vn 0.020469336992579888 0.9970887200483707 -0.07345128042033146
vn -0.29618665124398846 0.9517618110036301 0.08014313906980577
vn 0.17918642401496923 -0.9835395657350975 -0.02328407357709157
vn 0.7490718015458789 -0.6219186995080793 0.22827301051808743
vn 0.5368324355501912 -0.8433833185826898 -0.02270493509567741
vn -0.4213714106195607 0.7853616367445877 -0.45349005925416264
vn -0.04385674477479401 0.8828547328695288 -0.4675939548236607
vn -0.364666951869902 0.8219468506409656 -0.4375173012982605
vn 0.9113368664120968 -0.41102757689127517 0.022835213006823958
vn 0.9268525854455931 -0.20048267574845777 0.31741295118119905
vn 0.9863571157670106 -0.15183107791876993 -0.06361575240307117
vn 0.9113368664120968 -0.41102757689127517 0.022835213006823958
vn 0.9863571157670106 -0.15183107791876993 -0.06361575240307117
vn 0.9566063239790467 -0.09261079392605957 -0.2762744681864034
vn 0.2832469922114291 0.9553113732168866 -0.08456548708335469
vn 0.15628041190737477 0.9758928462412954 -0.15234692484302037
vn 0.3088805262546748 0.9059937180431653 -0.28942737148887043
vn 0.00470943630289357 -0.9821205791830668 -0.1881940199762637
vn -0.0038779634504238054 -0.9994325541613435 -0.03345939452546119
vn -0.028687045882843324 -0.984011018874538 -0.17578216101757643
vn 0.8207792438471019 -0.5605356895607426 -0.11009620156228116
vn 0.9019992045065232 -0.2878440753559352 -0.32178132847026114
vn 0.861503891217552 -0.2705797900176203 -0.42964825456533257
vn 0.8207792438471019 -0.5605356895607426 -0.11009620156228116
vn 0.861503891217552 -0.2705797900176203 -0.42964825456533257
vn 0.9302678166157916 -0.31583894104808413 -0.18667499212940267
vn 0.7490718015458789 -0.6219186995080793 0.22827301051808743
vn 0.6479577422908241 0.22729559360105314 0.7269714418977701
vn 0.461694465368924 -0.03455626992732102 0.8863656609190214
vn 0.7490718015458789 -0.6219186995080793 0.22827301051808743
vn 0.461694465368924 -0.03455626992732102 0.8863656609190214
vn 0.5368324355501912 -0.8433833185826898 -0.02270493509567741
vn 0.8780216573478755 0.39665394012088423 0.267849997227306
vn 0.9735808604903761 0.11325007273828484 0.19827942180567354
vn 0.9846156074210688 0.11628589719737072 -0.13042122425373162
vn -0.04385674477479401 0.8828547328695288 -0.4675939548236607
vn 0.15628041190737477 0.9758928462412954 -0.15234692484302037
vn -0.01932537806955873 0.971378386110228 -0.23674999632599272
vn -0.04385674477479401 0.8828547328695288 -0.4675939548236607
vn -0.01932537806955873 0.971378386110228 -0.23674999632599272
vn -0.364666951869902 0.8219468506409656 -0.4375173012982605
vn 0.9670973649181084 -0.24788082312252072 0.0572519370550272
vn 0.8446856797712649 0.28865121105812486 0.4507622219574685
vn 0.9804388393107719 0.11655909246622767 0.1585990552758617
vn 0.9670973649181084 -0.24788082312252072 0.0572519370550272
vn 0.9804388393107719 0.11655909246622767 0.1585990552758617
vn 0.8478175409681387 -0.5296241195632384 0.026527517856050852
vn 0.9670973649181084 -0.24788082312252072 0.0572519370550272
vn 0.8478175409681387 -0.5296241195632384 0.026527517856050852
vn 0.5368324355501912 -0.8433833185826898 -0.02270493509567741
vn -0.8613223874877445 -0.4850510234641621 0.15115968195514579
vn -0.8126594914011817 -0.57698794536769 -0.08166677375741278
vn -0.5578236526536839 -0.8049879544113817 -0.202057332934693
vn -0.8613223874877445 -0.4850510234641621 0.15115968195514579
vn -0.5578236526536839 -0.8049879544113817 -0.202057332934693
vn -0.7309507486014825 -0.6794493716815718 0.06371463285972864
vn -0.13912192691253694 -0.9813070853493627 -0.13297177781499891
vn -0.13619358246109978 -0.9902511108665022 0.029224057282826926
vn -0.47031424928432186 -0.8688646963417043 0.15452717033312516
vn -0.13912192691253694 -0.9813070853493627 -0.13297177781499891
vn -0.47031424928432186 -0.8688646963417043 0.15452717033312516
vn -0.4155837585581437 -0.9045591770388021 -0.09519892256518281
vn -0.4155837585581437 -0.9045591770388021 -0.09519892256518281
vn -0.47031424928432186 -0.8688646963417043 0.15452717033312516
vn -0.7682956369818617 -0.5616715862408267 0.30699648760914083
vn -0.4155837585581437 -0.9045591770388021 -0.09519892256518281
vn -0.7682956369818617 -0.5616715862408267 0.30699648760914083
vn -0.7309507486014825 -0.6794493716815718 0.06371463285972864
vn -0.4922612206102293 0.8703501918247519 -0.013016692127588582
vn -0.5955167285101146 0.7503505830673581 0.2869387191633196
vn -0.28197430044619837 0.8719458350259389 0.40025111451287054
vn -0.4922612206102293 0.8703501918247519 -0.013016692127588582
vn -0.28197430044619837 0.8719458350259389 0.40025111451287054
vn -0.29618665124398846 0.9517618110036301 0.08014313906980577
vn -0.29618665124398846 0.9517618110036301 0.08014313906980577
vn -0.28197430044619837 0.8719458350259389 0.40025111451287054
vn -0.014002336684239048 0.8746746860310165 0.4845081301525538
vn -0.29618665124398846 0.9517618110036301 0.08014313906980577
vn -0.014002336684239048 0.8746746860310165 0.4845081301525538
vn -0.0316833649286345 0.9746512842859416 0.2214746902618077
vn 0.5368324355501912 -0.8433833185826898 -0.02270493509567741
vn 0.8478175409681387 -0.5296241195632384 0.026527517856050852
vn 0.13366829828153579 -0.9748431754411503 0.17836358745644482
vn 0.5368324355501912 -0.8433833185826898 -0.02270493509567741
vn 0.13366829828153579 -0.9748431754411503 0.17836358745644482
vn 0.17918642401496923 -0.9835395657350975 -0.02328407357709157
vn -0.3083047241968142 0.9504113975035755 -0.04082122650321968
vn -0.4212044429767695 0.7982354364471577 -0.430589137364896
vn -0.4108413107329978 0.8600546495632456 -0.3025151519508324
vn -0.3083047241968142 0.9504113975035755 -0.04082122650321968
vn -0.4108413107329978 0.8600546495632456 -0.3025151519508324
vn -0.364666951869902 0.8219468506409656 -0.4375173012982605
vn 0.14337516547002183 0.9860582270281408 0.08445551987030364
vn 0.12146041569836007 0.9569639083878617 0.2635667760955655
vn 0.03742808410931901 0.8930846013202917 0.448329157432886
vn 0.14337516547002183 0.9860582270281408 0.08445551987030364
vn 0.03742808410931901 0.8930846013202917 0.448329157432886
vn -0.19627585050081814 0.9188796012088959 0.34225147040204384
vn 0.8645976808194267 -0.07522479755700692 0.4968018520035692
vn 0.6904892233308275 -0.6488147083849983 0.31978759614356517
vn 0.11966832760102143 -0.8028834666618139 0.5840013958290533
vn 0.8645976808194267 -0.07522479755700692 0.4968018520035692
vn 0.11966832760102143 -0.8028834666618139 0.5840013958290533
vn 0.6340437439366182 -0.0351798844511402 0.7724965414193391
vn -0.0038779634504238054 -0.9994325541613435 -0.03345939452546119
vn -0.06862277152041653 -0.9789301875775152 0.19231901382418706
vn -0.028687045882843324 -0.984011018874538 -0.17578216101757643
vn -0.06862277152041653 -0.9789301875775152 0.19231901382418706
vn -0.13619358246109978 -0.9902511108665022 0.029224057282826926
vn -0.03461479639612185 -0.9979437037067551 -0.053946085145255514
vn -0.9925261512284609 0.1153218813295351 0.03990868093830068
vn -0.9811388818706613 -0.1903974130033913 0.033396401051682206
vn -0.8933702114191283 -0.2226805239556396 0.3902602331775347
vn -0.9925261512284609 0.1153218813295351 0.03990868093830068
vn -0.8933702114191283 -0.2226805239556396 0.3902602331775347
vn -0.9042006129118297 0.154608978902203 0.3981423303954124
vn -0.7309507486014825 -0.6794493716815718 0.06371463285972864
vn -0.7682956369818617 -0.5616715862408267 0.30699648760914083
vn -0.8933702114191283 -0.2226805239556396 0.3902602331775347
vn -0.7309507486014825 -0.6794493716815718 0.06371463285972864
vn -0.8933702114191283 -0.2226805239556396 0.3902602331775347
vn -0.8613223874877445 -0.4850510234641621 0.15115968195514579
vn 0.13415604667673134 0.9235811920613591 0.3591656119544155
vn 0.35540818733490753 0.9071924592463069 0.22513742972227607
vn 0.012699448291672378 0.9865333234047433 0.16306663001693256
vn 0.11966832760102143 -0.8028834666618139 0.5840013958290533
vn 0.6904892233308275 -0.6488147083849983 0.31978759614356517
vn 0.4403956098674515 -0.873338674339231 0.2081616360256383
vn 0.12146041569836007 0.9569639083878617 0.2635667760955655
vn -0.0316833649286345 0.9746512842859416 0.2214746902618077
vn -0.014002336684239048 0.8746746860310165 0.4845081301525538
vn 0.12146041569836007 0.9569639083878617 0.2635667760955655
vn -0.014002336684239048 0.8746746860310165 0.4845081301525538
vn 0.03742808410931901 0.8930846013202917 0.448329157432886
vn -0.13619358246109978 -0.9902511108665022 0.029224057282826926
vn -0.13912192691253694 -0.9813070853493627 -0.13297177781499891
vn -0.03461479639612185 -0.9979437037067551 -0.053946085145255514
vn -0.6728525994395194 0.7397178878083935 0.009318040768895275
vn -0.564809729709777 0.7542694483501428 -0.3347649451641259
vn -0.7439925509400935 0.5353078968134719 -0.3999006623585282
vn -0.6728525994395194 0.7397178878083935 0.009318040768895275
vn -0.7439925509400935 0.5353078968134719 -0.3999006623585282
vn -0.8325987448274778 0.5258149444484672 -0.17406313310510105
vn -0.5955167285101146 0.7503505830673581 0.2869387191633196
vn -0.4922612206102293 0.8703501918247519 -0.013016692127588582
vn -0.6728525994395194 0.7397178878083935 0.009318040768895275
vn 0.12355637512510866 0.4205464271295149 0.8988184047929498
vn 0.008272875722151468 0.5553856399505527 0.8315517725698147
vn 0.06215614769832481 0.5963599954393867 0.8003070467906918
vn 0.12355637512510866 0.4205464271295149 0.8988184047929498
vn 0.06215614769832481 0.5963599954393867 0.8003070467906918
vn -0.005491478707953046 0.376518378205535 0.9263928726707009
vn -0.8325987448274778 0.5258149444484672 -0.17406313310510105
vn -0.8553055055762789 0.49849210553666984 0.14127318517158025
vn -0.6728525994395194 0.7397178878083935 0.009318040768895275
vn 0.3555988495067701 0.20483588537827765 -0.9119165083990741
vn 0.13267048684163288 0.21030824196202552 -0.968591237459872
vn 0.17723312397903873 0.4376045182677006 -0.8815274841752379
vn -0.8200062004953701 0.13986530044489526 0.5550022782661401
vn -0.0525424140440947 0.32562084590950324 0.9440393844727023
vn 0.1573488773934442 0.32167908487767166 0.9336829746414393
vn -0.8200062004953701 0.13986530044489526 0.5550022782661401
vn 0.1573488773934442 0.32167908487767166 0.9336829746414393
vn -0.5968633389327231 -0.31836110996535016 0.736478348832952
vn 0.33217416385136345 0.5180481700584479 -0.7882172405934426
vn -0.15208929094230653 0.535501005143359 -0.8307271038500662
vn 0.10544467496315822 0.3462853715265731 -0.9321844570623442
vn 0.33217416385136345 0.5180481700584479 -0.7882172405934426
vn 0.10544467496315822 0.3462853715265731 -0.9321844570623442
vn 0.2841820334886574 0.4092287765572525 -0.8670480841797104
vn -0.7037721902162742 0.3367532865648454 0.625541308201116
vn -0.4800892658899174 0.22028323738510722 0.8491110599352811
vn -0.3908639399449695 0.45511777820048765 0.8000582406403594
vn -0.7037721902162742 0.3367532865648454 0.625541308201116
vn -0.3908639399449695 0.45511777820048765 0.8000582406403594
vn -0.538613073082788 0.6411196257356481 0.5466823419508791
vn -0.21843627940734486 0.5171225175535442 -0.8275686640259893
vn -0.5441999082315782 0.5455239583645289 -0.6373774946850868
vn -0.35607254203853705 0.7593001783157479 -0.5446793405444047
vn -0.0655494535785633 0.8276019569642163 -0.5574749052330077
vn 0.10221689506995442 0.6308215368162071 -0.7691657136476485
vn 0.002883106842948074 0.4487138093010172 -0.8936708594541407
vn -0.0655494535785633 0.8276019569642163 -0.5574749052330077
vn 0.002883106842948074 0.4487138093010172 -0.8936708594541407
vn -0.21843627940734486 0.5171225175535442 -0.8275686640259893
vn 0.15401784864663468 0.2869864086860573 -0.9454720003933177
vn -0.15208929094230653 0.535501005143359 -0.8307271038500662
vn -0.053800850474292665 0.42397773992633264 -0.9040731964477222
vn 0.15401784864663468 0.2869864086860573 -0.9454720003933177
vn -0.053800850474292665 0.42397773992633264 -0.9040731964477222
vn -0.23668673409070975 0.28383132952765033 -0.9292035117691064
vn -0.04385674477479401 0.8828547328695288 -0.4675939548236607
vn -0.4213714106195607 0.7853616367445877 -0.45349005925416264
vn -0.23823873773073703 0.5465804314188061 -0.8028026755277397
vn -0.04385674477479401 0.8828547328695288 -0.4675939548236607
vn -0.23823873773073703 0.5465804314188061 -0.8028026755277397
vn 0.2893039082473828 0.6300883289132545 -0.7206191410447633
vn -0.7278937907473707 0.07965274215185528 0.6810477736980814
vn -0.0525424140440947 0.32562084590950324 0.9440393844727023
vn -0.8200062004953701 0.13986530044489526 0.5550022782661401
vn -0.1269970825289627 0.4217508563980098 0.8977738892152506
vn 0.008272875722151468 0.5553856399505527 0.8315517725698147
vn -0.04457890154914206 0.42124698431753965 0.905849711453313
vn -0.4922612206102293 0.8703501918247519 -0.013016692127588582
vn -0.26310055068390914 0.9329232073354073 -0.2458300011081644
vn -0.564809729709777 0.7542694483501428 -0.3347649451641259
vn -0.4922612206102293 0.8703501918247519 -0.013016692127588582
vn -0.564809729709777 0.7542694483501428 -0.3347649451641259
vn -0.6728525994395194 0.7397178878083935 0.009318040768895275
vn -0.8553055055762789 0.49849210553666984 0.14127318517158025
vn -0.8152322083237629 0.4302714193641891 0.38763765579454085
vn -0.5955167285101146 0.7503505830673581 0.2869387191633196
vn -0.8553055055762789 0.49849210553666984 0.14127318517158025
vn -0.5955167285101146 0.7503505830673581 0.2869387191633196
vn -0.6728525994395194 0.7397178878083935 0.009318040768895275
vn -0.1787073829114582 0.3164679134334481 0.9316178031038356
vn -0.005491478707953046 0.376518378205535 0.9263928726707009
vn 0.06215614769832481 0.5963599954393867 0.8003070467906918
vn -0.1787073829114582 0.3164679134334481 0.9316178031038356
vn 0.06215614769832481 0.5963599954393867 0.8003070467906918
vn -0.10018594566785871 0.5111391080025595 0.8536390270840389
vn -0.538613073082788 0.6411196257356481 0.5466823419508791
vn -0.5955167285101146 0.7503505830673581 0.2869387191633196
vn -0.8152322083237629 0.4302714193641891 0.38763765579454085
vn 0.33217416385136345 0.5180481700584479 -0.7882172405934426
vn 0.2841820334886574 0.4092287765572525 -0.8670480841797104
vn 0.3555988495067701 0.20483588537827765 -0.9119165083990741
vn 0.33217416385136345 0.5180481700584479 -0.7882172405934426
vn 0.3555988495067701 0.20483588537827765 -0.9119165083990741
vn 0.4084687609556847 0.5104034618871105 -0.7567308487282521
vn 0.002883106842948074 0.4487138093010172 -0.8936708594541407
vn 0.17723312397903873 0.4376045182677006 -0.8815274841752379
vn 0.13267048684163288 0.21030824196202552 -0.968591237459872
vn -0.5441999082315782 0.5455239583645289 -0.6373774946850868
vn -0.7439925509400935 0.5353078968134719 -0.3999006623585282
vn -0.564809729709777 0.7542694483501428 -0.3347649451641259
vn -0.5441999082315782 0.5455239583645289 -0.6373774946850868
vn -0.564809729709777 0.7542694483501428 -0.3347649451641259
vn -0.35607254203853705 0.7593001783157479 -0.5446793405444047
vn 0.8876170028721987 0.46053083983965154 0.006884894244689824
vn 0.6842822764495161 0.7290852019407774 -0.013875678291308029
vn 0.6874792618084834 0.7244767175850834 -0.050057469576537054
vn 0.9957753716842072 -0.0762889159059442 -0.051101961381875664
vn 0.9863571157670106 -0.15183107791876993 -0.06361575240307117
vn 0.9268525854455931 -0.20048267574845777 0.31741295118119905
vn 0.9957753716842072 -0.0762889159059442 -0.051101961381875664
vn 0.9268525854455931 -0.20048267574845777 0.31741295118119905
vn 0.8874770194520869 -0.10090424892685908 0.44966973713265007
vn 0.1573488773934442 0.32167908487767166 0.9336829746414393
vn -0.0525424140440947 0.32562084590950324 0.9440393844727023
vn -0.04457890154914206 0.42124698431753965 0.905849711453313
vn -0.8933702114191283 -0.2226805239556396 0.3902602331775347
vn -0.9811388818706613 -0.1903974130033913 0.033396401051682206
vn -0.8613223874877445 -0.4850510234641621 0.15115968195514579
vn -0.6472922894179297 -0.43485998283222316 -0.6260267465462267
vn -0.8944840967784127 -0.24243902915606907 -0.3756614403320761
vn -0.9165469172167169 0.11579609832851885 -0.3827963063463712
vn -0.6472922894179297 -0.43485998283222316 -0.6260267465462267
vn -0.9165469172167169 0.11579609832851885 -0.3827963063463712
vn -0.7232316669766773 0.06604444108750182 -0.687440242991037
vn 0.2611271298032996 0.1767506050071818 0.9489846393436966
vn 0.3068005610812148 0.19188029023204387 0.9322313929174014
vn 0.13168552443110387 0.11511684355487425 0.9845847017830756
vn 0.2611271298032996 0.1767506050071818 0.9489846393436966
vn 0.13168552443110387 0.11511684355487425 0.9845847017830756
vn 0.0920435213076278 -0.17278991496973853 0.9806485789874183
vn -0.8933702114191283 -0.2226805239556396 0.3902602331775347
vn -0.7627772108004115 -0.1762470128893939 0.6221799716570042
vn -0.7584066313517471 0.07811914325394725 0.647083287513257
vn -0.8933702114191283 -0.2226805239556396 0.3902602331775347
vn -0.7584066313517471 0.07811914325394725 0.647083287513257
vn -0.9042006129118297 0.154608978902203 0.3981423303954124
vn -0.9811388818706613 -0.1903974130033913 0.033396401051682206
vn -0.8944840967784127 -0.24243902915606907 -0.3756614403320761
vn -0.7051668177735457 -0.6365823796703244 -0.3122541160727872
vn -0.9811388818706613 -0.1903974130033913 0.033396401051682206
vn -0.7051668177735457 -0.6365823796703244 -0.3122541160727872
vn -0.8126594914011817 -0.57698794536769 -0.08166677375741278
vn 0.0496875596886418 -0.09986281485014602 -0.9937598123401817
vn 0.14285230221292117 -0.09201834972774563 -0.9854571746483205
vn 0.18050754587139375 -0.10617520178025043 -0.9778260849509025
vn 0.0496875596886418 -0.09986281485014602 -0.9937598123401817
vn 0.18050754587139375 -0.10617520178025043 -0.9778260849509025
vn 0.18313313529341416 -0.07115551644974426 -0.9805096364831781
vn 0.7507662637235858 -0.11961908619280118 -0.6496470514617351
vn 0.30521999375540054 0.005635519089720853 -0.9522651922319447
vn 0.23713478862512558 0.08996408747832996 -0.9673022045813338
vn 0.7507662637235858 -0.11961908619280118 -0.6496470514617351
vn 0.23713478862512558 0.08996408747832996 -0.9673022045813338
vn 0.6929847035807295 0.04054610976723394 -0.719811234689951
vn 0.14690297390558615 0.12377514958821582 -0.9813761911734508
vn 0.0496875596886418 -0.09986281485014602 -0.9937598123401817
vn 0.18313313529341416 -0.07115551644974426 -0.9805096364831781
vn -0.5338451846134231 -0.05115219200712412 0.8440336321011899
vn -0.501572940416466 -0.31488788658094724 0.8057730476545891
vn -0.2434000044889229 -0.27266669285548867 0.9308111045867701
vn -0.5338451846134231 -0.05115219200712412 0.8440336321011899
vn -0.2434000044889229 -0.27266669285548867 0.9308111045867701
vn -0.2538439492332663 0.018754634168581696 0.9670633449443017
vn 0.9957753716842072 -0.0762889159059442 -0.051101961381875664
vn 0.7507662637235858 -0.11961908619280118 -0.6496470514617351
vn 0.6929847035807295 0.04054610976723394 -0.719811234689951
vn 0.2300810796914963 0.1657614209068202 -0.9589503887620814
vn 0.19443301328626625 0.11550419437591034 -0.9740916714693719
vn 0.2663467767801067 -0.051724645844317345 -0.9624884183776592
vn 0.2300810796914963 0.1657614209068202 -0.9589503887620814
vn 0.2663467767801067 -0.051724645844317345 -0.9624884183776592
vn 0.3555988495067701 0.20483588537827765 -0.9119165083990741
vn -0.7627772108004115 -0.1762470128893939 0.6221799716570042
vn -0.501572940416466 -0.31488788658094724 0.8057730476545891
vn -0.5338451846134231 -0.05115219200712412 0.8440336321011899
vn -0.8545525789961126 0.3419786033495019 -0.3908842854122137
vn -0.5441999082315782 0.5455239583645289 -0.6373774946850868
vn -0.6905150366226167 0.3271614132001001 -0.6451002975592088
vn -0.1787073829114582 0.3164679134334481 0.9316178031038356
vn -0.2538439492332663 0.018754634168581696 0.9670633449443017
vn -0.07332540818009292 0.0544474495825915 0.9958206965860741
vn -0.1787073829114582 0.3164679134334481 0.9316178031038356
vn -0.07332540818009292 0.0544474495825915 0.9958206965860741
vn -0.005491478707953046 0.376518378205535 0.9263928726707009
vn -0.02328817975258708 0.12527400069891131 -0.9918488218638465
vn 0.13267048684163288 0.21030824196202552 -0.968591237459872
vn 0.18395859827467329 -0.04906273030179314 -0.9817087565139424
vn -0.9042006129118297 0.154608978902203 0.3981423303954124
vn -0.7584066313517471 0.07811914325394725 0.647083287513257
vn -0.7037721902162742 0.3367532865648454 0.625541308201116
vn -0.9042006129118297 0.154608978902203 0.3981423303954124
vn -0.7037721902162742 0.3367532865648454 0.625541308201116
vn -0.8152322083237629 0.4302714193641891 0.38763765579454085
vn -0.06884237769784181 0.3537793159798189 0.9327920039418001
vn 0.02678535015979082 0.307614540698375 0.9511339755090998
vn 0.1624687749222786 0.12779933293105614 0.978402385359741
vn -0.2538439492332663 0.018754634168581696 0.9670633449443017
vn -0.1787073829114582 0.3164679134334481 0.9316178031038356
vn -0.4800892658899174 0.22028323738510722 0.8491110599352811
vn -0.8553055055762789 0.49849210553666984 0.14127318517158025
vn -0.949450709161303 0.3133283861994996 -0.019200866509511447
vn -0.9042006129118297 0.154608978902203 0.3981423303954124
vn -0.8553055055762789 0.49849210553666984 0.14127318517158025
vn -0.9042006129118297 0.154608978902203 0.3981423303954124
vn -0.8152322083237629 0.4302714193641891 0.38763765579454085
vn -0.8325987448274778 0.5258149444484672 -0.17406313310510105
vn -0.7439925509400935 0.5353078968134719 -0.3999006623585282
vn -0.8545525789961126 0.3419786033495019 -0.3908842854122137
vn -0.8325987448274778 0.5258149444484672 -0.17406313310510105
vn -0.8545525789961126 0.3419786033495019 -0.3908842854122137
vn -0.949450709161303 0.3133283861994996 -0.019200866509511447
vn -0.21843627940734486 0.5171225175535442 -0.8275686640259893
vn 0.002883106842948074 0.4487138093010172 -0.8936708594541407
vn -0.02328817975258708 0.12527400069891131 -0.9918488218638465
vn -0.21843627940734486 0.5171225175535442 -0.8275686640259893
vn -0.02328817975258708 0.12527400069891131 -0.9918488218638465
vn -0.3611042996429943 0.2644022413623831 -0.8942567525838934
vn 0.85050327342869 0.32535792392465607 0.4132631162183732
vn 0.8780216573478755 0.39665394012088423 0.267849997227306
vn 0.9477074793165875 0.29449015369338566 -0.12298814180662207
vn -0.111389004840964 0.16256439083647933 0.9803903857303496
vn 0.14812114131055407 0.43916347024358776 0.8861126191971695
vn 0.08997823788707462 0.4859886174330183 0.8693209881466571
vn 0.8728091222158556 0.14260301336840303 -0.466763983995165
vn 0.7632067143441729 0.21485230155838136 -0.6093882175551464
vn 0.7317264938430176 0.20201209151952706 -0.6509742338127605
vn -0.5968633389327231 -0.31836110996535016 0.736478348832952
vn 0.1573488773934442 0.32167908487767166 0.9336829746414393
vn -0.14607089512379343 -0.47739971794901864 0.8664599257322472
vn 0.15401784864663468 0.2869864086860573 -0.9454720003933177
vn 0.5092124735252633 0.3031513187245485 -0.8054824236206835
vn 0.10544467496315822 0.3462853715265731 -0.9321844570623442
vn -0.5415709558454078 -0.09949701476848417 0.8347462152276292
vn -0.4164828860782569 0.07354987005188826 0.9061635736550417
vn -0.7188778135251923 -0.2182465309993627 0.6599872278521631
vn -0.5415709558454078 -0.09949701476848417 0.8347462152276292
vn -0.7188778135251923 -0.2182465309993627 0.6599872278521631
vn -0.40146706627566314 0.11318433437850589 0.9088528490065414
vn 0.7830703711991287 0.5113917550637354 0.3539481128681029
vn 0.8780216573478755 0.39665394012088423 0.267849997227306
vn 0.85050327342869 0.32535792392465607 0.4132631162183732
vn -0.4168939729153424 -0.04953040436379552 -0.907604624487128
vn -0.7510830534612903 0.4567454432094297 -0.47671568771195916
vn -0.9166212372687822 0.17489462747648366 -0.35946818589091956
vn -0.19233864958841268 0.10847134345193662 0.9753152369999342
vn -0.5415709558454078 -0.09949701476848417 0.8347462152276292
vn -0.5981784730697859 0.33041167445403286 0.7300757767111449
vn -0.19233864958841268 0.10847134345193662 0.9753152369999342
vn -0.5981784730697859 0.33041167445403286 0.7300757767111449
vn -0.15960858618240864 0.3317418835247318 0.9297700909000653
vn -0.7510830534612903 0.4567454432094297 -0.47671568771195916
vn -0.23823873773073703 0.5465804314188061 -0.8028026755277397
vn -0.4213714106195607 0.7853616367445877 -0.45349005925416264
vn -0.7510830534612903 0.4567454432094297 -0.47671568771195916
vn -0.4213714106195607 0.7853616367445877 -0.45349005925416264
vn -0.4395300632166058 0.8714762110373879 -0.21758340268670448
vn -0.5981784730697859 0.33041167445403286 0.7300757767111449
vn -0.41655863526834397 0.398107575463514 0.8173061003944222
vn -0.05530563802208002 0.4116270480776256 0.9096727211991523
vn -0.5981784730697859 0.33041167445403286 0.7300757767111449
vn -0.05530563802208002 0.4116270480776256 0.9096727211991523
vn -0.15960858618240864 0.3317418835247318 0.9297700909000653
vn 0.9846195588959353 -0.11964139984975453 -0.1273195180699528
vn 0.9705210678181168 0.16882097050066583 -0.1720126066321765
vn 0.7970887343191324 -0.3721223308778404 -0.4755780908363697
vn 0.7982482081788895 0.45481730395244807 -0.3948936795703609
vn 0.8728091222158556 0.14260301336840303 -0.466763983995165
vn 0.8611784521775518 0.31495474263513923 -0.3989676473057804
vn 0.9477074793165875 0.29449015369338566 -0.12298814180662207
vn 0.8728091222158556 0.14260301336840303 -0.466763983995165
vn 0.7982482081788895 0.45481730395244807 -0.3948936795703609
vn -0.7042374932868118 0.08594916503699218 0.704742714810555
vn -0.4598575695926882 -0.38999451602906887 0.7977689472244193
vn -0.111389004840964 0.16256439083647933 0.9803903857303496
vn 0.14812114131055407 0.43916347024358776 0.8861126191971695
vn 0.02678535015979082 0.307614540698375 0.9511339755090998
vn 0.08997823788707462 0.4859886174330183 0.8693209881466571
vn 0.85050327342869 0.32535792392465607 0.4132631162183732
vn 0.9477074793165875 0.29449015369338566 -0.12298814180662207
vn 0.8876170028721987 0.46053083983965154 0.006884894244689824
vn 0.6688354015740581 0.4486756678967055 0.5927472907055027
vn -0.06884237769784181 0.3537793159798189 0.9327920039418001
vn 0.6079152745040692 0.24250209580160387 0.7560633257581482
vn 0.5092124735252633 0.3031513187245485 -0.8054824236206835
vn 0.7632067143441729 0.21485230155838136 -0.6093882175551464
vn 0.7373891331643265 0.1706768763054512 -0.6535492867303709
vn -0.05530563802208002 0.4116270480776256 0.9096727211991523
vn 0.01715933992064113 0.6831092466032221 0.7301145898135897
vn -0.15960858618240864 0.3317418835247318 0.9297700909000653
vn 0.08997823788707462 0.4859886174330183 0.8693209881466571
vn 0.17215023861866033 0.36171437784374433 0.9162570622945568
vn -0.05530563802208002 0.4116270480776256 0.9096727211991523
vn 0.08997823788707462 0.4859886174330183 0.8693209881466571
vn 0.02678535015979082 0.307614540698375 0.9511339755090998
vn 0.17215023861866033 0.36171437784374433 0.9162570622945568
vn -0.41655863526834397 0.398107575463514 0.8173061003944222
vn -0.111389004840964 0.16256439083647933 0.9803903857303496
vn 0.08997823788707462 0.4859886174330183 0.8693209881466571
vn -0.41655863526834397 0.398107575463514 0.8173061003944222
vn 0.08997823788707462 0.4859886174330183 0.8693209881466571
vn -0.05530563802208002 0.4116270480776256 0.9096727211991523
vn 0.15401784864663468 0.2869864086860573 -0.9454720003933177
vn 0.6522061035698253 -0.025822568149356975 -0.757601738013079
vn 0.7317264938430176 0.20201209151952706 -0.6509742338127605
vn -0.111389004840964 0.16256439083647933 0.9803903857303496
vn -0.41655863526834397 0.398107575463514 0.8173061003944222
vn -0.7042374932868118 0.08594916503699218 0.704742714810555
vn -0.7042374932868118 0.08594916503699218 0.704742714810555
vn -0.5981784730697859 0.33041167445403286 0.7300757767111449
vn -0.7278937907473707 0.07965274215185528 0.6810477736980814
vn -0.7042374932868118 0.08594916503699218 0.704742714810555
vn -0.7278937907473707 0.07965274215185528 0.6810477736980814
vn -0.8200062004953701 0.13986530044489526 0.5550022782661401
vn -0.5981784730697859 0.33041167445403286 0.7300757767111449
vn -0.7042374932868118 0.08594916503699218 0.704742714810555
vn -0.41655863526834397 0.398107575463514 0.8173061003944222
vn 0.7632067143441729 0.21485230155838136 -0.6093882175551464
vn 0.5092124735252633 0.3031513187245485 -0.8054824236206835
vn 0.15401784864663468 0.2869864086860573 -0.9454720003933177
vn 0.7632067143441729 0.21485230155838136 -0.6093882175551464
vn 0.15401784864663468 0.2869864086860573 -0.9454720003933177
vn 0.7317264938430176 0.20201209151952706 -0.6509742338127605
vn 0.4354293444851993 0.7057337833870626 0.5588748634062658
vn 0.6789961688927817 0.664837270088159 0.31137695311414676
vn 0.35540818733490753 0.9071924592463069 0.22513742972227607
vn -0.8138162332556438 -0.2575561337516446 0.5209299151099891
vn -0.7042374932868118 0.08594916503699218 0.704742714810555
vn -0.8200062004953701 0.13986530044489526 0.5550022782661401
vn -0.8138162332556438 -0.2575561337516446 0.5209299151099891
vn -0.8200062004953701 0.13986530044489526 0.5550022782661401
vn -0.5968633389327231 -0.31836110996535016 0.736478348832952
vn 0.7982482081788895 0.45481730395244807 -0.3948936795703609
vn 0.8876170028721987 0.46053083983965154 0.006884894244689824
vn 0.9477074793165875 0.29449015369338566 -0.12298814180662207
vn 0.8469591389521529 0.3763251187676984 0.375552422345943
vn 0.85050327342869 0.32535792392465607 0.4132631162183732
vn 0.6789961688927817 0.664837270088159 0.31137695311414676
vn 0.7830703711991287 0.5113917550637354 0.3539481128681029
vn 0.85050327342869 0.32535792392465607 0.4132631162183732
vn 0.8469591389521529 0.3763251187676984 0.375552422345943
vn 0.6688354015740581 0.4486756678967055 0.5927472907055027
vn 0.17215023861866033 0.36171437784374433 0.9162570622945568
vn -0.06884237769784181 0.3537793159798189 0.9327920039418001
vn 0.6522061035698253 -0.025822568149356975 -0.757601738013079
vn 0.9705210678181168 0.16882097050066583 -0.1720126066321765
vn 0.8611784521775518 0.31495474263513923 -0.3989676473057804
vn 0.6522061035698253 -0.025822568149356975 -0.757601738013079
vn 0.8611784521775518 0.31495474263513923 -0.3989676473057804
vn 0.7317264938430176 0.20201209151952706 -0.6509742338127605
vn 0.6842822764495161 0.7290852019407774 -0.013875678291308029
vn 0.7982482081788895 0.45481730395244807 -0.3948936795703609
vn 0.8611784521775518 0.31495474263513923 -0.3989676473057804
vn 0.9187975536802825 0.207624681599942 0.33571274468159706
vn 0.7830703711991287 0.5113917550637354 0.3539481128681029
vn 0.894992329522999 0.4238035608723739 0.13920945329571346
vn 0.9187975536802825 0.207624681599942 0.33571274468159706
vn 0.894992329522999 0.4238035608723739 0.13920945329571346
vn 0.6079152745040692 0.24250209580160387 0.7560633257581482
vn 0.85050327342869 0.32535792392465607 0.4132631162183732
vn 0.8876170028721987 0.46053083983965154 0.006884894244689824
vn 0.6789961688927817 0.664837270088159 0.31137695311414676
vn 0.6688354015740581 0.4486756678967055 0.5927472907055027
vn 0.8469591389521529 0.3763251187676984 0.375552422345943
vn 0.4354293444851993 0.7057337833870626 0.5588748634062658
vn -0.4108413107329978 0.8600546495632456 -0.3025151519508324
vn -0.4212044429767695 0.7982354364471577 -0.430589137364896
vn -0.1931918171569006 0.9800931742238801 0.04576343107081805
vn -0.4108413107329978 0.8600546495632456 -0.3025151519508324
vn -0.1931918171569006 0.9800931742238801 0.04576343107081805
vn -0.36454867904991933 0.9105375355967618 -0.19500168428076328
vn 0.11476254694113895 -0.9602306041675808 0.25453240390870796
vn 0.7898501563369699 -0.512430627786497 0.3369741566363817
vn 0.5187755746032687 -0.6564261900585221 0.5477011595754583
vn 0.11476254694113895 -0.9602306041675808 0.25453240390870796
vn 0.5187755746032687 -0.6564261900585221 0.5477011595754583
vn 0.24664197167229943 -0.933043867610064 0.26191005884626467
vn 0.11476254694113895 -0.9602306041675808 0.25453240390870796
vn 0.11966832760102143 -0.8028834666618139 0.5840013958290533
vn 0.4403956098674515 -0.873338674339231 0.2081616360256383
vn 0.7112364348006057 -0.702945453002861 -0.00322860879111792
vn 0.6904892233308275 -0.6488147083849983 0.31978759614356517
vn 0.9113368664120968 -0.41102757689127517 0.022835213006823958
vn 0.7112364348006057 -0.702945453002861 -0.00322860879111792
vn 0.9113368664120968 -0.41102757689127517 0.022835213006823958
vn 0.8207792438471019 -0.5605356895607426 -0.11009620156228116
vn 0.5187755746032687 -0.6564261900585221 0.5477011595754583
vn 0.7898501563369699 -0.512430627786497 0.3369741566363817
vn 0.6079152745040692 0.24250209580160387 0.7560633257581482
vn 0.13415604667673134 0.9235811920613591 0.3591656119544155
vn 0.012699448291672378 0.9865333234047433 0.16306663001693256
vn -0.1508556286408852 0.9492630932621059 0.2759386871713021
vn 0.012699448291672378 0.9865333234047433 0.16306663001693256
vn -0.12039655928590369 0.9703765349873059 -0.20946133022146554
vn -0.36454867904991933 0.9105375355967618 -0.19500168428076328
vn -0.3506297602212643 -0.7200079259417985 0.5988717373763505
vn 0.11966832760102143 -0.8028834666618139 0.5840013958290533
vn -0.06980669971329266 -0.9167170548443418 0.3933914920694828
vn -0.3506297602212643 -0.7200079259417985 0.5988717373763505
vn -0.06980669971329266 -0.9167170548443418 0.3933914920694828
vn -0.2003915237011848 -0.7497055263092112 0.6307018796944768
vn 0.8814459733461689 0.05469203395484985 -0.4691074263894214
vn 0.8941769713005491 0.09628068447773956 -0.43723857765786756
vn 0.861503891217552 -0.2705797900176203 -0.42964825456533257
vn 0.8941769713005491 0.09628068447773956 -0.43723857765786756
vn 0.9846156074210688 0.11628589719737072 -0.13042122425373162
vn 0.9302678166157916 -0.31583894104808413 -0.18667499212940267
vn 0.9188428872425419 -0.015106896881400244 -0.39433428741412296
vn 0.9566063239790467 -0.09261079392605957 -0.2762744681864034
vn 0.7373891331643265 0.1706768763054512 -0.6535492867303709
vn 0.20543371789548517 0.5001065635559743 0.8412433730139408
vn 0.02678535015979082 0.307614540698375 0.9511339755090998
vn 0.14812114131055407 0.43916347024358776 0.8861126191971695
vn 0.20543371789548517 0.5001065635559743 0.8412433730139408
vn 0.14812114131055407 0.43916347024358776 0.8861126191971695
vn 0.20100665629324213 0.04743456513095115 0.9784407422816407
vn 0.7898501563369699 -0.512430627786497 0.3369741566363817
vn 0.4403956098674515 -0.873338674339231 0.2081616360256383
vn 0.9062080664110973 -0.4141322257383815 0.08533135400563317
vn 0.7112364348006057 -0.702945453002861 -0.00322860879111792
vn 0.9062080664110973 -0.4141322257383815 0.08533135400563317
vn 0.4403956098674515 -0.873338674339231 0.2081616360256383
vn 0.24664197167229943 -0.933043867610064 0.26191005884626467
vn -0.06980669971329266 -0.9167170548443418 0.3933914920694828
vn 0.11476254694113895 -0.9602306041675808 0.25453240390870796
vn 0.2337979359267315 -0.7329608137132673 0.6388325059960435
vn -0.06980669971329266 -0.9167170548443418 0.3933914920694828
vn 0.24664197167229943 -0.933043867610064 0.26191005884626467
vn 0.20543371789548517 0.5001065635559743 0.8412433730139408
vn 0.1624687749222786 0.12779933293105614 0.978402385359741
vn 0.02678535015979082 0.307614540698375 0.9511339755090998
vn 0.20100665629324213 0.04743456513095115 0.9784407422816407
vn 0.14812114131055407 0.43916347024358776 0.8861126191971695
vn -0.111389004840964 0.16256439083647933 0.9803903857303496
vn 0.20100665629324213 0.04743456513095115 0.9784407422816407
vn -0.111389004840964 0.16256439083647933 0.9803903857303496
vn -0.09071467755636563 -0.26188906758383207 0.9608251472333119
vn 0.4160668600285571 0.8712707883156561 0.26033743759550265
vn 0.012699448291672378 0.9865333234047433 0.16306663001693256
vn 0.35540818733490753 0.9071924592463069 0.22513742972227607
vn 0.4160668600285571 0.8712707883156561 0.26033743759550265
vn 0.35540818733490753 0.9071924592463069 0.22513742972227607
vn 0.6789961688927817 0.664837270088159 0.31137695311414676
vn 0.8814459733461689 0.05469203395484985 -0.4691074263894214
vn 0.7632067143441729 0.21485230155838136 -0.6093882175551464
vn 0.8728091222158556 0.14260301336840303 -0.466763983995165
vn 0.9477074793165875 0.29449015369338566 -0.12298814180662207
vn 0.8814459733461689 0.05469203395484985 -0.4691074263894214
vn 0.8728091222158556 0.14260301336840303 -0.466763983995165
vn -0.16674309713690372 -0.28286543253684093 0.9445548616321549
vn -0.6441871917102762 -0.6155540946111556 0.4540000205328943
vn -0.5968633389327231 -0.31836110996535016 0.736478348832952
vn -0.16674309713690372 -0.28286543253684093 0.9445548616321549
vn -0.5968633389327231 -0.31836110996535016 0.736478348832952
vn -0.14607089512379343 -0.47739971794901864 0.8664599257322472
vn 0.7898501563369699 -0.512430627786497 0.3369741566363817
vn 0.9062080664110973 -0.4141322257383815 0.08533135400563317
vn 0.9187975536802825 0.207624681599942 0.33571274468159706
vn 0.1032098255676503 -0.5028202488932907 0.8582071598449786
vn -0.2003915237011848 -0.7497055263092112 0.6307018796944768
vn -0.06980669971329266 -0.9167170548443418 0.3933914920694828
vn 0.1032098255676503 -0.5028202488932907 0.8582071598449786
vn -0.06980669971329266 -0.9167170548443418 0.3933914920694828
vn 0.2337979359267315 -0.7329608137132673 0.6388325059960435
vn 0.9735808604903761 0.11325007273828484 0.19827942180567354
vn 0.9062080664110973 -0.4141322257383815 0.08533135400563317
vn 0.9302678166157916 -0.31583894104808413 -0.18667499212940267
vn 0.9302678166157916 -0.31583894104808413 -0.18667499212940267
vn 0.9062080664110973 -0.4141322257383815 0.08533135400563317
vn 0.8207792438471019 -0.5605356895607426 -0.11009620156228116
vn 0.6079152745040692 0.24250209580160387 0.7560633257581482
vn 0.2337979359267315 -0.7329608137132673 0.6388325059960435
vn 0.5187755746032687 -0.6564261900585221 0.5477011595754583
vn 0.6842822764495161 0.7290852019407774 -0.013875678291308029
vn 0.23142868087738797 0.9668588437569963 0.10781809642280075
vn 0.4160668600285571 0.8712707883156561 0.26033743759550265
vn 0.23142868087738797 0.9668588437569963 0.10781809642280075
vn 0.012699448291672378 0.9865333234047433 0.16306663001693256
vn 0.4160668600285571 0.8712707883156561 0.26033743759550265
vn 0.4354293444851993 0.7057337833870626 0.5588748634062658
vn 0.01715933992064113 0.6831092466032221 0.7301145898135897
vn 0.17215023861866033 0.36171437784374433 0.9162570622945568
vn 0.13415604667673134 0.9235811920613591 0.3591656119544155
vn -0.1508556286408852 0.9492630932621059 0.2759386871713021
vn 0.01715933992064113 0.6831092466032221 0.7301145898135897
vn 0.7112364348006057 -0.702945453002861 -0.00322860879111792
vn 0.4403956098674515 -0.873338674339231 0.2081616360256383
vn 0.6904892233308275 -0.6488147083849983 0.31978759614356517
vn -0.09071467755636563 -0.26188906758383207 0.9608251472333119
vn -0.4598575695926882 -0.38999451602906887 0.7977689472244193
vn -0.2003915237011848 -0.7497055263092112 0.6307018796944768
vn -0.09071467755636563 -0.26188906758383207 0.9608251472333119
vn -0.2003915237011848 -0.7497055263092112 0.6307018796944768
vn 0.1032098255676503 -0.5028202488932907 0.8582071598449786
vn 0.7730803605372741 0.1346104001024941 0.6198603038877426
vn 0.9679924170637574 -0.06633173575250782 0.24205532702075433
vn 0.8874770194520869 -0.10090424892685908 0.44966973713265007
vn 0.7730803605372741 0.1346104001024941 0.6198603038877426
vn 0.8874770194520869 -0.10090424892685908 0.44966973713265007
vn 0.9402378999031923 -0.1395536768527981 0.31060821441568387
vn 0.7373891331643265 0.1706768763054512 -0.6535492867303709
vn 0.8814459733461689 0.05469203395484985 -0.4691074263894214
vn 0.9188428872425419 -0.015106896881400244 -0.39433428741412296
vn 0.861503891217552 -0.2705797900176203 -0.42964825456533257
vn 0.9188428872425419 -0.015106896881400244 -0.39433428741412296
vn 0.8814459733461689 0.05469203395484985 -0.4691074263894214
vn -0.4168939729153424 -0.04953040436379552 -0.907604624487128
vn -0.23668673409070975 0.28383132952765033 -0.9292035117691064
vn -0.7510830534612903 0.4567454432094297 -0.47671568771195916
vn 0.7830703711991287 0.5113917550637354 0.3539481128681029
vn 0.9187975536802825 0.207624681599942 0.33571274468159706
vn 0.8780216573478755 0.39665394012088423 0.267849997227306
vn 0.8207792438471019 -0.5605356895607426 -0.11009620156228116
vn 0.9113368664120968 -0.41102757689127517 0.022835213006823958
vn 0.9019992045065232 -0.2878440753559352 -0.32178132847026114
vn -0.4395300632166058 0.8714762110373879 -0.21758340268670448
vn -0.364666951869902 0.8219468506409656 -0.4375173012982605
vn -0.330410717156028 0.8582080918894464 -0.3928200975050981
vn -0.8138162332556438 -0.2575561337516446 0.5209299151099891
vn -0.6441871917102762 -0.6155540946111556 0.4540000205328943
vn -0.4598575695926882 -0.38999451602906887 0.7977689472244193
vn 0.7730803605372741 0.1346104001024941 0.6198603038877426
vn 0.7608305038792665 0.4328595202844736 0.4834972389434264
vn 0.8446856797712649 0.28865121105812486 0.4507622219574685
vn 0.7730803605372741 0.1346104001024941 0.6198603038877426
vn 0.8446856797712649 0.28865121105812486 0.4507622219574685
vn 0.6479577422908241 0.22729559360105314 0.7269714418977701
vn 0.9679924170637574 -0.06633173575250782 0.24205532702075433
vn 0.7730803605372741 0.1346104001024941 0.6198603038877426
vn 0.6479577422908241 0.22729559360105314 0.7269714418977701
vn 0.9458627243025072 -0.2999758735410892 -0.12392813267494922
vn 0.8874770194520869 -0.10090424892685908 0.44966973713265007
vn 0.9679924170637574 -0.06633173575250782 0.24205532702075433
vn 0.9458627243025072 -0.2999758735410892 -0.12392813267494922
vn 0.7417219773489548 -0.2857609966298931 -0.6067859269319342
vn 0.7507662637235858 -0.11961908619280118 -0.6496470514617351
vn 0.9458627243025072 -0.2999758735410892 -0.12392813267494922
vn 0.7507662637235858 -0.11961908619280118 -0.6496470514617351
vn 0.9957753716842072 -0.0762889159059442 -0.051101961381875664
vn 0.8446856797712649 0.28865121105812486 0.4507622219574685
vn 0.461694465368924 -0.03455626992732102 0.8863656609190214
vn 0.6479577422908241 0.22729559360105314 0.7269714418977701
vn 0.8446856797712649 0.28865121105812486 0.4507622219574685
vn 0.9670973649181084 -0.24788082312252072 0.0572519370550272
vn 0.461694465368924 -0.03455626992732102 0.8863656609190214
vn 0.9756810147170287 -0.042895610382780516 0.2149570285676599
vn 0.6479577422908241 0.22729559360105314 0.7269714418977701
vn 0.7882780314546936 -0.6150233889536515 -0.01907815939440763
vn 0.9756810147170287 -0.042895610382780516 0.2149570285676599
vn 0.9458627243025072 -0.2999758735410892 -0.12392813267494922
vn 0.9679924170637574 -0.06633173575250782 0.24205532702075433
vn 0.7882780314546936 -0.6150233889536515 -0.01907815939440763
vn 0.6793745868641188 -0.7102844131305032 -0.18424500858114082
vn 0.9756810147170287 -0.042895610382780516 0.2149570285676599
vn 0.43209466866857027 0.2576911956552642 0.8642276580797208
vn 0.04886553841756393 0.6156019811795493 0.7865407554112981
vn -0.025461505952335813 0.5738737058295563 0.8185479103095253
vn 0.43209466866857027 0.2576911956552642 0.8642276580797208
vn -0.025461505952335813 0.5738737058295563 0.8185479103095253
vn 0.3843295215157725 0.16340295067433172 0.9086199946085158
vn 0.6623522155629237 -0.22880690326804146 0.7133981662127925
vn 0.43209466866857027 0.2576911956552642 0.8642276580797208
vn 0.3843295215157725 0.16340295067433172 0.9086199946085158
vn 0.6623522155629237 -0.22880690326804146 0.7133981662127925
vn 0.3843295215157725 0.16340295067433172 0.9086199946085158
vn 0.626103967140642 -0.2212016292345305 0.7477055981833621
vn 0.7121717943667577 -0.23884911280357146 0.6601230465764543
vn 0.561045806159681 0.20113349314549892 0.8029775347578058
vn 0.43209466866857027 0.2576911956552642 0.8642276580797208
vn 0.7121717943667577 -0.23884911280357146 0.6601230465764543
vn 0.43209466866857027 0.2576911956552642 0.8642276580797208
vn 0.6623522155629237 -0.22880690326804146 0.7133981662127925
vn 0.561045806159681 0.20113349314549892 0.8029775347578058
vn 0.1850397320568374 0.6791960161362733 0.710248596777881
vn 0.04886553841756393 0.6156019811795493 0.7865407554112981
vn 0.561045806159681 0.20113349314549892 0.8029775347578058
vn 0.04886553841756393 0.6156019811795493 0.7865407554112981
vn 0.43209466866857027 0.2576911956552642 0.8642276580797208
vn 0.7560246211412708 0.23770752925875366 0.6098540011854449
vn 0.7922261830088154 0.2576896743537724 0.5531489010083357
vn 0.7081428509622062 0.6544100389190379 0.2651060233059632
vn 0.7560246211412708 0.23770752925875366 0.6098540011854449
vn 0.7081428509622062 0.6544100389190379 0.2651060233059632
vn 0.6939995602911002 0.6722832625290988 0.2576816354321559
vn 0.6136743717554489 -0.2796056427419157 0.738393154083538
vn 0.6843489561760133 -0.19369604286130113 0.7029568615218675
vn 0.7922261830088154 0.2576896743537724 0.5531489010083357
vn 0.6136743717554489 -0.2796056427419157 0.738393154083538
vn 0.7922261830088154 0.2576896743537724 0.5531489010083357
vn 0.7560246211412708 0.23770752925875366 0.6098540011854449
vn 0.49588569551097494 -0.3977659897872331 0.7719323768026439
vn 0.6136743717554489 -0.2796056427419157 0.738393154083538
vn 0.7560246211412708 0.23770752925875366 0.6098540011854449
vn 0.49588569551097494 -0.3977659897872331 0.7719323768026439
vn 0.7560246211412708 0.23770752925875366 0.6098540011854449
vn 0.6316572532278647 -0.008138469054762372 0.7752050565921728
vn 0.7560246211412708 0.23770752925875366 0.6098540011854449
vn 0.6939995602911002 0.6722832625290988 0.2576816354321559
vn 0.6856132558038552 0.494363561949505 0.5343586174870161
vn 0.6316572532278647 -0.008138469054762372 0.7752050565921728
vn 0.7560246211412708 0.23770752925875366 0.6098540011854449
vn 0.6856132558038552 0.494363561949505 0.5343586174870161
f 1/1/1 2/2/2 3/3/3
f 4/4/4 5/5/5 6/6/6
f 7/7/7 8/8/8 9/9/9
f 10/10/10 11/11/11 12/12/12
f 13/13/13 14/14/14 15/15/15
f 16/16/16 17/17/17 18/18/18
f 19/19/19 20/20/20 21/21/21
f 22/22/22 23/23/23 24/24/24
f 25/25/25 26/26/26 27/27/27
f 28/28/28 29/29/29 30/30/30
f 31/31/31 32/32/32 33/33/33
f 34/34/34 35/35/35 36/36/36
f 37/37/37 38/38/38 39/39/39
f 40/40/40 41/41/41 42/42/42
f 43/43/43 44/44/44 45/45/45
f 46/46/46 47/47/47 48/48/48
f 49/49/49 50/50/50 51/51/51
f 52/52/52 53/53/53 54/54/54
f 55/55/55 56/56/56 57/57/57
f 58/58/58 59/59/59 60/60/60
f 61/61/61 62/62/62 63/63/63
f 64/64/64 65/65/65 66/66/66
f 67/67/67 68/68/68 69/69/69
f 70/70/70 71/71/71 72/72/72
f 73/73/73 74/74/74 75/75/75
f 76/76/76 77/77/77 78/78/78
f 79/79/79 80/80/80 81/81/81
f 82/82/82 83/83/83 84/84/84
f 85/85/85 86/86/86 87/87/87
f 88/88/88 89/89/89 90/90/90
f 91/91/91 92/92/92 93/93/93
f 94/94/94 95/95/95 96/96/96
f 97/97/97 98/98/98 99/99/99
f 100/100/100 101/101/101 102/102/102
f 103/103/103 104/104/104 105/105/105
f 106/106/106 107/107/107 108/108/108
f 109/109/109 110/110/110 111/111/111
f 112/112/112 113/113/113 114/114/114
f 115/115/115 116/116/116 117/117/117
f 118/118/118 119/119/119 120/120/120
f 121/121/121 122/122/122 123/123/123
f 124/124/124 125/125/125 126/126/126
f 127/127/127 128/128/128 129/129/129
f 130/130/130 131/131/131 132/132/132
f 133/133/133 134/134/134 135/135/135
f 136/136/136 137/137/137 138/138/138
f 139/139/139 140/140/140 141/141/141
f 142/142/142 143/143/143 144/144/144
f 145/145/145 146/146/146 147/147/147
f 148/148/148 149/149/149 150/150/150
f 151/151/151 152/152/152 153/153/153
f 154/154/154 155/155/155 156/156/156
f 157/157/157 158/158/158 159/159/159
f 160/160/160 161/161/161 162/162/162
f 163/163/163 164/164/164 165/165/165
f 166/166/166 167/167/167 168/168/168
f 169/169/169 170/170/170 171/171/171
f 172/172/172 173/173/173 174/174/174
f 175/175/175 176/176/176 177/177/177
f 178/178/178 179/179/179 180/180/180
f 181/181/181 182/182/182 183/183/183
f 184/184/184 185/185/185 186/186/186
f 187/187/187 188/188/188 189/189/189
f 190/190/190 191/191/191 192/192/192
f 193/193/193 194/194/194 195/195/195
f 196/196/196 197/197/197 198/198/198
f 199/199/199 200/200/200 201/201/201
f 202/202/202 203/203/203 204/204/204
f 205/205/205 206/206/206 207/207/207
f 208/208/208 209/209/209 210/210/210
f 211/211/211 212/212/212 213/213/213
f 214/214/214 215/215/215 216/216/216
f 217/217/217 218/218/218 219/219/219
f 220/220/220 221/221/221 222/222/222
f 223/223/223 224/224/224 225/225/225
f 226/226/226 227/227/227 228/228/228
f 229/229/229 230/230/230 231/231/231
f 232/232/232 233/233/233 234/234/234
f 235/235/235 236/236/236 237/237/237
f 238/238/238 239/239/239 240/240/240
f 241/241/241 242/242/242 243/243/243
f 244/244/244 245/245/245 246/246/246
f 247/247/247 248/248/248 249/249/249
f 250/250/250 251/251/251 252/252/252
f 253/253/253 254/254/254 255/255/255
f 256/256/256 257/257/257 258/258/258
f 259/259/259 260/260/260 261/261/261
f 262/262/262 263/263/263 264/264/264
f 265/265/265 266/266/266 267/267/267
f 268/268/268 269/269/269 270/270/270
f 271/271/271 272/272/272 273/273/273
f 274/274/274 275/275/275 276/276/276
f 277/277/277 278/278/278 279/279/279
f 280/280/280 281/281/281 282/282/282
f 283/283/283 284/284/284 285/285/285
f 286/286/286 287/287/287 288/288/288
f 289/289/289 290/290/290 291/291/291
f 292/292/292 293/293/293 294/294/294
f 295/295/295 296/296/296 297/297/297
f 298/298/298 299/299/299 300/300/300
f 301/301/301 302/302/302 303/303/303
f 304/304/304 305/305/305 306/306/306
f 307/307/307 308/308/308 309/309/309
f 310/310/310 311/311/311 312/312/312
f 313/313/313 314/314/314 315/315/315
f 316/316/316 317/317/317 318/318/318
f 319/319/319 320/320/320 321/321/321
f 322/322/322 323/323/323 324/324/324
f 325/325/325 326/326/326 327/327/327
f 328/328/328 329/329/329 330/330/330
f 331/331/331 332/332/332 333/333/333
f 334/334/334 335/335/335 336/336/336
f 337/337/337 338/338/338 339/339/339
f 340/340/340 341/341/341 342/342/342
f 343/343/343 344/344/344 345/345/345
f 346/346/346 347/347/347 348/348/348
f 349/349/349 350/350/350 351/351/351
f 352/352/352 353/353/353 354/354/354
f 355/355/355 356/356/356 357/357/357
f 358/358/358 359/359/359 360/360/360
f 361/361/361 362/362/362 363/363/363
f 364/364/364 365/365/365 366/366/366
f 367/367/367 368/368/368 369/369/369
f 370/370/370 371/371/371 372/372/372
f 373/373/373 374/374/374 375/375/375
f 376/376/376 377/377/377 378/378/378
f 379/379/379 380/380/380 381/381/381
f 382/382/382 383/383/383 384/384/384
f 385/385/385 386/386/386 387/387/387
f 388/388/388 389/389/389 390/390/390
f 391/391/391 392/392/392 393/393/393
f 394/394/394 395/395/395 396/396/396
f 397/397/397 398/398/398 399/399/399
f 400/400/400 401/401/401 402/402/402
f 403/403/403 404/404/404 405/405/405
f 406/406/406 407/407/407 408/408/408
f 409/409/409 410/410/410 411/411/411
f 412/412/412 413/413/413 414/414/414
f 415/415/415 416/416/416 417/417/417
f 418/418/418 419/419/419 420/420/420
f 421/421/421 422/422/422 423/423/423
f 424/424/424 425/425/425 426/426/426
f 427/427/427 428/428/428 429/429/429
f 430/430/430 431/431/431 432/432/432
f 433/433/433 434/434/434 435/435/435
f 436/436/436 437/437/437 438/438/438
f 439/439/439 440/440/440 441/441/441
f 442/442/442 443/443/443 444/444/444
f 445/445/445 446/446/446 447/447/447
f 448/448/448 449/449/449 450/450/450
f 451/451/451 452/452/452 453/453/453
f 454/454/454 455/455/455 456/456/456
f 457/457/457 458/458/458 459/459/459
f 460/460/460 461/461/461 462/462/462
f 463/463/463 464/464/464 465/465/465
f 466/466/466 467/467/467 468/468/468
f 469/469/469 470/470/470 471/471/471
f 472/472/472 473/473/473 474/474/474
f 475/475/475 476/476/476 477/477/477
f 478/478/478 479/479/479 480/480/480
f 481/481/481 482/482/482 483/483/483
f 484/484/484 485/485/485 486/486/486
f 487/487/487 488/488/488 489/489/489
f 490/490/490 491/491/491 492/492/492
f 493/493/493 494/494/494 495/495/495
f 496/496/496 497/497/497 498/498/498
f 499/499/499 500/500/500 501/501/501
f 502/502/502 503/503/503 504/504/504
f 505/505/505 506/506/506 507/507/507
f 508/508/508 509/509/509 510/510/510
f 511/511/511 512/512/512 513/513/513
f 514/514/514 515/515/515 516/516/516
f 517/517/517 518/518/518 519/519/519
f 520/520/520 521/521/521 522/522/522
f 523/523/523 524/524/524 525/525/525
f 526/526/526 527/527/527 528/528/528
f 529/529/529 530/530/530 531/531/531
f 532/532/532 533/533/533 534/534/534
f 535/535/535 536/536/536 537/537/537
f 538/538/538 539/539/539 540/540/540
f 541/541/541 542/542/542 543/543/543
f 544/544/544 545/545/545 546/546/546
f 547/547/547 548/548/548 549/549/549
f 550/550/550 551/551/551 552/552/552
f 553/553/553 554/554/554 555/555/555
f 556/556/556 557/557/557 558/558/558
f 559/559/559 560/560/560 561/561/561
f 562/562/562 563/563/563 564/564/564
f 565/565/565 566/566/566 567/567/567
f 568/568/568 569/569/569 570/570/570
f 571/571/571 572/572/572 573/573/573
f 574/574/574 575/575/575 576/576/576
f 577/577/577 578/578/578 579/579/579
f 580/580/580 581/581/581 582/582/582
f 583/583/583 584/584/584 585/585/585
f 586/586/586 587/587/587 588/588/588
f 589/589/589 590/590/590 591/591/591
f 592/592/592 593/593/593 594/594/594
f 595/595/595 596/596/596 597/597/597
f 598/598/598 599/599/599 600/600/600
f 601/601/601 602/602/602 603/603/603
f 604/604/604 605/605/605 606/606/606
f 607/607/607 608/608/608 609/609/609
f 610/610/610 611/611/611 612/612/612
f 613/613/613 614/614/614 615/615/615
f 616/616/616 617/617/617 618/618/618
f 619/619/619 620/620/620 621/621/621
f 622/622/622 623/623/623 624/624/624
f 625/625/625 626/626/626 627/627/627
f 628/628/628 629/629/629 630/630/630
f 631/631/631 632/632/632 633/633/633
f 634/634/634 635/635/635 636/636/636
f 637/637/637 638/638/638 639/639/639
f 640/640/640 641/641/641 642/642/642
f 643/643/643 644/644/644 645/645/645
f 646/646/646 647/647/647 648/648/648
f 649/649/649 650/650/650 651/651/651
f 652/652/652 653/653/653 654/654/654
f 655/655/655 656/656/656 657/657/657
f 658/658/658 659/659/659 660/660/660
f 661/661/661 662/662/662 663/663/663
f 664/664/664 665/665/665 666/666/666
f 667/667/667 668/668/668 669/669/669
f 670/670/670 671/671/671 672/672/672
f 673/673/673 674/674/674 675/675/675
f 676/676/676 677/677/677 678/678/678
f 679/679/679 680/680/680 681/681/681
f 682/682/682 683/683/683 684/684/684
f 685/685/685 686/686/686 687/687/687
f 688/688/688 689/689/689 690/690/690
f 691/691/691 692/692/692 693/693/693
f 694/694/694 695/695/695 696/696/696
f 697/697/697 698/698/698 699/699/699
f 700/700/700 701/701/701 702/702/702
f 703/703/703 704/704/704 705/705/705
f 706/706/706 707/707/707 708/708/708
f 709/709/709 710/710/710 711/711/711
f 712/712/712 713/713/713 714/714/714
f 715/715/715 716/716/716 717/717/717
f 718/718/718 719/719/719 720/720/720
f 721/721/721 722/722/722 723/723/723
f 724/724/724 725/725/725 726/726/726
f 727/727/727 728/728/728 729/729/729
f 730/730/730 731/731/731 732/732/732
f 733/733/733 734/734/734 735/735/735
f 736/736/736 737/737/737 738/738/738
f 739/739/739 740/740/740 741/741/741
f 742/742/742 743/743/743 744/744/744
f 745/745/745 746/746/746 747/747/747
f 748/748/748 749/749/749 750/750/750
f 751/751/751 752/752/752 753/753/753
f 754/754/754 755/755/755 756/756/756
f 757/757/757 758/758/758 759/759/759
f 760/760/760 761/761/761 762/762/762
f 763/763/763 764/764/764 765/765/765
f 766/766/766 767/767/767 768/768/768
f 769/769/769 770/770/770 771/771/771
f 772/772/772 773/773/773 774/774/774
f 775/775/775 776/776/776 777/777/777
f 778/778/778 779/779/779 780/780/780
f 781/781/781 782/782/782 783/783/783
f 784/784/784 785/785/785 786/786/786
f 787/787/787 788/788/788 789/789/789
f 790/790/790 791/791/791 792/792/792
f 793/793/793 794/794/794 795/795/795
f 796/796/796 797/797/797 798/798/798
f 799/799/799 800/800/800 801/801/801
f 802/802/802 803/803/803 804/804/804
f 805/805/805 806/806/806 807/807/807
f 808/808/808 809/809/809 810/810/810
f 811/811/811 812/812/812 813/813/813
f 814/814/814 815/815/815 816/816/816
f 817/817/817 818/818/818 819/819/819
f 820/820/820 821/821/821 822/822/822
f 823/823/823 824/824/824 825/825/825
f 826/826/826 827/827/827 828/828/828
f 829/829/829 830/830/830 831/831/831
f 832/832/832 833/833/833 834/834/834
f 835/835/835 836/836/836 837/837/837
f 838/838/838 839/839/839 840/840/840
f 841/841/841 842/842/842 843/843/843
f 844/844/844 845/845/845 846/846/846
f 847/847/847 848/848/848 849/849/849
f 850/850/850 851/851/851 852/852/852
f 853/853/853 854/854/854 855/855/855
f 856/856/856 857/857/857 858/858/858
f 859/859/859 860/860/860 861/861/861
f 862/862/862 863/863/863 864/864/864
f 865/865/865 866/866/866 867/867/867
f 868/868/868 869/869/869 870/870/870
f 871/871/871 872/872/872 873/873/873
f 874/874/874 875/875/875 876/876/876
f 877/877/877 878/878/878 879/879/879
f 880/880/880 881/881/881 882/882/882
f 883/883/883 884/884/884 885/885/885
f 886/886/886 887/887/887 888/888/888
f 889/889/889 890/890/890 891/891/891
f 892/892/892 893/893/893 894/894/894
f 895/895/895 896/896/896 897/897/897
f 898/898/898 899/899/899 900/900/900
f 901/901/901 902/902/902 903/903/903
f 904/904/904 905/905/905 906/906/906
f 907/907/907 908/908/908 909/909/909
f 910/910/910 911/911/911 912/912/912
f 913/913/913 914/914/914 915/915/915
f 916/916/916 917/917/917 918/918/918
f 919/919/919 920/920/920 921/921/921
f 922/922/922 923/923/923 924/924/924
f 925/925/925 926/926/926 927/927/927
f 928/928/928 929/929/929 930/930/930
f 931/931/931 932/932/932 933/933/933
f 934/934/934 935/935/935 936/936/936
f 937/937/937 938/938/938 939/939/939
f 940/940/940 941/941/941 942/942/942
f 943/943/943 944/944/944 945/945/945
f 946/946/946 947/947/947 948/948/948
f 949/949/949 950/950/950 951/951/951
f 952/952/952 953/953/953 954/954/954
f 955/955/955 956/956/956 957/957/957
f 958/958/958 959/959/959 960/960/960
f 961/961/961 962/962/962 963/963/963
f 964/964/964 965/965/965 966/966/966
f 967/967/967 968/968/968 969/969/969
f 970/970/970 971/971/971 972/972/972
f 973/973/973 974/974/974 975/975/975
f 976/976/976 977/977/977 978/978/978
f 979/979/979 980/980/980 981/981/981
f 982/982/982 983/983/983 984/984/984
f 985/985/985 986/986/986 987/987/987
f 988/988/988 989/989/989 990/990/990
f 991/991/991 992/992/992 993/993/993
f 994/994/994 995/995/995 996/996/996
f 997/997/997 998/998/998 999/999/999
f 1000/1000/1000 1001/1001/1001 1002/1002/1002
f 1003/1003/1003 1004/1004/1004 1005/1005/1005
f 1006/1006/1006 1007/1007/1007 1008/1008/1008
f 1009/1009/1009 1010/1010/1010 1011/1011/1011
f 1012/1012/1012 1013/1013/1013 1014/1014/1014
f 1015/1015/1015 1016/1016/1016 1017/1017/1017
f 1018/1018/1018 1019/1019/1019 1020/1020/1020
f 1021/1021/1021 1022/1022/1022 1023/1023/1023
f 1024/1024/1024 1025/1025/1025 1026/1026/1026
f 1027/1027/1027 1028/1028/1028 1029/1029/1029
f 1030/1030/1030 1031/1031/1031 1032/1032/1032
f 1033/1033/1033 1034/1034/1034 1035/1035/1035
f 1036/1036/1036 1037/1037/1037 1038/1038/1038
f 1039/1039/1039 1040/1040/1040 1041/1041/1041
f 1042/1042/1042 1043/1043/1043 1044/1044/1044
f 1045/1045/1045 1046/1046/1046 1047/1047/1047
f 1048/1048/1048 1049/1049/1049 1050/1050/1050
f 1051/1051/1051 1052/1052/1052 1053/1053/1053
f 1054/1054/1054 1055/1055/1055 1056/1056/1056
f 1057/1057/1057 1058/1058/1058 1059/1059/1059
f 1060/1060/1060 1061/1061/1061 1062/1062/1062
f 1063/1063/1063 1064/1064/1064 1065/1065/1065
f 1066/1066/1066 1067/1067/1067 1068/1068/1068
f 1069/1069/1069 1070/1070/1070 1071/1071/1071
f 1072/1072/1072 1073/1073/1073 1074/1074/1074
f 1075/1075/1075 1076/1076/1076 1077/1077/1077
f 1078/1078/1078 1079/1079/1079 1080/1080/1080
f 1081/1081/1081 1082/1082/1082 1083/1083/1083
f 1084/1084/1084 1085/1085/1085 1086/1086/1086
f 1087/1087/1087 1088/1088/1088 1089/1089/1089
f 1090/1090/1090 1091/1091/1091 1092/1092/1092
f 1093/1093/1093 1094/1094/1094 1095/1095/1095
f 1096/1096/1096 1097/1097/1097 1098/1098/1098
f 1099/1099/1099 1100/1100/1100 1101/1101/1101
f 1102/1102/1102 1103/1103/1103 1104/1104/1104
f 1105/1105/1105 1106/1106/1106 1107/1107/1107
f 1108/1108/1108 1109/1109/1109 1110/1110/1110
f 1111/1111/1111 1112/1112/1112 1113/1113/1113
f 1114/1114/1114 1115/1115/1115 1116/1116/1116
f 1117/1117/1117 1118/1118/1118 1119/1119/1119
f 1120/1120/1120 1121/1121/1121 1122/1122/1122
f 1123/1123/1123 1124/1124/1124 1125/1125/1125
f 1126/1126/1126 1127/1127/1127 1128/1128/1128
f 1129/1129/1129 1130/1130/1130 1131/1131/1131
f 1132/1132/1132 1133/1133/1133 1134/1134/1134
f 1135/1135/1135 1136/1136/1136 1137/1137/1137
f 1138/1138/1138 1139/1139/1139 1140/1140/1140
f 1141/1141/1141 1142/1142/1142 1143/1143/1143
f 1144/1144/1144 1145/1145/1145 1146/1146/1146
f 1147/1147/1147 1148/1148/1148 1149/1149/1149
f 1150/1150/1150 1151/1151/1151 1152/1152/1152
f 1153/1153/1153 1154/1154/1154 1155/1155/1155
f 1156/1156/1156 1157/1157/1157 1158/1158/1158
f 1159/1159/1159 1160/1160/1160 1161/1161/1161
f 1162/1162/1162 1163/1163/1163 1164/1164/1164
f 1165/1165/1165 1166/1166/1166 1167/1167/1167
f 1168/1168/1168 1169/1169/1169 1170/1170/1170
f 1171/1171/1171 1172/1172/1172 1173/1173/1173
f 1174/1174/1174 1175/1175/1175 1176/1176/1176
f 1177/1177/1177 1178/1178/1178 1179/1179/1179
f 1180/1180/1180 1181/1181/1181 1182/1182/1182
f 1183/1183/1183 1184/1184/1184 1185/1185/1185
f 1186/1186/1186 1187/1187/1187 1188/1188/1188
f 1189/1189/1189 1190/1190/1190 1191/1191/1191
f 1192/1192/1192 1193/1193/1193 1194/1194/1194
f 1195/1195/1195 1196/1196/1196 1197/1197/1197
f 1198/1198/1198 1199/1199/1199 1200/1200/1200
f 1201/1201/1201 1202/1202/1202 1203/1203/1203
f 1204/1204/1204 1205/1205/1205 1206/1206/1206
f 1207/1207/1207 1208/1208/1208 1209/1209/1209
f 1210/1210/1210 1211/1211/1211 1212/1212/1212
f 1213/1213/1213 1214/1214/1214 1215/1215/1215
f 1216/1216/1216 1217/1217/1217 1218/1218/1218
f 1219/1219/1219 1220/1220/1220 1221/1221/1221
f 1222/1222/1222 1223/1223/1223 1224/1224/1224
f 1225/1225/1225 1226/1226/1226 1227/1227/1227
f 1228/1228/1228 1229/1229/1229 1230/1230/1230
f 1231/1231/1231 1232/1232/1232 1233/1233/1233
f 1234/1234/1234 1235/1235/1235 1236/1236/1236
f 1237/1237/1237 1238/1238/1238 1239/1239/1239
f 1240/1240/1240 1241/1241/1241 1242/1242/1242
f 1243/1243/1243 1244/1244/1244 1245/1245/1245
f 1246/1246/1246 1247/1247/1247 1248/1248/1248
f 1249/1249/1249 1250/1250/1250 1251/1251/1251
f 1252/1252/1252 1253/1253/1253 1254/1254/1254
f 1255/1255/1255 1256/1256/1256 1257/1257/1257
f 1258/1258/1258 1259/1259/1259 1260/1260/1260
f 1261/1261/1261 1262/1262/1262 1263/1263/1263
f 1264/1264/1264 1265/1265/1265 1266/1266/1266
f 1267/1267/1267 1268/1268/1268 1269/1269/1269
f 1270/1270/1270 1271/1271/1271 1272/1272/1272
f 1273/1273/1273 1274/1274/1274 1275/1275/1275
f 1276/1276/1276 1277/1277/1277 1278/1278/1278
f 1279/1279/1279 1280/1280/1280 1281/1281/1281
f 1282/1282/1282 1283/1283/1283 1284/1284/1284
f 1285/1285/1285 1286/1286/1286 1287/1287/1287
f 1288/1288/1288 1289/1289/1289 1290/1290/1290
f 1291/1291/1291 1292/1292/1292 1293/1293/1293
f 1294/1294/1294 1295/1295/1295 1296/1296/1296
f 1297/1297/1297 1298/1298/1298 1299/1299/1299
f 1300/1300/1300 1301/1301/1301 1302/1302/1302
f 1303/1303/1303 1304/1304/1304 1305/1305/1305
f 1306/1306/1306 1307/1307/1307 1308/1308/1308
f 1309/1309/1309 1310/1310/1310 1311/1311/1311
f 1312/1312/1312 1313/1313/1313 1314/1314/1314
f 1315/1315/1315 1316/1316/1316 1317/1317/1317
f 1318/1318/1318 1319/1319/1319 1320/1320/1320
f 1321/1321/1321 1322/1322/1322 1323/1323/1323
f 1324/1324/1324 1325/1325/1325 1326/1326/1326
f 1327/1327/1327 1328/1328/1328 1329/1329/1329
f 1330/1330/1330 1331/1331/1331 1332/1332/1332
f 1333/1333/1333 1334/1334/1334 1335/1335/1335
f 1336/1336/1336 1337/1337/1337 1338/1338/1338
f 1339/1339/1339 1340/1340/1340 1341/1341/1341
f 1342/1342/1342 1343/1343/1343 1344/1344/1344
f 1345/1345/1345 1346/1346/1346 1347/1347/1347
f 1348/1348/1348 1349/1349/1349 1350/1350/1350
f 1351/1351/1351 1352/1352/1352 1353/1353/1353
f 1354/1354/1354 1355/1355/1355 1356/1356/1356
f 1357/1357/1357 1358/1358/1358 1359/1359/1359
f 1360/1360/1360 1361/1361/1361 1362/1362/1362
f 1363/1363/1363 1364/1364/1364 1365/1365/1365
f 1366/1366/1366 1367/1367/1367 1368/1368/1368
f 1369/1369/1369 1370/1370/1370 1371/1371/1371
f 1372/1372/1372 1373/1373/1373 1374/1374/1374
f 1375/1375/1375 1376/1376/1376 1377/1377/1377
f 1378/1378/1378 1379/1379/1379 1380/1380/1380
f 1381/1381/1381 1382/1382/1382 1383/1383/1383
f 1384/1384/1384 1385/1385/1385 1386/1386/1386
f 1387/1387/1387 1388/1388/1388 1389/1389/1389
f 1390/1390/1390 1391/1391/1391 1392/1392/1392
f 1393/1393/1393 1394/1394/1394 1395/1395/1395
f 1396/1396/1396 1397/1397/1397 1398/1398/1398
f 1399/1399/1399 1400/1400/1400 1401/1401/1401
f 1402/1402/1402 1403/1403/1403 1404/1404/1404
f 1405/1405/1405 1406/1406/1406 1407/1407/1407
f 1408/1408/1408 1409/1409/1409 1410/1410/1410
f 1411/1411/1411 1412/1412/1412 1413/1413/1413
f 1414/1414/1414 1415/1415/1415 1416/1416/1416
f 1417/1417/1417 1418/1418/1418 1419/1419/1419
f 1420/1420/1420 1421/1421/1421 1422/1422/1422
f 1423/1423/1423 1424/1424/1424 1425/1425/1425
f 1426/1426/1426 1427/1427/1427 1428/1428/1428
f 1429/1429/1429 1430/1430/1430 1431/1431/1431
f 1432/1432/1432 1433/1433/1433 1434/1434/1434
f 1435/1435/1435 1436/1436/1436 1437/1437/1437
f 1438/1438/1438 1439/1439/1439 1440/1440/1440
f 1441/1441/1441 1442/1442/1442 1443/1443/1443
f 1444/1444/1444 1445/1445/1445 1446/1446/1446
f 1447/1447/1447 1448/1448/1448 1449/1449/1449
f 1450/1450/1450 1451/1451/1451 1452/1452/1452
f 1453/1453/1453 1454/1454/1454 1455/1455/1455
f 1456/1456/1456 1457/1457/1457 1458/1458/1458
f 1459/1459/1459 1460/1460/1460 1461/1461/1461
f 1462/1462/1462 1463/1463/1463 1464/1464/1464
f 1465/1465/1465 1466/1466/1466 1467/1467/1467
f 1468/1468/1468 1469/1469/1469 1470/1470/1470
f 1471/1471/1471 1472/1472/1472 1473/1473/1473
f 1474/1474/1474 1475/1475/1475 1476/1476/1476
f 1477/1477/1477 1478/1478/1478 1479/1479/1479
f 1480/1480/1480 1481/1481/1481 1482/1482/1482
f 1483/1483/1483 1484/1484/1484 1485/1485/1485
f 1486/1486/1486 1487/1487/1487 1488/1488/1488
f 1489/1489/1489 1490/1490/1490 1491/1491/1491
f 1492/1492/1492 1493/1493/1493 1494/1494/1494
f 1495/1495/1495 1496/1496/1496 1497/1497/1497
f 1498/1498/1498 1499/1499/1499 1500/1500/1500
f 1501/1501/1501 1502/1502/1502 1503/1503/1503
f 1504/1504/1504 1505/1505/1505 1506/1506/1506
f 1507/1507/1507 1508/1508/1508 1509/1509/1509
f 1510/1510/1510 1511/1511/1511 1512/1512/1512
f 1513/1513/1513 1514/1514/1514 1515/1515/1515
f 1516/1516/1516 1517/1517/1517 1518/1518/1518
f 1519/1519/1519 1520/1520/1520 1521/1521/1521
f 1522/1522/1522 1523/1523/1523 1524/1524/1524
f 1525/1525/1525 1526/1526/1526 1527/1527/1527
f 1528/1528/1528 1529/1529/1529 1530/1530/1530
f 1531/1531/1531 1532/1532/1532 1533/1533/1533
f 1534/1534/1534 1535/1535/1535 1536/1536/1536
f 1537/1537/1537 1538/1538/1538 1539/1539/1539
f 1540/1540/1540 1541/1541/1541 1542/1542/1542
f 1543/1543/1543 1544/1544/1544 1545/1545/1545
f 1546/1546/1546 1547/1547/1547 1548/1548/1548
f 1549/1549/1549 1550/1550/1550 1551/1551/1551
f 1552/1552/1552 1553/1553/1553 1554/1554/1554
f 1555/1555/1555 1556/1556/1556 1557/1557/1557
f 1558/1558/1558 1559/1559/1559 1560/1560/1560
f 1561/1561/1561 1562/1562/1562 1563/1563/1563
f 1564/1564/1564 1565/1565/1565 1566/1566/1566
f 1567/1567/1567 1568/1568/1568 1569/1569/1569
f 1570/1570/1570 1571/1571/1571 1572/1572/1572
f 1573/1573/1573 1574/1574/1574 1575/1575/1575
f 1576/1576/1576 1577/1577/1577 1578/1578/1578
f 1579/1579/1579 1580/1580/1580 1581/1581/1581
f 1582/1582/1582 1583/1583/1583 1584/1584/1584
f 1585/1585/1585 1586/1586/1586 1587/1587/1587
f 1588/1588/1588 1589/1589/1589 1590/1590/1590
f 1591/1591/1591 1592/1592/1592 1593/1593/1593
f 1594/1594/1594 1595/1595/1595 1596/1596/1596
f 1597/1597/1597 1598/1598/1598 1599/1599/1599
f 1600/1600/1600 1601/1601/1601 1602/1602/1602
f 1603/1603/1603 1604/1604/1604 1605/1605/1605
f 1606/1606/1606 1607/1607/1607 1608/1608/1608
f 1609/1609/1609 1610/1610/1610 1611/1611/1611
f 1612/1612/1612 1613/1613/1613 1614/1614/1614
f 1615/1615/1615 1616/1616/1616 1617/1617/1617
f 1618/1618/1618 1619/1619/1619 1620/1620/1620
f 1621/1621/1621 1622/1622/1622 1623/1623/1623
f 1624/1624/1624 1625/1625/1625 1626/1626/1626
f 1627/1627/1627 1628/1628/1628 1629/1629/1629
f 1630/1630/1630 1631/1631/1631 1632/1632/1632
f 1633/1633/1633 1634/1634/1634 1635/1635/1635
f 1636/1636/1636 1637/1637/1637 1638/1638/1638
f 1639/1639/1639 1640/1640/1640 1641/1641/1641
f 1642/1642/1642 1643/1643/1643 1644/1644/1644
f 1645/1645/1645 1646/1646/1646 1647/1647/1647
f 1648/1648/1648 1649/1649/1649 1650/1650/1650
f 1651/1651/1651 1652/1652/1652 1653/1653/1653
f 1654/1654/1654 1655/1655/1655 1656/1656/1656
f 1657/1657/1657 1658/1658/1658 1659/1659/1659
f 1660/1660/1660 1661/1661/1661 1662/1662/1662
f 1663/1663/1663 1664/1664/1664 1665/1665/1665
f 1666/1666/1666 1667/1667/1667 1668/1668/1668
f 1669/1669/1669 1670/1670/1670 1671/1671/1671
f 1672/1672/1672 1673/1673/1673 1674/1674/1674
f 1675/1675/1675 1676/1676/1676 1677/1677/1677
f 1678/1678/1678 1679/1679/1679 1680/1680/1680
f 1681/1681/1681 1682/1682/1682 1683/1683/1683
f 1684/1684/1684 1685/1685/1685 1686/1686/1686
f 1687/1687/1687 1688/1688/1688 1689/1689/1689
f 1690/1690/1690 1691/1691/1691 1692/1692/1692
f 1693/1693/1693 1694/1694/1694 1695/1695/1695
f 1696/1696/1696 1697/1697/1697 1698/1698/1698
f 1699/1699/1699 1700/1700/1700 1701/1701/1701
f 1702/1702/1702 1703/1703/1703 1704/1704/1704
f 1705/1705/1705 1706/1706/1706 1707/1707/1707
f 1708/1708/1708 1709/1709/1709 1710/1710/1710
f 1711/1711/1711 1712/1712/1712 1713/1713/1713
f 1714/1714/1714 1715/1715/1715 1716/1716/1716
f 1717/1717/1717 1718/1718/1718 1719/1719/1719
f 1720/1720/1720 1721/1721/1721 1722/1722/1722
f 1723/1723/1723 1724/1724/1724 1725/1725/1725
f 1726/1726/1726 1727/1727/1727 1728/1728/1728
f 1729/1729/1729 1730/1730/1730 1731/1731/1731
f 1732/1732/1732 1733/1733/1733 1734/1734/1734
f 1735/1735/1735 1736/1736/1736 1737/1737/1737
f 1738/1738/1738 1739/1739/1739 1740/1740/1740
f 1741/1741/1741 1742/1742/1742 1743/1743/1743
f 1744/1744/1744 1745/1745/1745 1746/1746/1746
f 1747/1747/1747 1748/1748/1748 1749/1749/1749
f 1750/1750/1750 1751/1751/1751 1752/1752/1752
f 1753/1753/1753 1754/1754/1754 1755/1755/1755
f 1756/1756/1756 1757/1757/1757 1758/1758/1758
f 1759/1759/1759 1760/1760/1760 1761/1761/1761
f 1762/1762/1762 1763/1763/1763 1764/1764/1764
f 1765/1765/1765 1766/1766/1766 1767/1767/1767
f 1768/1768/1768 1769/1769/1769 1770/1770/1770
f 1771/1771/1771 1772/1772/1772 1773/1773/1773
f 1774/1774/1774 1775/1775/1775 1776/1776/1776
o mesh_0_1
usemtl whiskers
v -542.7267551422119 467.1787101307065 709.2400634058124
v -1011.5157127380371 319.71602820282396 642.1087569337735
v -499.94311332702637 37.728095447843316 544.8852778702386
v -954.4321060180664 1594.2902476632796 -369.4150079284628
v -1074.9902725219727 1451.7427141106668 -565.7352297063313
v -1294.468116760254 1392.2964005208366 -422.7280912228811
v -1019.6773529052734 96.07679013766182 -569.6562701131517
v -444.0005302429199 -11.85651076443087 -554.0447983210065
v -1021.0271835327148 3.7948507375042606 -74.222473259644
v 1182.1701049804688 1253.2717073246577 559.0434583353627
v 1252.0514488220215 1278.2521243872382 322.6698478048514
v 1234.6807479858398 1345.8277595812772 263.5764369319232
v -522.8474617004395 1439.8199619063748 -652.6376528032014
v -241.29433631896973 1268.0977389701584 -708.0080540135293
v -693.117618560791 1299.986502849401 -753.3074914093995
v -1173.2152938842773 48.79251394962366 431.9711471766214
v -1241.4599418640137 248.7430226388467 515.5551876562273
v -1351.9126892089844 184.6511446246577 374.44099001521266
v -1215.1986122131348 1327.2043219406369 331.60410033655614
v -1051.3757705688477 1312.7430102718863 439.0430920560621
v -1078.878116607666 1467.4985669645212 213.10711918075864
v -1146.118450164795 200.61130624982385 -651.1501358915804
v -1019.6773529052734 96.07679013766182 -569.6562701131517
v -1265.8947944641113 183.01988326587605 -523.9418096351005
v -522.8474617004395 1439.8199619063748 -652.6376528032014
v -752.0420551300049 1551.5532174880866 -551.739453114245
v -492.1961307525635 1510.3304535723248 -568.5990260848264
v 198.97295236587524 1533.8250049030999 307.99567494581726
v 145.17405033111572 1490.0187400219422 311.00318805285326
v 180.2273154258728 1461.8991887883803 399.2768094149566
v 298.1949806213379 1139.767486642665 518.0197437581531
v 375.9622573852539 1346.8969591963398 526.8678582495155
v 296.4582920074463 1403.800407206993 469.6834901498708
v 1041.14990234375 599.2359107717756 -242.17732022438182
v 988.5025024414062 565.0495406122195 52.363908065146184
v 986.884880065918 259.7671795700117 -252.62954476379633
v 748.454761505127 1548.6794580024296 -234.67040993103535
v 866.472053527832 1641.481121085178 -234.67452319918127
v 818.4527397155762 1484.5958778904615 -280.09400282391664
v 447.9464054107666 1106.3820830605528 -434.13485554842447
v 393.22896003723145 1310.1559694060802 -335.03067260484374
v 635.9860420227051 1279.1329492331724 -303.1912034314736
v 98.5403299331665 177.7958434754536 -722.2218505167311
v 57.310909032821655 22.015834936906995 -696.132925144819
v -353.27138900756836 222.6754532585697 -751.9003909922775
v -257.22815990448 -9.917810434761066 -556.1282907892258
v 57.310909032821655 22.015834936906995 -696.132925144819
v 83.74310731887817 -37.46981661253783 -544.9045898091869
v -522.8474617004395 1439.8199619063748 -652.6376528032014
v -492.1961307525635 1510.3304535723248 -568.5990260848264
v 163.05967569351196 1255.2517585851533 -617.077784251286
v 124.03968572616577 1430.5067948520257 -395.6306336765045
v -492.1961307525635 1510.3304535723248 -568.5990260848264
v -521.5099334716797 1580.0255572609415 -458.2481442981516
v 71.26579284667969 168.55652549360485 591.44263746761
v -225.1206398010254 23.48420542553303 532.5684333580849
v 99.37100410461426 -42.1638936331075 543.3949341174841
v 3.9220523089170456 1120.800049671902 518.9437613201347
v -358.94694328308105 1264.25324726094 414.3469877373259
v 43.152815103530884 1034.0870325393073 577.3950420272247
v 3.6995038390159607 1404.9438502911087 377.5264392031909
v 20.606602728366852 1288.6024654583819 461.8644732263017
v 220.3960657119751 1360.965752796392 525.6109136532483
v -1469.5229530334473 763.737084615321 387.89694640964433
v -1272.421932220459 594.6431687009668 543.7483756138034
v -1227.3988723754883 918.9974279079995 567.4821378316686
v -1454.783058166504 450.1598708559457 375.4782181764978
v -1272.421932220459 594.6431687009668 543.7483756138034
v -1469.5229530334473 763.737084615321 387.89694640964433
v 1041.14990234375 599.2359107717756 -242.17732022438182
v 978.2840728759766 713.6484217226754 -475.0667891425864
v 1041.4713859558105 808.4820155815452 -234.31911992395408
v -104.34694290161133 860.457679149759 725.8023288002742
v -81.11572265625 715.4073073094497 769.0370288923472
v 150.0956654548645 911.6489972774568 650.8079988513952
v -460.05311012268066 773.9643860168964 765.2355322784614
v -81.11572265625 715.4073073094497 769.0370288923472
v -104.34694290161133 860.457679149759 725.8023288002742
v 783.6194515228271 1204.6528434436275 732.5325527099787
v 803.4906387329102 1064.301549201893 705.927967756986
v 960.7698440551758 996.5921912811824 634.0877884258713
v -1078.878116607666 1467.4985669645212 213.10711918075864
v -1265.0867462158203 1387.022751818256 133.38857870211854
v -1215.1986122131348 1327.2043219406369 331.60410033655614
v -359.0933322906494 1458.4336970856248 175.32123397385897
v -841.3926124572754 1490.160061055302 210.55954217991192
v -357.0890426635742 1367.5598072930693 295.1015441313971
v 538.8240814208984 -41.00547142184952 499.17582307915484
v 96.38358950614929 -76.70453985113154 409.3256436494451
v 68.29346418380737 -41.583116812849376 -69.47216191110812
v 96.38358950614929 -76.70453985113154 409.3256436494451
v -201.2256145477295 -52.22477132318194 399.6906690715099
v 68.29346418380737 -41.583116812849376 -69.47216191110812
v -444.0005302429199 -11.85651076443087 -554.0447983210065
v -257.22815990448 -9.917810434761066 -556.1282907892258
v -602.8917789459229 -30.557875020437795 -38.71364050422609
v -679.5233726501465 1637.2694999412338 -270.1912603092284
v -756.1674118041992 1625.778890094127 -114.91231911115608
v -358.32438468933105 1564.6893873443564 -34.19371291614967
v -679.5233726501465 1637.2694999412338 -270.1912603092284
v -358.32438468933105 1564.6893873443564 -34.19371291614967
v -311.17851734161377 1588.7242421553235 -227.39385668443524
v -1051.3757705688477 1312.7430102718863 439.0430920560621
v -1215.1986122131348 1327.2043219406369 331.60410033655614
v -1131.2036514282227 1177.7399328043862 497.21809981134334
v 941.7360305786133 300.32225563802405 144.1371226460433
v 915.0349617004395 88.84019634121458 6.43975636608641
v 934.2254638671875 86.75471117182873 -98.4101139930921
v -880.2265167236328 1284.2470379147555 483.5252778186096
v 43.152815103530884 1034.0870325393073 577.3950420272247
v -358.94694328308105 1264.25324726094 414.3469877373259
v -924.653434753418 45.00531592079898 502.26795733680353
v -499.94311332702637 37.728095447843316 544.8852778702386
v -1011.5157127380371 319.71602820282396 642.1087569337735
v 132.7002763748169 1468.570754224123 -0.7800258111560326
v 1.246787142008543 1481.425613632748 -18.378468085990953
v 120.18427848815918 1498.6953398741111 131.26856960696787
v 98.5403299331665 177.7958434754536 -722.2218505167311
v -353.27138900756836 222.6754532585697 -751.9003909922775
v 145.02675533294678 470.9585560280102 -668.9908431437756
v 319.12732124328613 1089.7863786136043 573.9051111858062
v 453.8599967956543 1070.2328024796955 493.34328795723417
v 426.1725902557373 1127.991703653253 490.71705195418633
v 393.99497509002686 1170.5274926394804 554.5893813941785
v 454.6873092651367 1118.8376897462801 635.4085632004034
v 423.2074737548828 1195.865489629186 671.2862085596419
v -104.34694290161133 860.457679149759 725.8023288002742
v 150.0956654548645 911.6489972774568 650.8079988513952
v 43.152815103530884 1034.0870325393073 577.3950420272247
v -364.04199600219727 915.3259809117261 -790.6232839390851
v -401.0146141052246 1127.6632781439973 -780.6600864911497
v 154.00750637054443 1072.7497710197335 -692.7677405076897
v 150.0956654548645 911.6489972774568 650.8079988513952
v 307.5477600097656 817.2175028301732 635.8255024388952
v 319.12732124328613 1089.7863786136043 573.9051111858062
v -1678.8497924804688 487.2965010680608 -472.76973885032766
v -1531.3310623168945 455.94776993703965 -673.0713272848818
v -1626.0833740234375 370.1295379378431 -435.4095807251917
v 783.6194515228271 1204.6528434436275 732.5325527099787
v 1022.9247093200684 1240.9151583362584 692.8006651950939
v 876.0683059692383 1279.4628620461779 681.080909058986
v 831.6262245178223 420.9505501230311 419.8745971912084
v 737.7237796783447 733.0298870938607 519.5614605703715
v 834.7907066345215 283.2482021897136 546.7234997481048
v 896.1455345153809 1732.7292704664953 -73.12010907366634
v 737.0796203613281 1745.2668636193262 66.90718099198963
v 908.0694198608398 1769.422290696457 80.88872819985657
v 1220.096206665039 1255.1335936460416 57.77219757688922
v 1239.1307830810547 1161.0360855221809 114.16012747719341
v 1207.8163146972656 1162.336315101509 40.185437013038396
v -358.32438468933105 1564.6893873443564 -34.19371291614967
v 1.246787142008543 1481.425613632748 -18.378468085990953
v -311.17851734161377 1588.7242421553235 -227.39385668443524
v -1451.911735534668 162.4907671610676 -181.00747241593513
v -1668.4638977050781 375.10218700736476 -253.35251689274048
v -1626.0833740234375 370.1295379378431 -435.4095807251917
v 853.3333778381348 669.6305298793936 188.32791938730412
v 860.6316566467285 438.90763286026333 183.03527268879688
v 988.5025024414062 565.0495406122195 52.363908065146184
v -602.8917789459229 -30.557875020437795 -38.71364050422609
v -1021.0271835327148 3.7948507375042606 -74.222473259644
v -444.0005302429199 -11.85651076443087 -554.0447983210065
v 120.18427848815918 1498.6953398741111 131.26856960696787
v 534.0637683868408 1639.9798922183807 101.66877775347349
v 132.7002763748169 1468.570754224123 -0.7800258111560326
v 831.6262245178223 420.9505501230311 419.8745971912084
v 860.6316566467285 438.90763286026333 183.03527268879688
v 853.3333778381348 669.6305298793936 188.32791938730412
v -8.58665183186531 1436.6343397029043 290.667760054263
v 120.18427848815918 1498.6953398741111 131.26856960696787
v 1.246787142008543 1481.425613632748 -18.378468085990953
v -201.2256145477295 -52.22477132318194 399.6906690715099
v -602.8917789459229 -30.557875020437795 -38.71364050422609
v -257.22815990448 -9.917810434761066 -556.1282907892258
v 831.6262245178223 420.9505501230311 419.8745971912084
v 853.3333778381348 669.6305298793936 188.32791938730412
v 737.7237796783447 733.0298870938607 519.5614605703715
v -1588.669204711914 805.562970701808 187.9487798329946
v -1676.8449783325195 848.4621408414089 -225.37978787121088
v -1728.4603118896484 640.379423906153 -228.65510655732513
v 622.9456901550293 1702.5289421601785 348.9386297364781
v 794.1874504089355 1767.381438772612 163.082106254958
v 630.2271842956543 1731.626471006389 146.30447701256202
v 954.979133605957 933.3360008170099 453.4978411006148
v 1054.715347290039 918.1989837267363 358.55735089305296
v 1164.7817611694336 1061.625893783806 506.10817171810726
v 145.17405033111572 1490.0187400219422 311.00318805285326
v 120.18427848815918 1498.6953398741111 131.26856960696787
v -8.58665183186531 1436.6343397029043 290.667760054263
v 68.29346418380737 -41.583116812849376 -69.47216191110812
v 634.1572761535645 -21.455816829123446 -38.02727042421521
v 538.8240814208984 -41.00547142184952 499.17582307915484
v -1215.1986122131348 1327.2043219406369 331.60410033655614
v -1493.2714462280273 1079.786861284853 188.90158280735002
v -1403.624153137207 987.585371959474 386.3664121593457
v 163.05967569351196 1255.2517585851533 -617.077784251286
v 154.00750637054443 1072.7497710197335 -692.7677405076897
v -241.29433631896973 1268.0977389701584 -708.0080540135293
v 899.1029739379883 1383.9047479470526 -321.86883298857055
v 802.7420997619629 1094.4507547161813 -469.4703458236313
v 696.3014602661133 1215.1757276812957 -373.0456903567832
v -858.9655876159668 965.2769647236855 661.5803625693942
v -1131.2036514282227 1177.7399328043862 497.21809981134334
v -1227.3988723754883 918.9974279079995 567.4821378316686
v 822.1853256225586 1531.8926141431211 601.5469194300839
v 945.3144073486328 1367.2179547596472 590.5588495092045
v 1020.1871871948242 1391.42621472611 599.5836090550057
v -693.117618560791 1299.986502849401 -753.3074914093995
v -401.0146141052246 1127.6632781439973 -780.6600864911497
v -994.0828323364258 901.3707576987508 -880.3176835960203
v 154.00750637054443 1072.7497710197335 -692.7677405076897
v 495.47977447509766 1022.8945686218202 -483.37042499756006
v 538.321590423584 945.0522390261202 -493.250766220827
v -1431.6587448120117 1244.4867070810526 -439.85820726686785
v -1270.5326080322266 1267.5609258037362 -632.9262312549965
v -1597.449016571045 878.2407769210494 -479.66690684847464
v -1040.628719329834 1292.1728617911017 -730.3582723950856
v -1074.9902725219727 1451.7427141106668 -565.7352297063313
v -752.0420551300049 1551.5532174880866 -551.739453114245
v 696.3014602661133 1215.1757276812957 -373.0456903567832
v 447.9464054107666 1106.3820830605528 -434.13485554842447
v 635.9860420227051 1279.1329492331724 -303.1912034314736
v -241.29433631896973 1268.0977389701584 -708.0080540135293
v -522.8474617004395 1439.8199619063748 -652.6376528032014
v 163.05967569351196 1255.2517585851533 -617.077784251286
v 1084.8546981811523 1604.051007189122 329.95368210798404
v 1121.388053894043 1603.2962495905947 182.80777221454778
v 1048.1767654418945 1654.682118947018 120.27884727702893
v 973.5318183898926 1613.35088222111 515.1773492926991
v 938.7527465820312 1669.6201225490006 351.6802331471755
v 854.4428825378418 1672.8158960283613 433.2116592178655
v -856.6667556762695 1114.2027331691518 604.2188847912404
v -1131.2036514282227 1177.7399328043862 497.21809981134334
v -858.9655876159668 965.2769647236855 661.5803625693942
v 319.12732124328613 1089.7863786136043 573.9051111858062
v 209.492826461792 1087.997093600193 564.0641941757723
v 43.152815103530884 1034.0870325393073 577.3950420272247
v 737.7237796783447 733.0298870938607 519.5614605703715
v 853.3333778381348 669.6305298793936 188.32791938730412
v 717.0683860778809 844.9576709397121 462.0052951581945
v 765.2611255645752 629.912758551708 -544.2757312878076
v -103.05415391921997 679.2012029595021 -674.5065417105943
v 163.9146327972412 689.9478780664466 -632.0419068516599
v -949.2731094360352 695.3276372174697 691.9030925800196
v -542.7267551422119 467.1787101307065 709.2400634058124
v -460.05311012268066 773.9643860168964 765.2355322784614
v -1379.0760040283203 482.19859327472994 -784.6916578018595
v -1109.0517044067383 593.1207715037441 -870.2945254575501
v -1014.2412185668945 432.6052850521096 -816.9363323468828
v -1729.825782775879 502.2581084629742 -238.73058528189128
v -1668.4638977050781 375.10218700736476 -253.35251689274048
v -1661.3975524902344 380.362860615818 -137.80853618763817
v 43.99699866771698 1755.6913363446686 438.0355233449476
v 127.84935235977173 1639.8342032231358 343.0768553330631
v 167.7412748336792 1680.9131656738004 453.84087266429634
v 314.68348503112793 1600.934572290138 195.42960399375417
v 145.17405033111572 1490.0187400219422 311.00318805285326
v 198.97295236587524 1533.8250049030999 307.99567494581726
v 556.5414428710938 1601.3195290352633 595.881035814696
v 377.1883487701416 1630.4849802825333 547.9970461082999
v 317.8903579711914 1590.7262045894433 552.1979866702214
v 319.12732124328613 1089.7863786136043 573.9051111858062
v 43.152815103530884 1034.0870325393073 577.3950420272247
v 150.0956654548645 911.6489972774568 650.8079988513952
v -1227.3988723754883 918.9974279079995 567.4821378316686
v -1403.624153137207 987.585371959474 386.3664121593457
v -1469.5229530334473 763.737084615321 387.89694640964433
v -1676.8449783325195 848.4621408414089 -225.37978787121088
v -1528.9910316467285 1204.3192286762862 -122.41894271595973
v -1502.2048950195312 1236.816996465591 -260.6601380292407
v 802.7420997619629 1094.4507547161813 -469.4703458236313
v 538.321590423584 945.0522390261202 -493.250766220827
v 495.47977447509766 1022.8945686218202 -483.37042499756006
v -1253.2852172851562 934.6477040354077 -820.1535246295779
v -1270.5326080322266 1267.5609258037362 -632.9262312549965
v -1040.628719329834 1292.1728617911017 -730.3582723950856
v 434.8309516906738 1278.6304014290602 693.4744310091955
v 423.2074737548828 1195.865489629186 671.2862085596419
v 466.46032333374023 1173.0933730810052 701.8149466888258
v 180.2273154258728 1461.8991887883803 399.2768094149566
v 249.02474880218506 1522.7929221261575 466.80642958291463
v 198.97295236587524 1533.8250049030999 307.99567494581726
v 1021.8191146850586 1688.0534174274305 -278.1075981527321
v 1016.4201736450195 1702.7373749721794 48.35235380992829
v 1023.2662200927734 1617.1485226298043 -90.09801111128027
v 983.4625244140625 1633.886621468663 -307.80102648120004
v 934.6090316772461 1637.1806067288735 -350.3431254203203
v 1004.5834541320801 1844.709080739771 -459.5601972566158
v 963.9837265014648 1528.12757893217 -290.64217077206547
v 910.3696823120117 1567.7114495869826 -303.58563420460257
v 934.6090316772461 1637.1806067288735 -350.3431254203203
v 145.17405033111572 1490.0187400219422 311.00318805285326
v 314.68348503112793 1600.934572290138 195.42960399375417
v 120.18427848815918 1498.6953398741111 131.26856960696787
v 372.4043369293213 1461.7650264128545 545.126509183193
v 472.9569435119629 1493.1550292595484 578.8531960109599
v 317.8903579711914 1590.7262045894433 552.1979866702214
v 472.9569435119629 1493.1550292595484 578.8531960109599
v 556.5414428710938 1601.3195290352633 595.881035814696
v 317.8903579711914 1590.7262045894433 552.1979866702214
v 505.47423362731934 1682.4470340940873 295.32718884276045
v 377.1883487701416 1630.4849802825333 547.9970461082999
v 556.5414428710938 1601.3195290352633 595.881035814696
v 505.47423362731934 1682.4470340940873 295.32718884276045
v 309.98897552490234 1690.0888235719067 276.28879735439324
v 377.1883487701416 1630.4849802825333 547.9970461082999
v 472.9569435119629 1493.1550292595484 578.8531960109599
v 576.4902114868164 1495.1887410796862 589.3475706073875
v 556.5414428710938 1601.3195290352633 595.881035814696
v 296.4582920074463 1403.800407206993 469.6834901498708
v 249.02474880218506 1522.7929221261575 466.80642958291463
v 180.2273154258728 1461.8991887883803 399.2768094149566
v 896.1455345153809 1732.7292704664953 -73.12010907366634
v 906.110954284668 1745.816710037431 -246.9828959424133
v 900.8231163024902 1704.3303449546304 -305.4847280036769
v 866.472053527832 1641.481121085178 -234.67452319918127
v 896.1455345153809 1732.7292704664953 -73.12010907366634
v 900.8231163024902 1704.3303449546304 -305.4847280036769
v 983.4625244140625 1633.886621468663 -307.80102648120004
v 963.9837265014648 1528.12757893217 -290.64217077206547
v 934.6090316772461 1637.1806067288735 -350.3431254203203
v 1021.8191146850586 1688.0534174274305 -278.1075981527321
v 983.4625244140625 1633.886621468663 -307.80102648120004
v 1004.5834541320801 1844.709080739771 -459.5601972566158
v 1023.2662200927734 1617.1485226298043 -90.09801111128027
v 963.9837265014648 1528.12757893217 -290.64217077206547
v 983.4625244140625 1633.886621468663 -307.80102648120004
v 910.3696823120117 1567.7114495869826 -303.58563420460257
v 900.8231163024902 1704.3303449546304 -305.4847280036769
v 934.6090316772461 1637.1806067288735 -350.3431254203203
v 910.3696823120117 1567.7114495869826 -303.58563420460257
v 963.9837265014648 1528.12757893217 -290.64217077206547
v 899.1029739379883 1383.9047479470526 -321.86883298857055
v 818.4527397155762 1484.5958778904615 -280.09400282391664
v 910.3696823120117 1567.7114495869826 -303.58563420460257
v 899.1029739379883 1383.9047479470526 -321.86883298857055
v 896.1455345153809 1732.7292704664953 -73.12010907366634
v 908.0694198608398 1769.422290696457 80.88872819985657
v 966.996955871582 1762.0124137311996 -56.915899466693226
v 966.996955871582 1762.0124137311996 -56.915899466693226
v 908.0694198608398 1769.422290696457 80.88872819985657
v 1016.4201736450195 1702.7373749721794 48.35235380992829
v 1016.4201736450195 1702.7373749721794 48.35235380992829
v 1021.8191146850586 1688.0534174274305 -278.1075981527321
v 966.996955871582 1762.0124137311996 -56.915899466693226
v 314.68348503112793 1600.934572290138 195.42960399375417
v 198.97295236587524 1533.8250049030999 307.99567494581726
v 309.98897552490234 1690.0888235719067 276.28879735439324
v 249.02474880218506 1522.7929221261575 466.80642958291463
v 127.84935235977173 1639.8342032231358 343.0768553330631
v 198.97295236587524 1533.8250049030999 307.99567494581726
v 1095.8351135253906 1348.0123825603662 -138.8544534985723
v 1013.9446258544922 1381.2672747560975 -259.2885115569358
v 1069.6642875671387 1494.3951898406985 -112.01961662108066
v 1076.5602111816406 1395.9675022319882 494.8940139447185
v 1101.979637145996 1372.74457152813 433.7150488220772
v 1041.0927772521973 1542.9230776715792 457.60528202107236
v 1052.8070449829102 1460.0618631253178 572.0382917092611
v 1076.5602111816406 1395.9675022319882 494.8940139447185
v 1041.0927772521973 1542.9230776715792 457.60528202107236
v 1020.1871871948242 1391.42621472611 599.5836090550057
v 1022.9247093200684 1240.9151583362584 692.8006651950939
v 1129.6758651733398 1280.7550890579662 668.8546138326606
v 1232.5942039489746 1418.633625161018 163.63167215555006
v 1251.4860153198242 1324.8653181704349 166.2123750497309
v 1220.096206665039 1255.1335936460416 57.77219757688922
v 1022.8482246398926 1257.70484508614 -278.3707544339067
v 1106.6423416137695 1263.271176415305 -124.77371549443063
v 1004.6547889709473 1080.9355818959416 -372.51380817237526
v 822.1853256225586 1531.8926141431211 601.5469194300839
v 706.7547798156738 1609.7862464285072 574.3118787686695
v 711.5965843200684 1510.7743574354681 616.4281988424951
v 167.7412748336792 1680.9131656738004 453.84087266429634
v 317.8903579711914 1590.7262045894433 552.1979866702214
v 377.1883487701416 1630.4849802825333 547.9970461082999
v 167.7412748336792 1680.9131656738004 453.84087266429634
v 249.02474880218506 1522.7929221261575 466.80642958291463
v 317.8903579711914 1590.7262045894433 552.1979866702214
v 167.7412748336792 1680.9131656738004 453.84087266429634
v 127.84935235977173 1639.8342032231358 343.0768553330631
v 249.02474880218506 1522.7929221261575 466.80642958291463
v 1113.0626678466797 1503.4248779507868 -8.646221250691596
v 1048.1767654418945 1654.682118947018 120.27884727702893
v 1202.9877662658691 1506.3122478773353 182.37226604167014
v 973.5318183898926 1613.35088222111 515.1773492926991
v 822.1853256225586 1531.8926141431211 601.5469194300839
v 1052.8070449829102 1460.0618631253178 572.0382917092611
v 1084.8546981811523 1604.051007189122 329.95368210798404
v 1048.1767654418945 1654.682118947018 120.27884727702893
v 907.7431678771973 1716.8147712562554 193.08853263429737
v 1016.4201736450195 1702.7373749721794 48.35235380992829
v 1069.6642875671387 1494.3951898406985 -112.01961662108066
v 1023.2662200927734 1617.1485226298043 -90.09801111128027
v 1016.4201736450195 1702.7373749721794 48.35235380992829
v 1048.1767654418945 1654.682118947018 120.27884727702893
v 1069.6642875671387 1494.3951898406985 -112.01961662108066
v 1041.0927772521973 1542.9230776715792 457.60528202107236
v 1084.8546981811523 1604.051007189122 329.95368210798404
v 973.5318183898926 1613.35088222111 515.1773492926991
v 706.7547798156738 1609.7862464285072 574.3118787686695
v 556.5414428710938 1601.3195290352633 595.881035814696
v 576.4902114868164 1495.1887410796862 589.3475706073875
v 1202.9877662658691 1506.3122478773353 182.37226604167014
v 1121.388053894043 1603.2962495905947 182.80777221454778
v 1084.8546981811523 1604.051007189122 329.95368210798404
v 1052.8070449829102 1460.0618631253178 572.0382917092611
v 1129.6758651733398 1280.7550890579662 668.8546138326606
v 1076.5602111816406 1395.9675022319882 494.8940139447185
v 1164.7817611694336 1061.625893783806 506.10817171810726
v 1182.1701049804688 1253.2717073246577 559.0434583353627
v 1129.6758651733398 1280.7550890579662 668.8546138326606
v 622.9456901550293 1702.5289421601785 348.9386297364781
v 630.2271842956543 1731.626471006389 146.30447701256202
v 505.47423362731934 1682.4470340940873 295.32718884276045
v 1234.6807479858398 1345.8277595812772 263.5764369319232
v 1251.4860153198242 1324.8653181704349 166.2123750497309
v 1232.5942039489746 1418.633625161018 163.63167215555006
v 796.5934753417969 1765.9659865458839 97.17825433081147
v 737.0796203613281 1745.2668636193262 66.90718099198963
v 630.2271842956543 1731.626471006389 146.30447701256202
v 539.8387908935547 1681.2356585882455 158.15271850777657
v 737.0796203613281 1745.2668636193262 66.90718099198963
v 534.0637683868408 1639.9798922183807 101.66877775347349
v 908.0694198608398 1769.422290696457 80.88872819985657
v 1048.1767654418945 1654.682118947018 120.27884727702893
v 1016.4201736450195 1702.7373749721794 48.35235380992829
v 908.0694198608398 1769.422290696457 80.88872819985657
v 737.0796203613281 1745.2668636193262 66.90718099198963
v 796.5934753417969 1765.9659865458839 97.17825433081147
v 1080.4222106933594 994.1263527909365 -211.6292309401891
v 1091.0923957824707 1151.4829031847787 -156.02739489289357
v 1118.7152862548828 1109.0309616623383 -74.8088513006028
v 896.1455345153809 1732.7292704664953 -73.12010907366634
v 966.996955871582 1762.0124137311996 -56.915899466693226
v 906.110954284668 1745.816710037431 -246.9828959424133
v 1004.5834541320801 1844.709080739771 -459.5601972566158
v 900.8231163024902 1704.3303449546304 -305.4847280036769
v 906.110954284668 1745.816710037431 -246.9828959424133
v 175.46253204345703 1720.6950989319657 325.1969298432617
v 127.84935235977173 1639.8342032231358 343.0768553330631
v 43.99699866771698 1755.6913363446686 438.0355233449476
v 175.46253204345703 1720.6950989319657 325.1969298432617
v 309.98897552490234 1690.0888235719067 276.28879735439324
v 127.84935235977173 1639.8342032231358 343.0768553330631
v 309.98897552490234 1690.0888235719067 276.28879735439324
v 198.97295236587524 1533.8250049030999 307.99567494581726
v 127.84935235977173 1639.8342032231358 343.0768553330631
v 960.7698440551758 996.5921912811824 634.0877884258713
v 967.6445007324219 982.3804316836531 559.2623629801298
v 1077.3456573486328 1026.361509302094 587.8200858144625
v 466.46032333374023 1173.0933730810052 701.8149466888258
v 614.0996932983398 1177.1267536743928 746.062619574389
v 582.5684070587158 1253.648529756916 750.4915203505217
v 1220.096206665039 1255.1335936460416 57.77219757688922
v 1106.6423416137695 1263.271176415305 -124.77371549443063
v 1232.5942039489746 1418.633625161018 163.63167215555006
v 1215.6569480895996 1119.759468641483 317.8449686377571
v 1252.0514488220215 1278.2521243872382 322.6698478048514
v 1182.1701049804688 1253.2717073246577 559.0434583353627
v 1252.0514488220215 1278.2521243872382 322.6698478048514
v 1239.1307830810547 1161.0360855221809 114.16012747719341
v 1251.4860153198242 1324.8653181704349 166.2123750497309
v 1215.6569480895996 1119.759468641483 317.8449686377571
v 1068.6676025390625 931.6498765917997 244.41958424715207
v 1121.1358070373535 1011.213374130127 80.10442701308345
v 1022.9247093200684 1240.9151583362584 692.8006651950939
v 960.7698440551758 996.5921912811824 634.0877884258713
v 1129.6758651733398 1280.7550890579662 668.8546138326606
v 505.47423362731934 1682.4470340940873 295.32718884276045
v 556.5414428710938 1601.3195290352633 595.881035814696
v 622.9456901550293 1702.5289421601785 348.9386297364781
v 796.5934753417969 1765.9659865458839 97.17825433081147
v 794.1874504089355 1767.381438772612 163.082106254958
v 908.0694198608398 1769.422290696457 80.88872819985657
v 854.4428825378418 1672.8158960283613 433.2116592178655
v 706.7547798156738 1609.7862464285072 574.3118787686695
v 973.5318183898926 1613.35088222111 515.1773492926991
v 783.6194515228271 1204.6528434436275 732.5325527099787
v 960.7698440551758 996.5921912811824 634.0877884258713
v 1022.9247093200684 1240.9151583362584 692.8006651950939
v 803.4906387329102 1064.301549201893 705.927967756986
v 783.6194515228271 1204.6528434436275 732.5325527099787
v 614.0996932983398 1177.1267536743928 746.062619574389
v 1118.7152862548828 1109.0309616623383 -74.8088513006028
v 1091.0923957824707 1151.4829031847787 -156.02739489289357
v 1207.8163146972656 1162.336315101509 40.185437013038396
v 372.4043369293213 1461.7650264128545 545.126509183193
v 375.9622573852539 1346.8969591963398 526.8678582495155
v 427.2846221923828 1407.2951638616728 598.0101874058047
v 309.98897552490234 1690.0888235719067 276.28879735439324
v 167.7412748336792 1680.9131656738004 453.84087266429634
v 377.1883487701416 1630.4849802825333 547.9970461082999
v 309.98897552490234 1690.0888235719067 276.28879735439324
v 175.46253204345703 1720.6950989319657 325.1969298432617
v 167.7412748336792 1680.9131656738004 453.84087266429634
v 175.46253204345703 1720.6950989319657 325.1969298432617
v 43.99699866771698 1755.6913363446686 438.0355233449476
v 167.7412748336792 1680.9131656738004 453.84087266429634
v 906.110954284668 1745.816710037431 -246.9828959424133
v 966.996955871582 1762.0124137311996 -56.915899466693226
v 1004.5834541320801 1844.709080739771 -459.5601972566158
v 934.6090316772461 1637.1806067288735 -350.3431254203203
v 900.8231163024902 1704.3303449546304 -305.4847280036769
v 1004.5834541320801 1844.709080739771 -459.5601972566158
v 1021.8191146850586 1688.0534174274305 -278.1075981527321
v 1004.5834541320801 1844.709080739771 -459.5601972566158
v 966.996955871582 1762.0124137311996 -56.915899466693226
v 775.1253128051758 1641.4593920128157 -125.25630165309576
v 534.0637683868408 1639.9798922183807 101.66877775347349
v 896.1455345153809 1732.7292704664953 -73.12010907366634
v 505.47423362731934 1682.4470340940873 295.32718884276045
v 314.68348503112793 1600.934572290138 195.42960399375417
v 309.98897552490234 1690.0888235719067 276.28879735439324
v 853.3389091491699 262.68483814583954 186.47549753063907
v 838.0657196044922 288.9174578753852 160.97286083050994
v 831.6262245178223 420.9505501230311 419.8745971912084
v 838.0657196044922 288.9174578753852 160.97286083050994
v 860.6316566467285 438.90763286026333 183.03527268879688
v 831.6262245178223 420.9505501230311 419.8745971912084
v 893.702220916748 394.5313407295886 65.99032716540216
v 860.6316566467285 438.90763286026333 183.03527268879688
v 838.0657196044922 288.9174578753852 160.97286083050994
v 845.8358764648438 128.80112225993375 143.3622614940126
v 793.4064388275146 15.149484053031209 77.61001713766066
v 911.970043182373 261.57523707762783 178.7420813871153
v 941.7360305786133 300.32225563802405 144.1371226460433
v 992.5347328186035 319.5746806076288 12.511929717062664
v 982.6587677001953 432.4609066777308 -48.25155419889096
v 538.8240814208984 -41.00547142184952 499.17582307915484
v 892.9213523864746 33.074901820236896 350.9102179962461
v 830.7962417602539 28.886602766271626 528.2234925953989
v 992.5347328186035 319.5746806076288 12.511929717062664
v 892.2122001647949 67.22412951140291 -275.121998402062
v 986.884880065918 259.7671795700117 -252.62954476379633
v -1265.8947944641113 183.01988326587605 -523.9418096351005
v -1451.911735534668 162.4907671610676 -181.00747241593513
v -1626.0833740234375 370.1295379378431 -435.4095807251917
v -1265.8947944641113 183.01988326587605 -523.9418096351005
v -1626.0833740234375 370.1295379378431 -435.4095807251917
v -1531.3310623168945 455.94776993703965 -673.0713272848818
v 630.2271842956543 1731.626471006389 146.30447701256202
v 737.0796203613281 1745.2668636193262 66.90718099198963
v 539.8387908935547 1681.2356585882455 158.15271850777657
v 66.3665235042572 489.03854206140204 680.2174631955497
v 71.26579284667969 168.55652549360485 591.44263746761
v 424.71985816955566 191.91731329343668 589.7848623214153
v 66.3665235042572 489.03854206140204 680.2174631955497
v 424.71985816955566 191.91731329343668 589.7848623214153
v 367.41936206817627 584.4432996811153 627.3379279561065
v -466.18690490722656 475.70235807816437 -760.2081677768323
v -460.675048828125 189.08296871714765 -746.7627523773396
v -924.9749183654785 201.71050304974105 -712.0285061478727
v -466.18690490722656 475.70235807816437 -760.2081677768323
v -924.9749183654785 201.71050304974105 -712.0285061478727
v -1014.2412185668945 432.6052850521096 -816.9363323468828
v 365.3355121612549 1400.661769322413 -243.45678195471604
v 124.03968572616577 1430.5067948520257 -395.6306336765045
v 137.98136711120605 1437.5641074836033 -190.47631806896717
v -1351.9126892089844 184.6511446246577 374.44099001521266
v -1440.7153129577637 182.00421037743882 201.8170043132698
v -1292.9168701171875 25.482085590693842 207.93434519474732
v -1351.9126892089844 184.6511446246577 374.44099001521266
v -1292.9168701171875 25.482085590693842 207.93434519474732
v -1173.2152938842773 48.79251394962366 431.9711471766214
v 1086.4861488342285 937.4883326489875 -3.2413429853056708
v 1080.4222106933594 994.1263527909365 -211.6292309401891
v 1118.7152862548828 1109.0309616623383 -74.8088513006028
v 68.29346418380737 -41.583116812849376 -69.47216191110812
v 83.74310731887817 -37.46981661253783 -544.9045898091869
v 613.0227088928223 -24.060754459850525 -394.1645455008924
v 68.29346418380737 -41.583116812849376 -69.47216191110812
v 613.0227088928223 -24.060754459850525 -394.1645455008924
v 634.1572761535645 -21.455816829123446 -38.02727042421521
v 648.3569145202637 186.48711330731837 -581.9152883412161
v 98.5403299331665 177.7958434754536 -722.2218505167311
v 145.02675533294678 470.9585560280102 -668.9908431437756
v 648.3569145202637 186.48711330731837 -581.9152883412161
v 145.02675533294678 470.9585560280102 -668.9908431437756
v 703.4109592437744 454.1980276639573 -586.5935735095508
v -521.5099334716797 1580.0255572609415 -458.2481442981516
v -679.5233726501465 1637.2694999412338 -270.1912603092284
v -311.17851734161377 1588.7242421553235 -227.39385668443524
v -880.2265167236328 1284.2470379147555 483.5252778186096
v -856.6667556762695 1114.2027331691518 604.2188847912404
v -415.19927978515625 1058.7820539613058 631.8288117941618
v -880.2265167236328 1284.2470379147555 483.5252778186096
v -415.19927978515625 1058.7820539613058 631.8288117941618
v 43.152815103530884 1034.0870325393073 577.3950420272247
v -1173.2152938842773 48.79251394962366 431.9711471766214
v -924.653434753418 45.00531592079898 502.26795733680353
v -1011.5157127380371 319.71602820282396 642.1087569337735
v -1173.2152938842773 48.79251394962366 431.9711471766214
v -1011.5157127380371 319.71602820282396 642.1087569337735
v -1241.4599418640137 248.7430226388467 515.5551876562273
v -869.9948310852051 -28.438370349335784 399.98363461556823
v -924.653434753418 45.00531592079898 502.26795733680353
v -1173.2152938842773 48.79251394962366 431.9711471766214
v -1051.3757705688477 1312.7430102718863 439.0430920560621
v -880.2265167236328 1284.2470379147555 483.5252778186096
v -841.3926124572754 1490.160061055302 210.55954217991192
v -1051.3757705688477 1312.7430102718863 439.0430920560621
v -841.3926124572754 1490.160061055302 210.55954217991192
v -1078.878116607666 1467.4985669645212 213.10711918075864
v -1019.6773529052734 96.07679013766182 -569.6562701131517
v -1146.118450164795 200.61130624982385 -651.1501358915804
v -924.9749183654785 201.71050304974105 -712.0285061478727
v -1019.6773529052734 96.07679013766182 -569.6562701131517
v -924.9749183654785 201.71050304974105 -712.0285061478727
v -870.1505661010742 79.58920822373699 -628.4610163276036
v 732.4949741363525 48.40021901584483 601.8498149680992
v 830.7962417602539 28.886602766271626 528.2234925953989
v 834.7907066345215 283.2482021897136 546.7234997481048
v 732.4949741363525 48.40021901584483 601.8498149680992
v 834.7907066345215 283.2482021897136 546.7234997481048
v 700.9125709533691 265.76557335229074 613.1369977486191
v -521.5099334716797 1580.0255572609415 -458.2481442981516
v -492.1961307525635 1510.3304535723248 -568.5990260848264
v -752.0420551300049 1551.5532174880866 -551.739453114245
v 732.4949741363525 48.40021901584483 601.8498149680992
v 700.9125709533691 265.76557335229074 613.1369977486191
v 424.71985816955566 191.91731329343668 589.7848623214153
v 732.4949741363525 48.40021901584483 601.8498149680992
v 424.71985816955566 191.91731329343668 589.7848623214153
v 489.61172103881836 -14.720741759187776 588.8525304215478
v 732.4949741363525 48.40021901584483 601.8498149680992
v 489.61172103881836 -14.720741759187776 588.8525304215478
v 538.8240814208984 -41.00547142184952 499.17582307915484
v 732.4949741363525 48.40021901584483 601.8498149680992
v 538.8240814208984 -41.00547142184952 499.17582307915484
v 830.7962417602539 28.886602766271626 528.2234925953989
v 837.0332717895508 89.2087124026431 -404.4552784460261
v 605.6010246276855 17.001484173221748 -540.3067426710088
v 648.3569145202637 186.48711330731837 -581.9152883412161
v 837.0332717895508 89.2087124026431 -404.4552784460261
v 648.3569145202637 186.48711330731837 -581.9152883412161
v 904.729175567627 254.97165307610237 -424.1234023089401
v 837.0332717895508 89.2087124026431 -404.4552784460261
v 892.2122001647949 67.22412951140291 -275.121998402062
v 613.0227088928223 -24.060754459850525 -394.1645455008924
v 837.0332717895508 89.2087124026431 -404.4552784460261
v 613.0227088928223 -24.060754459850525 -394.1645455008924
v 605.6010246276855 17.001484173221748 -540.3067426710088
v 635.9860420227051 1279.1329492331724 -303.1912034314736
v 393.22896003723145 1310.1559694060802 -335.03067260484374
v 748.454761505127 1548.6794580024296 -234.67040993103535
v 635.9860420227051 1279.1329492331724 -303.1912034314736
v 748.454761505127 1548.6794580024296 -234.67040993103535
v 818.4527397155762 1484.5958778904615 -280.09400282391664
v -257.22815990448 -9.917810434761066 -556.1282907892258
v -444.0005302429199 -11.85651076443087 -554.0447983210065
v -461.65857315063477 41.144490024204146 -700.9356314079556
v -257.22815990448 -9.917810434761066 -556.1282907892258
v -461.65857315063477 41.144490024204146 -700.9356314079556
v 57.310909032821655 22.015834936906995 -696.132925144819
v 57.310909032821655 22.015834936906995 -696.132925144819
v -461.65857315063477 41.144490024204146 -700.9356314079556
v -460.675048828125 189.08296871714765 -746.7627523773396
v 57.310909032821655 22.015834936906995 -696.132925144819
v -460.675048828125 189.08296871714765 -746.7627523773396
v -353.27138900756836 222.6754532585697 -751.9003909922775
v -225.1206398010254 23.48420542553303 532.5684333580849
v -499.94311332702637 37.728095447843316 544.8852778702386
v -869.9948310852051 -28.438370349335784 399.98363461556823
v -225.1206398010254 23.48420542553303 532.5684333580849
v -869.9948310852051 -28.438370349335784 399.98363461556823
v -201.2256145477295 -52.22477132318194 399.6906690715099
v 172.21355438232422 1372.2065736232985 -501.1603120200453
v -492.1961307525635 1510.3304535723248 -568.5990260848264
v 124.03968572616577 1430.5067948520257 -395.6306336765045
v 163.05967569351196 1255.2517585851533 -617.077784251286
v -492.1961307525635 1510.3304535723248 -568.5990260848264
v 172.21355438232422 1372.2065736232985 -501.1603120200453
v -201.2256145477295 -52.22477132318194 399.6906690715099
v 96.38358950614929 -76.70453985113154 409.3256436494451
v 99.37100410461426 -42.1638936331075 543.3949341174841
v -201.2256145477295 -52.22477132318194 399.6906690715099
v 99.37100410461426 -42.1638936331075 543.3949341174841
v -225.1206398010254 23.48420542553303 532.5684333580849
v 20.606602728366852 1288.6024654583819 461.8644732263017
v 3.9220523089170456 1120.800049671902 518.9437613201347
v 209.492826461792 1087.997093600193 564.0641941757723
v 20.606602728366852 1288.6024654583819 461.8644732263017
v 209.492826461792 1087.997093600193 564.0641941757723
v 220.3960657119751 1360.965752796392 525.6109136532483
v 3.9220523089170456 1120.800049671902 518.9437613201347
v 20.606602728366852 1288.6024654583819 461.8644732263017
v -358.94694328308105 1264.25324726094 414.3469877373259
v 3.6995038390159607 1404.9438502911087 377.5264392031909
v -357.0890426635742 1367.5598072930693 295.1015441313971
v -358.94694328308105 1264.25324726094 414.3469877373259
v 3.6995038390159607 1404.9438502911087 377.5264392031909
v -358.94694328308105 1264.25324726094 414.3469877373259
v 20.606602728366852 1288.6024654583819 461.8644732263017
v -1379.0760040283203 482.19859327472994 -784.6916578018595
v -1531.3310623168945 455.94776993703965 -673.0713272848818
v -1537.180995941162 631.2031545766017 -697.9571951645161
v -1379.0760040283203 482.19859327472994 -784.6916578018595
v -1537.180995941162 631.2031545766017 -697.9571951645161
v -1379.611587524414 647.148668483911 -813.2055873746051
v -1227.3988723754883 918.9974279079995 567.4821378316686
v -1272.421932220459 594.6431687009668 543.7483756138034
v -949.2731094360352 695.3276372174697 691.9030925800196
v -1379.611587524414 647.148668483911 -813.2055873746051
v -1537.180995941162 631.2031545766017 -697.9571951645161
v -1460.68115234375 886.7045127557597 -688.5571958643311
v -1379.611587524414 647.148668483911 -813.2055873746051
v -1460.68115234375 886.7045127557597 -688.5571958643311
v -1253.2852172851562 934.6477040354077 -820.1535246295779
v -1253.2852172851562 934.6477040354077 -820.1535246295779
v -994.0828323364258 901.3707576987508 -880.3176835960203
v -1109.0517044067383 593.1207715037441 -870.2945254575501
v -1253.2852172851562 934.6477040354077 -820.1535246295779
v -1109.0517044067383 593.1207715037441 -870.2945254575501
v -1379.611587524414 647.148668483911 -813.2055873746051
v 765.2611255645752 629.912758551708 -544.2757312878076
v 580.6594371795654 857.2535484581967 -513.9211200040102
v 877.0483016967773 973.258205919992 -486.4789196564016
v 765.2611255645752 629.912758551708 -544.2757312878076
v 877.0483016967773 973.258205919992 -486.4789196564016
v 978.2840728759766 713.6484217226754 -475.0667891425864
v -1379.0760040283203 482.19859327472994 -784.6916578018595
v -1379.611587524414 647.148668483911 -813.2055873746051
v -1109.0517044067383 593.1207715037441 -870.2945254575501
v 978.2840728759766 713.6484217226754 -475.0667891425864
v 877.0483016967773 973.258205919992 -486.4789196564016
v 1004.6547889709473 1080.9355818959416 -372.51380817237526
v 978.2840728759766 713.6484217226754 -475.0667891425864
v 1004.6547889709473 1080.9355818959416 -372.51380817237526
v 1080.4222106933594 994.1263527909365 -211.6292309401891
v 540.4399871826172 913.7578357833545 491.251805909311
v 717.0683860778809 844.9576709397121 462.0052951581945
v 740.710973739624 954.7394133754648 492.5017812868016
v 540.4399871826172 913.7578357833545 491.251805909311
v 740.710973739624 954.7394133754648 492.5017812868016
v 568.8999176025391 1057.7640061425727 627.9525074371609
v 1041.4713859558105 808.4820155815452 -234.31911992395408
v 978.2840728759766 713.6484217226754 -475.0667891425864
v 1080.4222106933594 994.1263527909365 -211.6292309401891
v 717.0683860778809 844.9576709397121 462.0052951581945
v 540.4399871826172 913.7578357833545 491.251805909311
v 737.7237796783447 733.0298870938607 519.5614605703715
v 453.8599967956543 1070.2328024796955 493.34328795723417
v 540.4399871826172 913.7578357833545 491.251805909311
v 568.8999176025391 1057.7640061425727 627.9525074371609
v 453.8599967956543 1070.2328024796955 493.34328795723417
v 568.8999176025391 1057.7640061425727 627.9525074371609
v 454.6873092651367 1118.8376897462801 635.4085632004034
v 540.4399871826172 913.7578357833545 491.251805909311
v 453.8599967956543 1070.2328024796955 493.34328795723417
v 319.12732124328613 1089.7863786136043 573.9051111858062
v 540.4399871826172 913.7578357833545 491.251805909311
v 319.12732124328613 1089.7863786136043 573.9051111858062
v 307.5477600097656 817.2175028301732 635.8255024388952
v 307.5477600097656 817.2175028301732 635.8255024388952
v 489.27202224731445 709.6509070564555 603.2407554335069
v 737.7237796783447 733.0298870938607 519.5614605703715
v 307.5477600097656 817.2175028301732 635.8255024388952
v 737.7237796783447 733.0298870938607 519.5614605703715
v 540.4399871826172 913.7578357833545 491.251805909311
v -460.05311012268066 773.9643860168964 765.2355322784614
v -542.7267551422119 467.1787101307065 709.2400634058124
v -91.10192656517029 619.4206100814654 765.6469681288025
v -460.05311012268066 773.9643860168964 765.2355322784614
v -91.10192656517029 619.4206100814654 765.6469681288025
v -81.11572265625 715.4073073094497 769.0370288923472
v -103.05415391921997 679.2012029595021 -674.5065417105943
v -364.04199600219727 915.3259809117261 -790.6232839390851
v 157.89241790771484 866.1003819795174 -672.745321154901
v -103.05415391921997 679.2012029595021 -674.5065417105943
v 157.89241790771484 866.1003819795174 -672.745321154901
v 163.9146327972412 689.9478780664466 -632.0419068516599
v -364.04199600219727 915.3259809117261 -790.6232839390851
v -103.05415391921997 679.2012029595021 -674.5065417105943
v -513.8347625732422 655.2542358993686 -786.5942612495265
v -1173.2152938842773 48.79251394962366 431.9711471766214
v -1292.9168701171875 25.482085590693842 207.93434519474732
v -1003.3130645751953 -33.67120575959605 216.77837082228137
v -1173.2152938842773 48.79251394962366 431.9711471766214
v -1003.3130645751953 -33.67120575959605 216.77837082228137
v -869.9948310852051 -28.438370349335784 399.98363461556823
v 372.4043369293213 1461.7650264128545 545.126509183193
v 296.4582920074463 1403.800407206993 469.6834901498708
v 375.9622573852539 1346.8969591963398 526.8678582495155
v -1440.7153129577637 182.00421037743882 201.8170043132698
v -1351.9126892089844 184.6511446246577 374.44099001521266
v -1454.783058166504 450.1598708559457 375.4782181764978
v -1440.7153129577637 182.00421037743882 201.8170043132698
v -1454.783058166504 450.1598708559457 375.4782181764978
v -1595.8696365356445 466.6607430008322 156.16841664238143
v 834.7907066345215 283.2482021897136 546.7234997481048
v 830.7962417602539 28.886602766271626 528.2234925953989
v 892.9213523864746 33.074901820236896 350.9102179962461
v 834.7907066345215 283.2482021897136 546.7234997481048
v 892.9213523864746 33.074901820236896 350.9102179962461
v 831.6262245178223 420.9505501230311 419.8745971912084
v -954.4321060180664 1594.2902476632796 -369.4150079284628
v -1226.5623092651367 1483.5402646627388 -214.3225682420611
v -997.331714630127 1595.1812891621926 -193.6499526858829
v -954.4321060180664 1594.2902476632796 -369.4150079284628
v -997.331714630127 1595.1812891621926 -193.6499526858829
v -679.5233726501465 1637.2694999412338 -270.1912603092284
v 934.2254638671875 86.75471117182873 -98.4101139930921
v 915.0349617004395 88.84019634121458 6.43975636608641
v 634.1572761535645 -21.455816829123446 -38.02727042421521
v -8.58665183186531 1436.6343397029043 290.667760054263
v -359.0933322906494 1458.4336970856248 175.32123397385897
v -357.0890426635742 1367.5598072930693 295.1015441313971
v -8.58665183186531 1436.6343397029043 290.667760054263
v -357.0890426635742 1367.5598072930693 295.1015441313971
v 3.6995038390159607 1404.9438502911087 377.5264392031909
v 1.246787142008543 1481.425613632748 -18.378468085990953
v 132.7002763748169 1468.570754224123 -0.7800258111560326
v 137.98136711120605 1437.5641074836033 -190.47631806896717
v 1.246787142008543 1481.425613632748 -18.378468085990953
v 137.98136711120605 1437.5641074836033 -190.47631806896717
v -47.053536772727966 1518.539916894407 -238.49359071769993
v 982.0784568786621 872.005550751178 168.092604745893
v 853.3333778381348 669.6305298793936 188.32791938730412
v 987.4593734741211 750.4060510469036 16.435649932657544
v 982.0784568786621 872.005550751178 168.092604745893
v 987.4593734741211 750.4060510469036 16.435649932657544
v 1086.4861488342285 937.4883326489875 -3.2413429853056708
v -311.17851734161377 1588.7242421553235 -227.39385668443524
v 1.246787142008543 1481.425613632748 -18.378468085990953
v -47.053536772727966 1518.539916894407 -238.49359071769993
v 988.5025024414062 565.0495406122195 52.363908065146184
v 987.4593734741211 750.4060510469036 16.435649932657544
v 853.3333778381348 669.6305298793936 188.32791938730412
v -1728.4603118896484 640.379423906153 -228.65510655732513
v -1676.8449783325195 848.4621408414089 -225.37978787121088
v -1597.449016571045 878.2407769210494 -479.66690684847464
v -1728.4603118896484 640.379423906153 -228.65510655732513
v -1597.449016571045 878.2407769210494 -479.66690684847464
v -1679.8925399780273 626.0742289989346 -474.0207874217859
v -1679.8925399780273 626.0742289989346 -474.0207874217859
v -1678.8497924804688 487.2965010680608 -472.76973885032766
v -1729.825782775879 502.2581084629742 -238.73058528189128
v -1679.8925399780273 626.0742289989346 -474.0207874217859
v -1729.825782775879 502.2581084629742 -238.73058528189128
v -1728.4603118896484 640.379423906153 -228.65510655732513
v -1131.2036514282227 1177.7399328043862 497.21809981134334
v -856.6667556762695 1114.2027331691518 604.2188847912404
v -880.2265167236328 1284.2470379147555 483.5252778186096
v -1131.2036514282227 1177.7399328043862 497.21809981134334
v -880.2265167236328 1284.2470379147555 483.5252778186096
v -1051.3757705688477 1312.7430102718863 439.0430920560621
v 622.9456901550293 1702.5289421601785 348.9386297364781
v 556.5414428710938 1601.3195290352633 595.881035814696
v 706.7547798156738 1609.7862464285072 574.3118787686695
v -1492.7212715148926 175.94288390051105 -58.60315340467406
v -1451.911735534668 162.4907671610676 -181.00747241593513
v -1316.1361694335938 46.07884427035768 -22.263043587486703
v -752.0420551300049 1551.5532174880866 -551.739453114245
v -954.4321060180664 1594.2902476632796 -369.4150079284628
v -679.5233726501465 1637.2694999412338 -270.1912603092284
v -752.0420551300049 1551.5532174880866 -551.739453114245
v -679.5233726501465 1637.2694999412338 -270.1912603092284
v -521.5099334716797 1580.0255572609415 -458.2481442981516
v -1146.118450164795 200.61130624982385 -651.1501358915804
v -1379.0760040283203 482.19859327472994 -784.6916578018595
v -1014.2412185668945 432.6052850521096 -816.9363323468828
v -1146.118450164795 200.61130624982385 -651.1501358915804
v -1014.2412185668945 432.6052850521096 -816.9363323468828
v -924.9749183654785 201.71050304974105 -712.0285061478727
v -954.4321060180664 1594.2902476632796 -369.4150079284628
v -752.0420551300049 1551.5532174880866 -551.739453114245
v -1074.9902725219727 1451.7427141106668 -565.7352297063313
v -1265.8947944641113 183.01988326587605 -523.9418096351005
v -1531.3310623168945 455.94776993703965 -673.0713272848818
v -1379.0760040283203 482.19859327472994 -784.6916578018595
v -1265.8947944641113 183.01988326587605 -523.9418096351005
v -1379.0760040283203 482.19859327472994 -784.6916578018595
v -1146.118450164795 200.61130624982385 -651.1501358915804
v -870.1505661010742 79.58920822373699 -628.4610163276036
v -461.65857315063477 41.144490024204146 -700.9356314079556
v -444.0005302429199 -11.85651076443087 -554.0447983210065
v -870.1505661010742 79.58920822373699 -628.4610163276036
v -444.0005302429199 -11.85651076443087 -554.0447983210065
v -1019.6773529052734 96.07679013766182 -569.6562701131517
v -460.675048828125 189.08296871714765 -746.7627523773396
v -461.65857315063477 41.144490024204146 -700.9356314079556
v -870.1505661010742 79.58920822373699 -628.4610163276036
v -460.675048828125 189.08296871714765 -746.7627523773396
v -870.1505661010742 79.58920822373699 -628.4610163276036
v -924.9749183654785 201.71050304974105 -712.0285061478727
v 393.22896003723145 1310.1559694060802 -335.03067260484374
v 172.21355438232422 1372.2065736232985 -501.1603120200453
v 124.03968572616577 1430.5067948520257 -395.6306336765045
v 393.22896003723145 1310.1559694060802 -335.03067260484374
v 124.03968572616577 1430.5067948520257 -395.6306336765045
v 365.3355121612549 1400.661769322413 -243.45678195471604
v 447.9464054107666 1106.3820830605528 -434.13485554842447
v 163.05967569351196 1255.2517585851533 -617.077784251286
v 172.21355438232422 1372.2065736232985 -501.1603120200453
v 447.9464054107666 1106.3820830605528 -434.13485554842447
v 172.21355438232422 1372.2065736232985 -501.1603120200453
v 393.22896003723145 1310.1559694060802 -335.03067260484374
v 892.2122001647949 67.22412951140291 -275.121998402062
v 837.0332717895508 89.2087124026431 -404.4552784460261
v 904.729175567627 254.97165307610237 -424.1234023089401
v 892.2122001647949 67.22412951140291 -275.121998402062
v 904.729175567627 254.97165307610237 -424.1234023089401
v 986.884880065918 259.7671795700117 -252.62954476379633
v 703.4109592437744 454.1980276639573 -586.5935735095508
v 972.4699020385742 494.34959057544387 -468.25232776692815
v 904.729175567627 254.97165307610237 -424.1234023089401
v 703.4109592437744 454.1980276639573 -586.5935735095508
v 904.729175567627 254.97165307610237 -424.1234023089401
v 648.3569145202637 186.48711330731837 -581.9152883412161
v 934.2254638671875 86.75471117182873 -98.4101139930921
v 634.1572761535645 -21.455816829123446 -38.02727042421521
v 613.0227088928223 -24.060754459850525 -394.1645455008924
v 934.2254638671875 86.75471117182873 -98.4101139930921
v 613.0227088928223 -24.060754459850525 -394.1645455008924
v 892.2122001647949 67.22412951140291 -275.121998402062
v 3.6995038390159607 1404.9438502911087 377.5264392031909
v 180.2273154258728 1461.8991887883803 399.2768094149566
v 145.17405033111572 1490.0187400219422 311.00318805285326
v 3.6995038390159607 1404.9438502911087 377.5264392031909
v 145.17405033111572 1490.0187400219422 311.00318805285326
v -8.58665183186531 1436.6343397029043 290.667760054263
v 700.9125709533691 265.76557335229074 613.1369977486191
v 489.27202224731445 709.6509070564555 603.2407554335069
v 367.41936206817627 584.4432996811153 627.3379279561065
v 700.9125709533691 265.76557335229074 613.1369977486191
v 367.41936206817627 584.4432996811153 627.3379279561065
v 424.71985816955566 191.91731329343668 589.7848623214153
v 737.7237796783447 733.0298870938607 519.5614605703715
v 489.27202224731445 709.6509070564555 603.2407554335069
v 700.9125709533691 265.76557335229074 613.1369977486191
v 737.7237796783447 733.0298870938607 519.5614605703715
v 700.9125709533691 265.76557335229074 613.1369977486191
v 834.7907066345215 283.2482021897136 546.7234997481048
v 489.61172103881836 -14.720741759187776 588.8525304215478
v 99.37100410461426 -42.1638936331075 543.3949341174841
v 96.38358950614929 -76.70453985113154 409.3256436494451
v 489.61172103881836 -14.720741759187776 588.8525304215478
v 96.38358950614929 -76.70453985113154 409.3256436494451
v 538.8240814208984 -41.00547142184952 499.17582307915484
v 424.71985816955566 191.91731329343668 589.7848623214153
v 71.26579284667969 168.55652549360485 591.44263746761
v 99.37100410461426 -42.1638936331075 543.3949341174841
v 424.71985816955566 191.91731329343668 589.7848623214153
v 99.37100410461426 -42.1638936331075 543.3949341174841
v 489.61172103881836 -14.720741759187776 588.8525304215478
v -880.2265167236328 1284.2470379147555 483.5252778186096
v -358.94694328308105 1264.25324726094 414.3469877373259
v -357.0890426635742 1367.5598072930693 295.1015441313971
v -880.2265167236328 1284.2470379147555 483.5252778186096
v -357.0890426635742 1367.5598072930693 295.1015441313971
v -841.3926124572754 1490.160061055302 210.55954217991192
v 605.6010246276855 17.001484173221748 -540.3067426710088
v 613.0227088928223 -24.060754459850525 -394.1645455008924
v 83.74310731887817 -37.46981661253783 -544.9045898091869
v 605.6010246276855 17.001484173221748 -540.3067426710088
v 83.74310731887817 -37.46981661253783 -544.9045898091869
v 57.310909032821655 22.015834936906995 -696.132925144819
v 98.5403299331665 177.7958434754536 -722.2218505167311
v 648.3569145202637 186.48711330731837 -581.9152883412161
v 605.6010246276855 17.001484173221748 -540.3067426710088
v 98.5403299331665 177.7958434754536 -722.2218505167311
v 605.6010246276855 17.001484173221748 -540.3067426710088
v 57.310909032821655 22.015834936906995 -696.132925144819
v 180.2273154258728 1461.8991887883803 399.2768094149566
v 3.6995038390159607 1404.9438502911087 377.5264392031909
v 220.3960657119751 1360.965752796392 525.6109136532483
v 180.2273154258728 1461.8991887883803 399.2768094149566
v 220.3960657119751 1360.965752796392 525.6109136532483
v 296.4582920074463 1403.800407206993 469.6834901498708
v -869.9948310852051 -28.438370349335784 399.98363461556823
v -499.94311332702637 37.728095447843316 544.8852778702386
v -924.653434753418 45.00531592079898 502.26795733680353
v 298.1949806213379 1139.767486642665 518.0197437581531
v 296.4582920074463 1403.800407206993 469.6834901498708
v 220.3960657119751 1360.965752796392 525.6109136532483
v 298.1949806213379 1139.767486642665 518.0197437581531
v 220.3960657119751 1360.965752796392 525.6109136532483
v 209.492826461792 1087.997093600193 564.0641941757723
v -225.1206398010254 23.48420542553303 532.5684333580849
v -91.10192656517029 619.4206100814654 765.6469681288025
v -542.7267551422119 467.1787101307065 709.2400634058124
v -225.1206398010254 23.48420542553303 532.5684333580849
v -542.7267551422119 467.1787101307065 709.2400634058124
v -499.94311332702637 37.728095447843316 544.8852778702386
v -201.2256145477295 -52.22477132318194 399.6906690715099
v -869.9948310852051 -28.438370349335784 399.98363461556823
v -1003.3130645751953 -33.67120575959605 216.77837082228137
v 71.26579284667969 168.55652549360485 591.44263746761
v 66.3665235042572 489.03854206140204 680.2174631955497
v -91.10192656517029 619.4206100814654 765.6469681288025
v 71.26579284667969 168.55652549360485 591.44263746761
v -91.10192656517029 619.4206100814654 765.6469681288025
v -225.1206398010254 23.48420542553303 532.5684333580849
v 1004.6547889709473 1080.9355818959416 -372.51380817237526
v 877.0483016967773 973.258205919992 -486.4789196564016
v 802.7420997619629 1094.4507547161813 -469.4703458236313
v 1004.6547889709473 1080.9355818959416 -372.51380817237526
v 802.7420997619629 1094.4507547161813 -469.4703458236313
v 959.06982421875 1178.2982860187328 -384.34806080856544
v -353.27138900756836 222.6754532585697 -751.9003909922775
v -460.675048828125 189.08296871714765 -746.7627523773396
v -466.18690490722656 475.70235807816437 -760.2081677768323
v -1241.4599418640137 248.7430226388467 515.5551876562273
v -1454.783058166504 450.1598708559457 375.4782181764978
v -1351.9126892089844 184.6511446246577 374.44099001521266
v -1253.2852172851562 934.6477040354077 -820.1535246295779
v -1460.68115234375 886.7045127557597 -688.5571958643311
v -1270.5326080322266 1267.5609258037362 -632.9262312549965
v 580.6594371795654 857.2535484581967 -513.9211200040102
v 538.321590423584 945.0522390261202 -493.250766220827
v 802.7420997619629 1094.4507547161813 -469.4703458236313
v 580.6594371795654 857.2535484581967 -513.9211200040102
v 802.7420997619629 1094.4507547161813 -469.4703458236313
v 877.0483016967773 973.258205919992 -486.4789196564016
v -513.8347625732422 655.2542358993686 -786.5942612495265
v -1109.0517044067383 593.1207715037441 -870.2945254575501
v -994.0828323364258 901.3707576987508 -880.3176835960203
v -513.8347625732422 655.2542358993686 -786.5942612495265
v -994.0828323364258 901.3707576987508 -880.3176835960203
v -364.04199600219727 915.3259809117261 -790.6232839390851
v -438.0655288696289 923.7372110769734 731.0639797402018
v -460.05311012268066 773.9643860168964 765.2355322784614
v -104.34694290161133 860.457679149759 725.8023288002742
v 154.00750637054443 1072.7497710197335 -692.7677405076897
v 157.89241790771484 866.1003819795174 -672.745321154901
v -364.04199600219727 915.3259809117261 -790.6232839390851
v -1014.2412185668945 432.6052850521096 -816.9363323468828
v -1109.0517044067383 593.1207715037441 -870.2945254575501
v -513.8347625732422 655.2542358993686 -786.5942612495265
v -1014.2412185668945 432.6052850521096 -816.9363323468828
v -513.8347625732422 655.2542358993686 -786.5942612495265
v -466.18690490722656 475.70235807816437 -760.2081677768323
v 367.41936206817627 584.4432996811153 627.3379279561065
v 489.27202224731445 709.6509070564555 603.2407554335069
v -91.10192656517029 619.4206100814654 765.6469681288025
v 367.41936206817627 584.4432996811153 627.3379279561065
v -91.10192656517029 619.4206100814654 765.6469681288025
v 66.3665235042572 489.03854206140204 680.2174631955497
v 150.0956654548645 911.6489972774568 650.8079988513952
v -81.11572265625 715.4073073094497 769.0370288923472
v 307.5477600097656 817.2175028301732 635.8255024388952
v 163.9146327972412 689.9478780664466 -632.0419068516599
v 157.89241790771484 866.1003819795174 -672.745321154901
v 580.6594371795654 857.2535484581967 -513.9211200040102
v 163.9146327972412 689.9478780664466 -632.0419068516599
v 580.6594371795654 857.2535484581967 -513.9211200040102
v 765.2611255645752 629.912758551708 -544.2757312878076
v -949.2731094360352 695.3276372174697 691.9030925800196
v -1011.5157127380371 319.71602820282396 642.1087569337735
v -542.7267551422119 467.1787101307065 709.2400634058124
v 740.710973739624 954.7394133754648 492.5017812868016
v 954.979133605957 933.3360008170099 453.4978411006148
v 819.9298858642578 970.1503225138291 563.5792666362366
v 703.4109592437744 454.1980276639573 -586.5935735095508
v 145.02675533294678 470.9585560280102 -668.9908431437756
v -103.05415391921997 679.2012029595021 -674.5065417105943
v 703.4109592437744 454.1980276639573 -586.5935735095508
v -103.05415391921997 679.2012029595021 -674.5065417105943
v 765.2611255645752 629.912758551708 -544.2757312878076
v -1537.180995941162 631.2031545766017 -697.9571951645161
v -1679.8925399780273 626.0742289989346 -474.0207874217859
v -1597.449016571045 878.2407769210494 -479.66690684847464
v -1537.180995941162 631.2031545766017 -697.9571951645161
v -1597.449016571045 878.2407769210494 -479.66690684847464
v -1460.68115234375 886.7045127557597 -688.5571958643311
v 466.46032333374023 1173.0933730810052 701.8149466888258
v 454.6873092651367 1118.8376897462801 635.4085632004034
v 568.8999176025391 1057.7640061425727 627.9525074371609
v 466.46032333374023 1173.0933730810052 701.8149466888258
v 568.8999176025391 1057.7640061425727 627.9525074371609
v 673.5965728759766 1049.1940093629235 675.8580474151883
v -1265.8947944641113 183.01988326587605 -523.9418096351005
v -1019.6773529052734 96.07679013766182 -569.6562701131517
v -1316.1361694335938 46.07884427035768 -22.263043587486703
v -1265.8947944641113 183.01988326587605 -523.9418096351005
v -1316.1361694335938 46.07884427035768 -22.263043587486703
v -1451.911735534668 162.4907671610676 -181.00747241593513
v -1021.0271835327148 3.7948507375042606 -74.222473259644
v -1316.1361694335938 46.07884427035768 -22.263043587486703
v -1019.6773529052734 96.07679013766182 -569.6562701131517
v 124.03968572616577 1430.5067948520257 -395.6306336765045
v -521.5099334716797 1580.0255572609415 -458.2481442981516
v -311.17851734161377 1588.7242421553235 -227.39385668443524
v 124.03968572616577 1430.5067948520257 -395.6306336765045
v -311.17851734161377 1588.7242421553235 -227.39385668443524
v -47.053536772727966 1518.539916894407 -238.49359071769993
v -756.1674118041992 1625.778890094127 -114.91231911115608
v -679.5233726501465 1637.2694999412338 -270.1912603092284
v -997.331714630127 1595.1812891621926 -193.6499526858829
v 634.1572761535645 -21.455816829123446 -38.02727042421521
v 915.0349617004395 88.84019634121458 6.43975636608641
v 793.4064388275146 15.149484053031209 77.61001713766066
v 775.1253128051758 1641.4593920128157 -125.25630165309576
v 365.3355121612549 1400.661769322413 -243.45678195471604
v 534.0637683868408 1639.9798922183807 101.66877775347349
v 1086.4861488342285 937.4883326489875 -3.2413429853056708
v 987.4593734741211 750.4060510469036 16.435649932657544
v 1041.4713859558105 808.4820155815452 -234.31911992395408
v 1086.4861488342285 937.4883326489875 -3.2413429853056708
v 1041.4713859558105 808.4820155815452 -234.31911992395408
v 1080.4222106933594 994.1263527909365 -211.6292309401891
v -47.053536772727966 1518.539916894407 -238.49359071769993
v 137.98136711120605 1437.5641074836033 -190.47631806896717
v 124.03968572616577 1430.5067948520257 -395.6306336765045
v 83.74310731887817 -37.46981661253783 -544.9045898091869
v 68.29346418380737 -41.583116812849376 -69.47216191110812
v -257.22815990448 -9.917810434761066 -556.1282907892258
v 1121.1358070373535 1011.213374130127 80.10442701308345
v 1118.7152862548828 1109.0309616623383 -74.8088513006028
v 1207.8163146972656 1162.336315101509 40.185437013038396
v 1121.1358070373535 1011.213374130127 80.10442701308345
v 1207.8163146972656 1162.336315101509 40.185437013038396
v 1239.1307830810547 1161.0360855221809 114.16012747719341
v 915.0349617004395 88.84019634121458 6.43975636608641
v 941.7360305786133 300.32225563802405 144.1371226460433
v 911.970043182373 261.57523707762783 178.7420813871153
v 915.0349617004395 88.84019634121458 6.43975636608641
v 911.970043182373 261.57523707762783 178.7420813871153
v 793.4064388275146 15.149484053031209 77.61001713766066
v 1234.6807479858398 1345.8277595812772 263.5764369319232
v 1252.0514488220215 1278.2521243872382 322.6698478048514
v 1251.4860153198242 1324.8653181704349 166.2123750497309
v 365.3355121612549 1400.661769322413 -243.45678195471604
v 137.98136711120605 1437.5641074836033 -190.47631806896717
v 132.7002763748169 1468.570754224123 -0.7800258111560326
v 365.3355121612549 1400.661769322413 -243.45678195471604
v 132.7002763748169 1468.570754224123 -0.7800258111560326
v 534.0637683868408 1639.9798922183807 101.66877775347349
v 845.8358764648438 128.80112225993375 143.3622614940126
v 853.3389091491699 262.68483814583954 186.47549753063907
v 831.6262245178223 420.9505501230311 419.8745971912084
v 845.8358764648438 128.80112225993375 143.3622614940126
v 831.6262245178223 420.9505501230311 419.8745971912084
v 892.9213523864746 33.074901820236896 350.9102179962461
v 845.8358764648438 128.80112225993375 143.3622614940126
v 892.9213523864746 33.074901820236896 350.9102179962461
v 793.4064388275146 15.149484053031209 77.61001713766066
v -1661.3975524902344 380.362860615818 -137.80853618763817
v -1668.4638977050781 375.10218700736476 -253.35251689274048
v -1451.911735534668 162.4907671610676 -181.00747241593513
v -1661.3975524902344 380.362860615818 -137.80853618763817
v -1451.911735534668 162.4907671610676 -181.00747241593513
v -1492.7212715148926 175.94288390051105 -58.60315340467406
v -1021.0271835327148 3.7948507375042606 -74.222473259644
v -1003.3130645751953 -33.67120575959605 216.77837082228137
v -1292.9168701171875 25.482085590693842 207.93434519474732
v -1021.0271835327148 3.7948507375042606 -74.222473259644
v -1292.9168701171875 25.482085590693842 207.93434519474732
v -1316.1361694335938 46.07884427035768 -22.263043587486703
v -1316.1361694335938 46.07884427035768 -22.263043587486703
v -1292.9168701171875 25.482085590693842 207.93434519474732
v -1440.7153129577637 182.00421037743882 201.8170043132698
v -1316.1361694335938 46.07884427035768 -22.263043587486703
v -1440.7153129577637 182.00421037743882 201.8170043132698
v -1492.7212715148926 175.94288390051105 -58.60315340467406
v -1226.5623092651367 1483.5402646627388 -214.3225682420611
v -1265.0867462158203 1387.022751818256 133.38857870211854
v -1078.878116607666 1467.4985669645212 213.10711918075864
v -1226.5623092651367 1483.5402646627388 -214.3225682420611
v -1078.878116607666 1467.4985669645212 213.10711918075864
v -997.331714630127 1595.1812891621926 -193.6499526858829
v -997.331714630127 1595.1812891621926 -193.6499526858829
v -1078.878116607666 1467.4985669645212 213.10711918075864
v -841.3926124572754 1490.160061055302 210.55954217991192
v -997.331714630127 1595.1812891621926 -193.6499526858829
v -841.3926124572754 1490.160061055302 210.55954217991192
v -756.1674118041992 1625.778890094127 -114.91231911115608
v 793.4064388275146 15.149484053031209 77.61001713766066
v 892.9213523864746 33.074901820236896 350.9102179962461
v 538.8240814208984 -41.00547142184952 499.17582307915484
v 793.4064388275146 15.149484053031209 77.61001713766066
v 538.8240814208984 -41.00547142184952 499.17582307915484
v 634.1572761535645 -21.455816829123446 -38.02727042421521
v 120.18427848815918 1498.6953398741111 131.26856960696787
v 314.68348503112793 1600.934572290138 195.42960399375417
v 539.8387908935547 1681.2356585882455 158.15271850777657
v 120.18427848815918 1498.6953398741111 131.26856960696787
v 539.8387908935547 1681.2356585882455 158.15271850777657
v 534.0637683868408 1639.9798922183807 101.66877775347349
v 1.246787142008543 1481.425613632748 -18.378468085990953
v -358.32438468933105 1564.6893873443564 -34.19371291614967
v -359.0933322906494 1458.4336970856248 175.32123397385897
v 1.246787142008543 1481.425613632748 -18.378468085990953
v -359.0933322906494 1458.4336970856248 175.32123397385897
v -8.58665183186531 1436.6343397029043 290.667760054263
v 853.3333778381348 669.6305298793936 188.32791938730412
v 982.0784568786621 872.005550751178 168.092604745893
v 740.710973739624 954.7394133754648 492.5017812868016
v 853.3333778381348 669.6305298793936 188.32791938730412
v 740.710973739624 954.7394133754648 492.5017812868016
v 717.0683860778809 844.9576709397121 462.0052951581945
v 68.29346418380737 -41.583116812849376 -69.47216191110812
v -201.2256145477295 -52.22477132318194 399.6906690715099
v -257.22815990448 -9.917810434761066 -556.1282907892258
v -201.2256145477295 -52.22477132318194 399.6906690715099
v -1003.3130645751953 -33.67120575959605 216.77837082228137
v -602.8917789459229 -30.557875020437795 -38.71364050422609
v -1728.4603118896484 640.379423906153 -228.65510655732513
v -1729.825782775879 502.2581084629742 -238.73058528189128
v -1595.8696365356445 466.6607430008322 156.16841664238143
v -1728.4603118896484 640.379423906153 -228.65510655732513
v -1595.8696365356445 466.6607430008322 156.16841664238143
v -1588.669204711914 805.562970701808 187.9487798329946
v -1492.7212715148926 175.94288390051105 -58.60315340467406
v -1440.7153129577637 182.00421037743882 201.8170043132698
v -1595.8696365356445 466.6607430008322 156.16841664238143
v -1492.7212715148926 175.94288390051105 -58.60315340467406
v -1595.8696365356445 466.6607430008322 156.16841664238143
v -1661.3975524902344 380.362860615818 -137.80853618763817
v 854.4428825378418 1672.8158960283613 433.2116592178655
v 938.7527465820312 1669.6201225490006 351.6802331471755
v 794.1874504089355 1767.381438772612 163.082106254958
v 740.710973739624 954.7394133754648 492.5017812868016
v 982.0784568786621 872.005550751178 168.092604745893
v 1054.715347290039 918.1989837267363 358.55735089305296
v -358.32438468933105 1564.6893873443564 -34.19371291614967
v -756.1674118041992 1625.778890094127 -114.91231911115608
v -841.3926124572754 1490.160061055302 210.55954217991192
v -358.32438468933105 1564.6893873443564 -34.19371291614967
v -841.3926124572754 1490.160061055302 210.55954217991192
v -359.0933322906494 1458.4336970856248 175.32123397385897
v -1003.3130645751953 -33.67120575959605 216.77837082228137
v -1021.0271835327148 3.7948507375042606 -74.222473259644
v -602.8917789459229 -30.557875020437795 -38.71364050422609
v -1407.364273071289 1367.560122933717 -194.84802310565416
v -1294.468116760254 1392.2964005208366 -422.7280912228811
v -1431.6587448120117 1244.4867070810526 -439.85820726686785
v -1407.364273071289 1367.560122933717 -194.84802310565416
v -1431.6587448120117 1244.4867070810526 -439.85820726686785
v -1502.2048950195312 1236.816996465591 -260.6601380292407
v -1265.0867462158203 1387.022751818256 133.38857870211854
v -1226.5623092651367 1483.5402646627388 -214.3225682420611
v -1407.364273071289 1367.560122933717 -194.84802310565416
v -104.34694290161133 860.457679149759 725.8023288002742
v 43.152815103530884 1034.0870325393073 577.3950420272247
v -415.19927978515625 1058.7820539613058 631.8288117941618
v -104.34694290161133 860.457679149759 725.8023288002742
v -415.19927978515625 1058.7820539613058 631.8288117941618
v -438.0655288696289 923.7372110769734 731.0639797402018
v -1502.2048950195312 1236.816996465591 -260.6601380292407
v -1528.9910316467285 1204.3192286762862 -122.41894271595973
v -1407.364273071289 1367.560122933717 -194.84802310565416
v 154.00750637054443 1072.7497710197335 -692.7677405076897
v -401.0146141052246 1127.6632781439973 -780.6600864911497
v -241.29433631896973 1268.0977389701584 -708.0080540135293
v 381.9141387939453 1255.1561683675118 563.9418153058625
v 298.1949806213379 1139.767486642665 518.0197437581531
v 319.12732124328613 1089.7863786136043 573.9051111858062
v 381.9141387939453 1255.1561683675118 563.9418153058625
v 319.12732124328613 1089.7863786136043 573.9051111858062
v 393.99497509002686 1170.5274926394804 554.5893813941785
v 447.9464054107666 1106.3820830605528 -434.13485554842447
v 696.3014602661133 1215.1757276812957 -373.0456903567832
v 802.7420997619629 1094.4507547161813 -469.4703458236313
v 447.9464054107666 1106.3820830605528 -434.13485554842447
v 802.7420997619629 1094.4507547161813 -469.4703458236313
v 495.47977447509766 1022.8945686218202 -483.37042499756006
v -1403.624153137207 987.585371959474 386.3664121593457
v -1227.3988723754883 918.9974279079995 567.4821378316686
v -1131.2036514282227 1177.7399328043862 497.21809981134334
v -1403.624153137207 987.585371959474 386.3664121593457
v -1131.2036514282227 1177.7399328043862 497.21809981134334
v -1215.1986122131348 1327.2043219406369 331.60410033655614
v -1040.628719329834 1292.1728617911017 -730.3582723950856
v -1270.5326080322266 1267.5609258037362 -632.9262312549965
v -1074.9902725219727 1451.7427141106668 -565.7352297063313
v -752.0420551300049 1551.5532174880866 -551.739453114245
v -522.8474617004395 1439.8199619063748 -652.6376528032014
v -693.117618560791 1299.986502849401 -753.3074914093995
v -752.0420551300049 1551.5532174880866 -551.739453114245
v -693.117618560791 1299.986502849401 -753.3074914093995
v -1040.628719329834 1292.1728617911017 -730.3582723950856
v 899.1029739379883 1383.9047479470526 -321.86883298857055
v 696.3014602661133 1215.1757276812957 -373.0456903567832
v 635.9860420227051 1279.1329492331724 -303.1912034314736
v 899.1029739379883 1383.9047479470526 -321.86883298857055
v 635.9860420227051 1279.1329492331724 -303.1912034314736
v 818.4527397155762 1484.5958778904615 -280.09400282391664
v 365.3355121612549 1400.661769322413 -243.45678195471604
v 775.1253128051758 1641.4593920128157 -125.25630165309576
v 748.454761505127 1548.6794580024296 -234.67040993103535
v 365.3355121612549 1400.661769322413 -243.45678195471604
v 748.454761505127 1548.6794580024296 -234.67040993103535
v 393.22896003723145 1310.1559694060802 -335.03067260484374
v 375.9622573852539 1346.8969591963398 526.8678582495155
v 298.1949806213379 1139.767486642665 518.0197437581531
v 381.9141387939453 1255.1561683675118 563.9418153058625
v 3.9220523089170456 1120.800049671902 518.9437613201347
v 43.152815103530884 1034.0870325393073 577.3950420272247
v 209.492826461792 1087.997093600193 564.0641941757723
v -1226.5623092651367 1483.5402646627388 -214.3225682420611
v -954.4321060180664 1594.2902476632796 -369.4150079284628
v -1294.468116760254 1392.2964005208366 -422.7280912228811
v -1226.5623092651367 1483.5402646627388 -214.3225682420611
v -1294.468116760254 1392.2964005208366 -422.7280912228811
v -1407.364273071289 1367.560122933717 -194.84802310565416
v -1528.9910316467285 1204.3192286762862 -122.41894271595973
v -1493.2714462280273 1079.786861284853 188.90158280735002
v -1265.0867462158203 1387.022751818256 133.38857870211854
v -1528.9910316467285 1204.3192286762862 -122.41894271595973
v -1265.0867462158203 1387.022751818256 133.38857870211854
v -1407.364273071289 1367.560122933717 -194.84802310565416
v -858.9655876159668 965.2769647236855 661.5803625693942
v -438.0655288696289 923.7372110769734 731.0639797402018
v -415.19927978515625 1058.7820539613058 631.8288117941618
v -858.9655876159668 965.2769647236855 661.5803625693942
v -415.19927978515625 1058.7820539613058 631.8288117941618
v -856.6667556762695 1114.2027331691518 604.2188847912404
v -1215.1986122131348 1327.2043219406369 331.60410033655614
v -1265.0867462158203 1387.022751818256 133.38857870211854
v -1493.2714462280273 1079.786861284853 188.90158280735002
v 447.9464054107666 1106.3820830605528 -434.13485554842447
v 495.47977447509766 1022.8945686218202 -483.37042499756006
v 154.00750637054443 1072.7497710197335 -692.7677405076897
v 447.9464054107666 1106.3820830605528 -434.13485554842447
v 154.00750637054443 1072.7497710197335 -692.7677405076897
v 163.05967569351196 1255.2517585851533 -617.077784251286
v -693.117618560791 1299.986502849401 -753.3074914093995
v -241.29433631896973 1268.0977389701584 -708.0080540135293
v -401.0146141052246 1127.6632781439973 -780.6600864911497
v -1270.5326080322266 1267.5609258037362 -632.9262312549965
v -1431.6587448120117 1244.4867070810526 -439.85820726686785
v -1294.468116760254 1392.2964005208366 -422.7280912228811
v -1270.5326080322266 1267.5609258037362 -632.9262312549965
v -1294.468116760254 1392.2964005208366 -422.7280912228811
v -1074.9902725219727 1451.7427141106668 -565.7352297063313
v 1202.9877662658691 1506.3122478773353 182.37226604167014
v 1048.1767654418945 1654.682118947018 120.27884727702893
v 1121.388053894043 1603.2962495905947 182.80777221454778
v 1041.14990234375 599.2359107717756 -242.17732022438182
v 1041.4713859558105 808.4820155815452 -234.31911992395408
v 987.4593734741211 750.4060510469036 16.435649932657544
v 1041.14990234375 599.2359107717756 -242.17732022438182
v 987.4593734741211 750.4060510469036 16.435649932657544
v 988.5025024414062 565.0495406122195 52.363908065146184
v 319.12732124328613 1089.7863786136043 573.9051111858062
v 298.1949806213379 1139.767486642665 518.0197437581531
v 209.492826461792 1087.997093600193 564.0641941757723
v -1595.8696365356445 466.6607430008322 156.16841664238143
v -1729.825782775879 502.2581084629742 -238.73058528189128
v -1661.3975524902344 380.362860615818 -137.80853618763817
v -1531.3310623168945 455.94776993703965 -673.0713272848818
v -1678.8497924804688 487.2965010680608 -472.76973885032766
v -1679.8925399780273 626.0742289989346 -474.0207874217859
v -1531.3310623168945 455.94776993703965 -673.0713272848818
v -1679.8925399780273 626.0742289989346 -474.0207874217859
v -1537.180995941162 631.2031545766017 -697.9571951645161
v 489.27202224731445 709.6509070564555 603.2407554335069
v 307.5477600097656 817.2175028301732 635.8255024388952
v -81.11572265625 715.4073073094497 769.0370288923472
v 489.27202224731445 709.6509070564555 603.2407554335069
v -81.11572265625 715.4073073094497 769.0370288923472
v -91.10192656517029 619.4206100814654 765.6469681288025
v -1595.8696365356445 466.6607430008322 156.16841664238143
v -1454.783058166504 450.1598708559457 375.4782181764978
v -1469.5229530334473 763.737084615321 387.89694640964433
v -1595.8696365356445 466.6607430008322 156.16841664238143
v -1469.5229530334473 763.737084615321 387.89694640964433
v -1588.669204711914 805.562970701808 187.9487798329946
v -1729.825782775879 502.2581084629742 -238.73058528189128
v -1678.8497924804688 487.2965010680608 -472.76973885032766
v -1626.0833740234375 370.1295379378431 -435.4095807251917
v -1729.825782775879 502.2581084629742 -238.73058528189128
v -1626.0833740234375 370.1295379378431 -435.4095807251917
v -1668.4638977050781 375.10218700736476 -253.35251689274048
v -353.27138900756836 222.6754532585697 -751.9003909922775
v -466.18690490722656 475.70235807816437 -760.2081677768323
v -513.8347625732422 655.2542358993686 -786.5942612495265
v -353.27138900756836 222.6754532585697 -751.9003909922775
v -513.8347625732422 655.2542358993686 -786.5942612495265
v -103.05415391921997 679.2012029595021 -674.5065417105943
v 972.4699020385742 494.34959057544387 -468.25232776692815
v 703.4109592437744 454.1980276639573 -586.5935735095508
v 765.2611255645752 629.912758551708 -544.2757312878076
v 972.4699020385742 494.34959057544387 -468.25232776692815
v 765.2611255645752 629.912758551708 -544.2757312878076
v 978.2840728759766 713.6484217226754 -475.0667891425864
v 145.02675533294678 470.9585560280102 -668.9908431437756
v -353.27138900756836 222.6754532585697 -751.9003909922775
v -103.05415391921997 679.2012029595021 -674.5065417105943
v -1272.421932220459 594.6431687009668 543.7483756138034
v -1241.4599418640137 248.7430226388467 515.5551876562273
v -1011.5157127380371 319.71602820282396 642.1087569337735
v -1272.421932220459 594.6431687009668 543.7483756138034
v -1011.5157127380371 319.71602820282396 642.1087569337735
v -949.2731094360352 695.3276372174697 691.9030925800196
v 1041.14990234375 599.2359107717756 -242.17732022438182
v 972.4699020385742 494.34959057544387 -468.25232776692815
v 978.2840728759766 713.6484217226754 -475.0667891425864
v 538.321590423584 945.0522390261202 -493.250766220827
v 580.6594371795654 857.2535484581967 -513.9211200040102
v 157.89241790771484 866.1003819795174 -672.745321154901
v 538.321590423584 945.0522390261202 -493.250766220827
v 157.89241790771484 866.1003819795174 -672.745321154901
v 154.00750637054443 1072.7497710197335 -692.7677405076897
v -1454.783058166504 450.1598708559457 375.4782181764978
v -1241.4599418640137 248.7430226388467 515.5551876562273
v -1272.421932220459 594.6431687009668 543.7483756138034
v -1597.449016571045 878.2407769210494 -479.66690684847464
v -1270.5326080322266 1267.5609258037362 -632.9262312549965
v -1460.68115234375 886.7045127557597 -688.5571958643311
v -858.9655876159668 965.2769647236855 661.5803625693942
v -949.2731094360352 695.3276372174697 691.9030925800196
v -460.05311012268066 773.9643860168964 765.2355322784614
v -858.9655876159668 965.2769647236855 661.5803625693942
v -460.05311012268066 773.9643860168964 765.2355322784614
v -438.0655288696289 923.7372110769734 731.0639797402018
v -994.0828323364258 901.3707576987508 -880.3176835960203
v -401.0146141052246 1127.6632781439973 -780.6600864911497
v -364.04199600219727 915.3259809117261 -790.6232839390851
v -1588.669204711914 805.562970701808 187.9487798329946
v -1469.5229530334473 763.737084615321 387.89694640964433
v -1403.624153137207 987.585371959474 386.3664121593457
v -1588.669204711914 805.562970701808 187.9487798329946
v -1403.624153137207 987.585371959474 386.3664121593457
v -1493.2714462280273 1079.786861284853 188.90158280735002
v 1020.1871871948242 1391.42621472611 599.5836090550057
v 945.3144073486328 1367.2179547596472 590.5588495092045
v 1022.9247093200684 1240.9151583362584 692.8006651950939
v -949.2731094360352 695.3276372174697 691.9030925800196
v -858.9655876159668 965.2769647236855 661.5803625693942
v -1227.3988723754883 918.9974279079995 567.4821378316686
v -1528.9910316467285 1204.3192286762862 -122.41894271595973
v -1676.8449783325195 848.4621408414089 -225.37978787121088
v -1588.669204711914 805.562970701808 187.9487798329946
v -1528.9910316467285 1204.3192286762862 -122.41894271595973
v -1588.669204711914 805.562970701808 187.9487798329946
v -1493.2714462280273 1079.786861284853 188.90158280735002
v -1502.2048950195312 1236.816996465591 -260.6601380292407
v -1431.6587448120117 1244.4867070810526 -439.85820726686785
v -1597.449016571045 878.2407769210494 -479.66690684847464
v -1502.2048950195312 1236.816996465591 -260.6601380292407
v -1597.449016571045 878.2407769210494 -479.66690684847464
v -1676.8449783325195 848.4621408414089 -225.37978787121088
v -1040.628719329834 1292.1728617911017 -730.3582723950856
v -693.117618560791 1299.986502849401 -753.3074914093995
v -994.0828323364258 901.3707576987508 -880.3176835960203
v -1040.628719329834 1292.1728617911017 -730.3582723950856
v -994.0828323364258 901.3707576987508 -880.3176835960203
v -1253.2852172851562 934.6477040354077 -820.1535246295779
v 1192.4247741699219 1470.5188559493754 231.9237084400349
v 1234.6807479858398 1345.8277595812772 263.5764369319232
v 1232.5942039489746 1418.633625161018 163.63167215555006
v 582.5684070587158 1253.648529756916 750.4915203505217
v 730.0467491149902 1306.021266631738 727.9269121879402
v 692.8370475769043 1387.183612304084 661.8359382742603
v 1095.8351135253906 1348.0123825603662 -138.8544534985723
v 1022.8482246398926 1257.70484508614 -278.3707544339067
v 1013.9446258544922 1381.2672747560975 -259.2885115569358
v 393.99497509002686 1170.5274926394804 554.5893813941785
v 319.12732124328613 1089.7863786136043 573.9051111858062
v 426.1725902557373 1127.991703653253 490.71705195418633
v 899.1029739379883 1383.9047479470526 -321.86883298857055
v 959.06982421875 1178.2982860187328 -384.34806080856544
v 802.7420997619629 1094.4507547161813 -469.4703458236313
v 372.4043369293213 1461.7650264128545 545.126509183193
v 317.8903579711914 1590.7262045894433 552.1979866702214
v 249.02474880218506 1522.7929221261575 466.80642958291463
v 372.4043369293213 1461.7650264128545 545.126509183193
v 249.02474880218506 1522.7929221261575 466.80642958291463
v 296.4582920074463 1403.800407206993 469.6834901498708
v 1101.979637145996 1372.74457152813 433.7150488220772
v 1234.6807479858398 1345.8277595812772 263.5764369319232
v 1192.4247741699219 1470.5188559493754 231.9237084400349
v 910.3696823120117 1567.7114495869826 -303.58563420460257
v 866.472053527832 1641.481121085178 -234.67452319918127
v 900.8231163024902 1704.3303449546304 -305.4847280036769
v 472.9569435119629 1493.1550292595484 578.8531960109599
v 372.4043369293213 1461.7650264128545 545.126509183193
v 427.2846221923828 1407.2951638616728 598.0101874058047
v 472.9569435119629 1493.1550292595484 578.8531960109599
v 427.2846221923828 1407.2951638616728 598.0101874058047
v 576.4902114868164 1495.1887410796862 589.3475706073875
v 866.472053527832 1641.481121085178 -234.67452319918127
v 748.454761505127 1548.6794580024296 -234.67040993103535
v 775.1253128051758 1641.4593920128157 -125.25630165309576
v 866.472053527832 1641.481121085178 -234.67452319918127
v 775.1253128051758 1641.4593920128157 -125.25630165309576
v 896.1455345153809 1732.7292704664953 -73.12010907366634
v 427.2846221923828 1407.2951638616728 598.0101874058047
v 459.5224380493164 1322.6575382686558 697.867382630773
v 711.5965843200684 1510.7743574354681 616.4281988424951
v 427.2846221923828 1407.2951638616728 598.0101874058047
v 711.5965843200684 1510.7743574354681 616.4281988424951
v 576.4902114868164 1495.1887410796862 589.3475706073875
v 1021.8191146850586 1688.0534174274305 -278.1075981527321
v 1023.2662200927734 1617.1485226298043 -90.09801111128027
v 983.4625244140625 1633.886621468663 -307.80102648120004
v 1113.0626678466797 1503.4248779507868 -8.646221250691596
v 1095.8351135253906 1348.0123825603662 -138.8544534985723
v 1069.6642875671387 1494.3951898406985 -112.01961662108066
v 1232.5942039489746 1418.633625161018 163.63167215555006
v 1095.8351135253906 1348.0123825603662 -138.8544534985723
v 1113.0626678466797 1503.4248779507868 -8.646221250691596
v 434.8309516906738 1278.6304014290602 693.4744310091955
v 466.46032333374023 1173.0933730810052 701.8149466888258
v 582.5684070587158 1253.648529756916 750.4915203505217
v 730.0467491149902 1306.021266631738 727.9269121879402
v 945.3144073486328 1367.2179547596472 590.5588495092045
v 692.8370475769043 1387.183612304084 661.8359382742603
v 1192.4247741699219 1470.5188559493754 231.9237084400349
v 1232.5942039489746 1418.633625161018 163.63167215555006
v 1202.9877662658691 1506.3122478773353 182.37226604167014
v 1052.8070449829102 1460.0618631253178 572.0382917092611
v 1020.1871871948242 1391.42621472611 599.5836090550057
v 1129.6758651733398 1280.7550890579662 668.8546138326606
v 959.06982421875 1178.2982860187328 -384.34806080856544
v 1022.8482246398926 1257.70484508614 -278.3707544339067
v 1004.6547889709473 1080.9355818959416 -372.51380817237526
v 711.5965843200684 1510.7743574354681 616.4281988424951
v 706.7547798156738 1609.7862464285072 574.3118787686695
v 576.4902114868164 1495.1887410796862 589.3475706073875
v 692.8370475769043 1387.183612304084 661.8359382742603
v 822.1853256225586 1531.8926141431211 601.5469194300839
v 711.5965843200684 1510.7743574354681 616.4281988424951
v 692.8370475769043 1387.183612304084 661.8359382742603
v 945.3144073486328 1367.2179547596472 590.5588495092045
v 822.1853256225586 1531.8926141431211 601.5469194300839
v 459.5224380493164 1322.6575382686558 697.867382630773
v 582.5684070587158 1253.648529756916 750.4915203505217
v 692.8370475769043 1387.183612304084 661.8359382742603
v 459.5224380493164 1322.6575382686558 697.867382630773
v 692.8370475769043 1387.183612304084 661.8359382742603
v 711.5965843200684 1510.7743574354681 616.4281988424951
v 899.1029739379883 1383.9047479470526 -321.86883298857055
v 963.9837265014648 1528.12757893217 -290.64217077206547
v 1013.9446258544922 1381.2672747560975 -259.2885115569358
v 582.5684070587158 1253.648529756916 750.4915203505217
v 459.5224380493164 1322.6575382686558 697.867382630773
v 434.8309516906738 1278.6304014290602 693.4744310091955
v 434.8309516906738 1278.6304014290602 693.4744310091955
v 427.2846221923828 1407.2951638616728 598.0101874058047
v 375.9622573852539 1346.8969591963398 526.8678582495155
v 434.8309516906738 1278.6304014290602 693.4744310091955
v 375.9622573852539 1346.8969591963398 526.8678582495155
v 381.9141387939453 1255.1561683675118 563.9418153058625
v 427.2846221923828 1407.2951638616728 598.0101874058047
v 434.8309516906738 1278.6304014290602 693.4744310091955
v 459.5224380493164 1322.6575382686558 697.867382630773
v 1022.8482246398926 1257.70484508614 -278.3707544339067
v 959.06982421875 1178.2982860187328 -384.34806080856544
v 899.1029739379883 1383.9047479470526 -321.86883298857055
v 1022.8482246398926 1257.70484508614 -278.3707544339067
v 899.1029739379883 1383.9047479470526 -321.86883298857055
v 1013.9446258544922 1381.2672747560975 -259.2885115569358
v 973.5318183898926 1613.35088222111 515.1773492926991
v 1084.8546981811523 1604.051007189122 329.95368210798404
v 938.7527465820312 1669.6201225490006 351.6802331471755
v 423.2074737548828 1195.865489629186 671.2862085596419
v 434.8309516906738 1278.6304014290602 693.4744310091955
v 381.9141387939453 1255.1561683675118 563.9418153058625
v 423.2074737548828 1195.865489629186 671.2862085596419
v 381.9141387939453 1255.1561683675118 563.9418153058625
v 393.99497509002686 1170.5274926394804 554.5893813941785
v 1113.0626678466797 1503.4248779507868 -8.646221250691596
v 1202.9877662658691 1506.3122478773353 182.37226604167014
v 1232.5942039489746 1418.633625161018 163.63167215555006
v 1041.0927772521973 1542.9230776715792 457.60528202107236
v 1192.4247741699219 1470.5188559493754 231.9237084400349
v 1084.8546981811523 1604.051007189122 329.95368210798404
v 1101.979637145996 1372.74457152813 433.7150488220772
v 1192.4247741699219 1470.5188559493754 231.9237084400349
v 1041.0927772521973 1542.9230776715792 457.60528202107236
v 1052.8070449829102 1460.0618631253178 572.0382917092611
v 822.1853256225586 1531.8926141431211 601.5469194300839
v 1020.1871871948242 1391.42621472611 599.5836090550057
v 963.9837265014648 1528.12757893217 -290.64217077206547
v 1023.2662200927734 1617.1485226298043 -90.09801111128027
v 1069.6642875671387 1494.3951898406985 -112.01961662108066
v 963.9837265014648 1528.12757893217 -290.64217077206547
v 1069.6642875671387 1494.3951898406985 -112.01961662108066
v 1013.9446258544922 1381.2672747560975 -259.2885115569358
v 1048.1767654418945 1654.682118947018 120.27884727702893
v 1113.0626678466797 1503.4248779507868 -8.646221250691596
v 1069.6642875671387 1494.3951898406985 -112.01961662108066
v 1182.1701049804688 1253.2717073246577 559.0434583353627
v 1101.979637145996 1372.74457152813 433.7150488220772
v 1076.5602111816406 1395.9675022319882 494.8940139447185
v 1182.1701049804688 1253.2717073246577 559.0434583353627
v 1076.5602111816406 1395.9675022319882 494.8940139447185
v 1129.6758651733398 1280.7550890579662 668.8546138326606
v 1192.4247741699219 1470.5188559493754 231.9237084400349
v 1202.9877662658691 1506.3122478773353 182.37226604167014
v 1084.8546981811523 1604.051007189122 329.95368210798404
v 1052.8070449829102 1460.0618631253178 572.0382917092611
v 1041.0927772521973 1542.9230776715792 457.60528202107236
v 973.5318183898926 1613.35088222111 515.1773492926991
v 539.8387908935547 1681.2356585882455 158.15271850777657
v 314.68348503112793 1600.934572290138 195.42960399375417
v 505.47423362731934 1682.4470340940873 295.32718884276045
v 539.8387908935547 1681.2356585882455 158.15271850777657
v 505.47423362731934 1682.4470340940873 295.32718884276045
v 630.2271842956543 1731.626471006389 146.30447701256202
v 954.979133605957 933.3360008170099 453.4978411006148
v 1164.7817611694336 1061.625893783806 506.10817171810726
v 1077.3456573486328 1026.361509302094 587.8200858144625
v 954.979133605957 933.3360008170099 453.4978411006148
v 1077.3456573486328 1026.361509302094 587.8200858144625
v 967.6445007324219 982.3804316836531 559.2623629801298
v 954.979133605957 933.3360008170099 453.4978411006148
v 740.710973739624 954.7394133754648 492.5017812868016
v 1054.715347290039 918.1989837267363 358.55735089305296
v 1068.6676025390625 931.6498765917997 244.41958424715207
v 982.0784568786621 872.005550751178 168.092604745893
v 1086.4861488342285 937.4883326489875 -3.2413429853056708
v 1068.6676025390625 931.6498765917997 244.41958424715207
v 1086.4861488342285 937.4883326489875 -3.2413429853056708
v 1121.1358070373535 1011.213374130127 80.10442701308345
v 1077.3456573486328 1026.361509302094 587.8200858144625
v 1164.7817611694336 1061.625893783806 506.10817171810726
v 1129.6758651733398 1280.7550890579662 668.8546138326606
v 854.4428825378418 1672.8158960283613 433.2116592178655
v 794.1874504089355 1767.381438772612 163.082106254958
v 622.9456901550293 1702.5289421601785 348.9386297364781
v 794.1874504089355 1767.381438772612 163.082106254958
v 796.5934753417969 1765.9659865458839 97.17825433081147
v 630.2271842956543 1731.626471006389 146.30447701256202
v 568.8999176025391 1057.7640061425727 627.9525074371609
v 740.710973739624 954.7394133754648 492.5017812868016
v 819.9298858642578 970.1503225138291 563.5792666362366
v 568.8999176025391 1057.7640061425727 627.9525074371609
v 819.9298858642578 970.1503225138291 563.5792666362366
v 673.5965728759766 1049.1940093629235 675.8580474151883
v 1106.6423416137695 1263.271176415305 -124.77371549443063
v 1220.096206665039 1255.1335936460416 57.77219757688922
v 1207.8163146972656 1162.336315101509 40.185437013038396
v 1220.096206665039 1255.1335936460416 57.77219757688922
v 1251.4860153198242 1324.8653181704349 166.2123750497309
v 1239.1307830810547 1161.0360855221809 114.16012747719341
v 1091.0923957824707 1151.4829031847787 -156.02739489289357
v 1080.4222106933594 994.1263527909365 -211.6292309401891
v 1004.6547889709473 1080.9355818959416 -372.51380817237526
v 876.0683059692383 1279.4628620461779 681.080909058986
v 945.3144073486328 1367.2179547596472 590.5588495092045
v 730.0467491149902 1306.021266631738 727.9269121879402
v 876.0683059692383 1279.4628620461779 681.080909058986
v 730.0467491149902 1306.021266631738 727.9269121879402
v 783.6194515228271 1204.6528434436275 732.5325527099787
v 1164.7817611694336 1061.625893783806 506.10817171810726
v 1054.715347290039 918.1989837267363 358.55735089305296
v 1215.6569480895996 1119.759468641483 317.8449686377571
v 1068.6676025390625 931.6498765917997 244.41958424715207
v 1215.6569480895996 1119.759468641483 317.8449686377571
v 1054.715347290039 918.1989837267363 358.55735089305296
v 967.6445007324219 982.3804316836531 559.2623629801298
v 819.9298858642578 970.1503225138291 563.5792666362366
v 954.979133605957 933.3360008170099 453.4978411006148
v 960.7698440551758 996.5921912811824 634.0877884258713
v 819.9298858642578 970.1503225138291 563.5792666362366
v 967.6445007324219 982.3804316836531 559.2623629801298
v 876.0683059692383 1279.4628620461779 681.080909058986
v 1022.9247093200684 1240.9151583362584 692.8006651950939
v 945.3144073486328 1367.2179547596472 590.5588495092045
v 783.6194515228271 1204.6528434436275 732.5325527099787
v 730.0467491149902 1306.021266631738 727.9269121879402
v 582.5684070587158 1253.648529756916 750.4915203505217
v 783.6194515228271 1204.6528434436275 732.5325527099787
v 582.5684070587158 1253.648529756916 750.4915203505217
v 614.0996932983398 1177.1267536743928 746.062619574389
v 907.7431678771973 1716.8147712562554 193.08853263429737
v 794.1874504089355 1767.381438772612 163.082106254958
v 938.7527465820312 1669.6201225490006 351.6802331471755
v 907.7431678771973 1716.8147712562554 193.08853263429737
v 938.7527465820312 1669.6201225490006 351.6802331471755
v 1084.8546981811523 1604.051007189122 329.95368210798404
v 1106.6423416137695 1263.271176415305 -124.77371549443063
v 1022.8482246398926 1257.70484508614 -278.3707544339067
v 1095.8351135253906 1348.0123825603662 -138.8544534985723
v 1232.5942039489746 1418.633625161018 163.63167215555006
v 1106.6423416137695 1263.271176415305 -124.77371549443063
v 1095.8351135253906 1348.0123825603662 -138.8544534985723
v 453.8599967956543 1070.2328024796955 493.34328795723417
v 454.6873092651367 1118.8376897462801 635.4085632004034
v 393.99497509002686 1170.5274926394804 554.5893813941785
v 453.8599967956543 1070.2328024796955 493.34328795723417
v 393.99497509002686 1170.5274926394804 554.5893813941785
v 426.1725902557373 1127.991703653253 490.71705195418633
v 1164.7817611694336 1061.625893783806 506.10817171810726
v 1215.6569480895996 1119.759468641483 317.8449686377571
v 1182.1701049804688 1253.2717073246577 559.0434583353627
v 803.4906387329102 1064.301549201893 705.927967756986
v 673.5965728759766 1049.1940093629235 675.8580474151883
v 819.9298858642578 970.1503225138291 563.5792666362366
v 803.4906387329102 1064.301549201893 705.927967756986
v 819.9298858642578 970.1503225138291 563.5792666362366
v 960.7698440551758 996.5921912811824 634.0877884258713
v 1252.0514488220215 1278.2521243872382 322.6698478048514
v 1215.6569480895996 1119.759468641483 317.8449686377571
v 1239.1307830810547 1161.0360855221809 114.16012747719341
v 1239.1307830810547 1161.0360855221809 114.16012747719341
v 1215.6569480895996 1119.759468641483 317.8449686377571
v 1121.1358070373535 1011.213374130127 80.10442701308345
v 1129.6758651733398 1280.7550890579662 668.8546138326606
v 960.7698440551758 996.5921912811824 634.0877884258713
v 1077.3456573486328 1026.361509302094 587.8200858144625
v 1048.1767654418945 1654.682118947018 120.27884727702893
v 908.0694198608398 1769.422290696457 80.88872819985657
v 907.7431678771973 1716.8147712562554 193.08853263429737
v 908.0694198608398 1769.422290696457 80.88872819985657
v 794.1874504089355 1767.381438772612 163.082106254958
v 907.7431678771973 1716.8147712562554 193.08853263429737
v 973.5318183898926 1613.35088222111 515.1773492926991
v 706.7547798156738 1609.7862464285072 574.3118787686695
v 822.1853256225586 1531.8926141431211 601.5469194300839
v 854.4428825378418 1672.8158960283613 433.2116592178655
v 622.9456901550293 1702.5289421601785 348.9386297364781
v 706.7547798156738 1609.7862464285072 574.3118787686695
v 1068.6676025390625 931.6498765917997 244.41958424715207
v 1054.715347290039 918.1989837267363 358.55735089305296
v 982.0784568786621 872.005550751178 168.092604745893
v 614.0996932983398 1177.1267536743928 746.062619574389
v 466.46032333374023 1173.0933730810052 701.8149466888258
v 673.5965728759766 1049.1940093629235 675.8580474151883
v 614.0996932983398 1177.1267536743928 746.062619574389
v 673.5965728759766 1049.1940093629235 675.8580474151883
v 803.4906387329102 1064.301549201893 705.927967756986
v 893.702220916748 394.5313407295886 65.99032716540216
v 982.6587677001953 432.4609066777308 -48.25155419889096
v 988.5025024414062 565.0495406122195 52.363908065146184
v 893.702220916748 394.5313407295886 65.99032716540216
v 988.5025024414062 565.0495406122195 52.363908065146184
v 860.6316566467285 438.90763286026333 183.03527268879688
v 1004.6547889709473 1080.9355818959416 -372.51380817237526
v 1106.6423416137695 1263.271176415305 -124.77371549443063
v 1091.0923957824707 1151.4829031847787 -156.02739489289357
v 1207.8163146972656 1162.336315101509 40.185437013038396
v 1091.0923957824707 1151.4829031847787 -156.02739489289357
v 1106.6423416137695 1263.271176415305 -124.77371549443063
v 910.3696823120117 1567.7114495869826 -303.58563420460257
v 818.4527397155762 1484.5958778904615 -280.09400282391664
v 866.472053527832 1641.481121085178 -234.67452319918127
v 1101.979637145996 1372.74457152813 433.7150488220772
v 1182.1701049804688 1253.2717073246577 559.0434583353627
v 1234.6807479858398 1345.8277595812772 263.5764369319232
v 1121.1358070373535 1011.213374130127 80.10442701308345
v 1086.4861488342285 937.4883326489875 -3.2413429853056708
v 1118.7152862548828 1109.0309616623383 -74.8088513006028
v 896.1455345153809 1732.7292704664953 -73.12010907366634
v 534.0637683868408 1639.9798922183807 101.66877775347349
v 737.0796203613281 1745.2668636193262 66.90718099198963
v 423.2074737548828 1195.865489629186 671.2862085596419
v 454.6873092651367 1118.8376897462801 635.4085632004034
v 466.46032333374023 1173.0933730810052 701.8149466888258
v 893.702220916748 394.5313407295886 65.99032716540216
v 838.0657196044922 288.9174578753852 160.97286083050994
v 853.3389091491699 262.68483814583954 186.47549753063907
v 893.702220916748 394.5313407295886 65.99032716540216
v 853.3389091491699 262.68483814583954 186.47549753063907
v 941.7360305786133 300.32225563802405 144.1371226460433
v 982.6587677001953 432.4609066777308 -48.25155419889096
v 893.702220916748 394.5313407295886 65.99032716540216
v 941.7360305786133 300.32225563802405 144.1371226460433
v 986.884880065918 259.7671795700117 -252.62954476379633
v 988.5025024414062 565.0495406122195 52.363908065146184
v 982.6587677001953 432.4609066777308 -48.25155419889096
v 986.884880065918 259.7671795700117 -252.62954476379633
v 904.729175567627 254.97165307610237 -424.1234023089401
v 972.4699020385742 494.34959057544387 -468.25232776692815
v 986.884880065918 259.7671795700117 -252.62954476379633
v 972.4699020385742 494.34959057544387 -468.25232776692815
v 1041.14990234375 599.2359107717756 -242.17732022438182
v 853.3389091491699 262.68483814583954 186.47549753063907
v 911.970043182373 261.57523707762783 178.7420813871153
v 941.7360305786133 300.32225563802405 144.1371226460433
v 853.3389091491699 262.68483814583954 186.47549753063907
v 845.8358764648438 128.80112225993375 143.3622614940126
v 911.970043182373 261.57523707762783 178.7420813871153
v 992.5347328186035 319.5746806076288 12.511929717062664
v 941.7360305786133 300.32225563802405 144.1371226460433
v 934.2254638671875 86.75471117182873 -98.4101139930921
v 992.5347328186035 319.5746806076288 12.511929717062664
v 986.884880065918 259.7671795700117 -252.62954476379633
v 982.6587677001953 432.4609066777308 -48.25155419889096
v 934.2254638671875 86.75471117182873 -98.4101139930921
v 892.2122001647949 67.22412951140291 -275.121998402062
v 992.5347328186035 319.5746806076288 12.511929717062664
v 760.7820510864258 1083.320129032421 897.9064132203746
v 574.7488975524902 1211.650435706313 786.1618529126537
v 285.53152084350586 1111.8751351282508 863.1037830115228
v 760.7820510864258 1083.320129032421 897.9064132203746
v 285.53152084350586 1111.8751351282508 863.1037830115228
v 543.0868148803711 913.5018418144251 994.2053180862558
v 784.5054626464844 813.1733686645739 762.3681622251099
v 760.7820510864258 1083.320129032421 897.9064132203746
v 543.0868148803711 913.5018418144251 994.2053180862558
v 784.5054626464844 813.1733686645739 762.3681622251099
v 543.0868148803711 913.5018418144251 994.2053180862558
v 567.5989151000977 673.6105041876763 938.4628976969565
v 1000.7122993469238 1064.1391285543787 632.1182512195135
v 969.7525978088379 1193.8662107534462 700.2589289364226
v 760.7820510864258 1083.320129032421 897.9064132203746
v 1000.7122993469238 1064.1391285543787 632.1182512195135
v 760.7820510864258 1083.320129032421 897.9064132203746
v 784.5054626464844 813.1733686645739 762.3681622251099
v 969.7525978088379 1193.8662107534462 700.2589289364226
v 884.3276023864746 1268.814135968351 688.3351769803254
v 574.7488975524902 1211.650435706313 786.1618529126537
v 969.7525978088379 1193.8662107534462 700.2589289364226
v 574.7488975524902 1211.650435706313 786.1618529126537
v 760.7820510864258 1083.320129032421 897.9064132203746
v 1328.8756370544434 1138.9901311424692 401.97603712598533
v 1593.3141708374023 971.6187242876174 73.18845795269478
v 1483.2588195800781 1154.7759548163465 -49.37471298603865
v 1328.8756370544434 1138.9901311424692 401.97603712598533
v 1483.2588195800781 1154.7759548163465 -49.37471298603865
v 1286.7118835449219 1227.233212234177 261.1948182354521
v 1273.1529235839844 927.0228569221966 372.5864944680741
v 1515.1823043823242 811.2978832625753 130.30729868223108
v 1593.3141708374023 971.6187242876174 73.18845795269478
v 1273.1529235839844 927.0228569221966 372.5864944680741
v 1593.3141708374023 971.6187242876174 73.18845795269478
v 1328.8756370544434 1138.9901311424692 401.97603712598533
v 1108.0503463745117 1032.025462925245 488.71573167990954
v 1273.1529235839844 927.0228569221966 372.5864944680741
v 1328.8756370544434 1138.9901311424692 401.97603712598533
v 1108.0503463745117 1032.025462925245 488.71573167990954
v 1328.8756370544434 1138.9901311424692 401.97603712598533
v 1152.1742820739746 1157.94290413387 569.2925609875231
v 1328.8756370544434 1138.9901311424692 401.97603712598533
v 1286.7118835449219 1227.233212234177 261.1948182354521
v 1139.0257835388184 1278.7069576697788 516.305114095626
v 1152.1742820739746 1157.94290413387 569.2925609875231
v 1328.8756370544434 1138.9901311424692 401.97603712598533
v 1139.0257835388184 1278.7069576697788 516.305114095626
vt 0.1802082359790802 0.6261963248252869
vt 0.08151930570602417 0.6037617325782776
vt 0.22626462578773499 0.7229120433330536
vt 0.31668904423713684 0.08725893497467041
vt 0.3282642364501953 0.10760557651519775
vt 0.24270296096801758 0.1226348876953125
vt 0.3544602394104004 0.4964982271194458
vt 0.48819902539253235 0.5857379138469696
vt 0.2588130533695221 0.5925993323326111
vt 0.7872852683067322 0.5515179634094238
vt 0.8720400929450989 0.5083467364311218
vt 0.8811963796615601 0.46647918224334717
vt 0.4904029965400696 0.1402645707130432
vt 0.5812072157859802 0.21344703435897827
vt 0.46562665700912476 0.1640465259552002
vt 0.10460684448480606 0.6299817562103271
vt 0.06431865692138672 0.5811324119567871
vt 0.0731281191110611 0.5681456923484802
vt 0.0787268579006195 0.22205805778503418
vt 0.09179003536701202 0.25651252269744873
vt 0.1426886022090912 0.17734837532043457
vt 0.3442547917366028 0.4553055167198181
vt 0.3544602394104004 0.4964982271194458
vt 0.2921586334705353 0.46410417556762695
vt 0.4904029965400696 0.1402645707130432
vt 0.40521150827407837 0.09905707836151123
vt 0.4805756211280823 0.12718701362609863
vt 0.48842498660087585 0.276577353477478
vt 0.46976369619369507 0.2895124554634094
vt 0.45858192443847656 0.31632333993911743
vt 0.4693286716938019 0.4702463746070862
vt 0.49006134271621704 0.4043354392051697
vt 0.47886812686920166 0.3634606599807739
vt 0.8806502819061279 0.6255379915237427
vt 0.8062034845352173 0.6791181564331055
vt 0.8506924510002136 0.7256111800670624
vt 0.805325984954834 0.2568123936653137
vt 0.8518182039260864 0.22931510210037231
vt 0.8450415134429932 0.2817000150680542
vt 0.7353025674819946 0.3592301607131958
vt 0.6997363567352295 0.2958458662033081
vt 0.7740347981452942 0.3351919651031494
vt 0.2919972538948059 0.5721470415592194
vt 0.2583608031272888 0.6601501703262329
vt 0.26471251249313354 0.543710857629776
vt 0.8405839800834656 0.5610263347625732
vt 0.8749942779541016 0.6214215457439423
vt 0.8449578881263733 0.6266859769821167
vt 0.4904029965400696 0.1402645707130432
vt 0.4805756211280823 0.12718701362609863
vt 0.6827600002288818 0.26350098848342896
vt 0.6228606700897217 0.22275495529174805
vt 0.4805756211280823 0.12718701362609863
vt 0.4506560266017914 0.11313891410827637
vt 0.38561752438545227 0.7793573588132858
vt 0.3174559473991394 0.7700571119785309
vt 0.4072747528553009 0.8374230414628983
vt 0.3728843629360199 0.44185471534729004
vt 0.2883022427558899 0.33560168743133545
vt 0.38677844405174255 0.4932668209075928
vt 0.40659233927726746 0.3176425099372864
vt 0.3913327753543854 0.3736732602119446
vt 0.43904832005500793 0.3783727288246155
vt 0.023129016160964966 0.39092814922332764
vt 0.03537886589765549 0.48145365715026855
vt 0.026119891554117203 0.38482338190078735
vt 0.041307080537080765 0.4833623170852661
vt 0.03537886589765549 0.48145365715026855
vt 0.023129016160964966 0.39092814922332764
vt 0.6290403604507446 0.7427402436733246
vt 0.5690118670463562 0.6533012390136719
vt 0.6192352175712585 0.6408340036869049
vt 0.3052184283733368 0.5569791197776794
vt 0.28688690066337585 0.6168136894702911
vt 0.3865349292755127 0.5562228560447693
vt 0.17392346262931824 0.5423160791397095
vt 0.28688690066337585 0.6168136894702911
vt 0.3052184283733368 0.5569791197776794
vt 0.581045389175415 0.5459387302398682
vt 0.5965256690979004 0.5985359847545624
vt 0.6725355386734009 0.6352047026157379
vt 0.1426886022090912 0.17734837532043457
vt 0.11894460022449493 0.1790485382080078
vt 0.0787268579006195 0.22205805778503418
vt 0.3472524881362915 0.2352294921875
vt 0.2138272076845169 0.19140350818634033
vt 0.31836339831352234 0.28306466341018677
vt 0.6250542402267456 0.7330637872219086
vt 0.6428928375244141 0.6365621387958527
vt 0.7446593046188354 0.6278577744960785
vt 0.6428928375244141 0.6365621387958527
vt 0.645139217376709 0.5790880024433136
vt 0.7446593046188354 0.6278577744960785
vt 0.48819902539253235 0.5857379138469696
vt 0.5588192939758301 0.6131934225559235
vt 0.37115633487701416 0.6595006585121155
vt 0.3622283637523651 0.1002957820892334
vt 0.3042236566543579 0.11134332418441772
vt 0.39854365587234497 0.17275333404541016
vt 0.3622283637523651 0.1002957820892334
vt 0.39854365587234497 0.17275333404541016
vt 0.4500701427459717 0.14566397666931152
vt 0.09179003536701202 0.25651252269744873
vt 0.0787268579006195 0.22205805778503418
vt 0.05730874091386795 0.3009988069534302
vt 0.7651507258415222 0.7774166315793991
vt 0.7760076522827148 0.8138227015733719
vt 0.8008967638015747 0.7971851080656052
vt 0.13946466147899628 0.30328118801116943
vt 0.38677844405174255 0.4932668209075928
vt 0.2883022427558899 0.33560168743133545
vt 0.1457872837781906 0.672902524471283
vt 0.22626462578773499 0.7229120433330536
vt 0.08151930570602417 0.6037617325782776
vt 0.5425046682357788 0.25561434030532837
vt 0.4438666105270386 0.1805625557899475
vt 0.5104343891143799 0.25637316703796387
vt 0.2919972538948059 0.5721470415592194
vt 0.26471251249313354 0.543710857629776
vt 0.3412264585494995 0.4350079298019409
vt 0.45896872878074646 0.5012247860431671
vt 0.5271061658859253 0.5113054811954498
vt 0.5186836123466492 0.4851991534233093
vt 0.49029695987701416 0.47676748037338257
vt 0.4926775097846985 0.5180099010467529
vt 0.47337210178375244 0.49143683910369873
vt 0.3052184283733368 0.5569791197776794
vt 0.3865349292755127 0.5562228560447693
vt 0.38677844405174255 0.4932668209075928
vt 0.4006732106208801 0.2764040231704712
vt 0.4133376181125641 0.22662222385406494
vt 0.31972798705101013 0.3835318684577942
vt 0.3865349292755127 0.5562228560447693
vt 0.4420453906059265 0.6078916490077972
vt 0.45896872878074646 0.5012247860431671
vt 0.18545980751514435 0.35435307025909424
vt 0.2651468515396118 0.35279232263565063
vt 0.19148339331150055 0.3939724564552307
vt 0.581045389175415 0.5459387302398682
vt 0.6947904229164124 0.5594761967658997
vt 0.6345914602279663 0.5213074088096619
vt 0.6683308482170105 0.7773909568786621
vt 0.6151056885719299 0.6844878494739532
vt 0.6382917761802673 0.8489231765270233
vt 0.8330274820327759 0.21735787391662598
vt 0.7421339750289917 0.21689683198928833
vt 0.8012970089912415 0.22676044702529907
vt 0.9154088497161865 0.4656151533126831
vt 0.9032674431800842 0.5173896253108978
vt 0.911442220211029 0.49581652879714966
vt 0.39854365587234497 0.17275333404541016
vt 0.4438666105270386 0.1805625557899475
vt 0.4500701427459717 0.14566397666931152
vt 0.1784021407365799 0.4888365864753723
vt 0.14310672879219055 0.4089852571487427
vt 0.19148339331150055 0.3939724564552307
vt 0.734921395778656 0.6508390605449677
vt 0.7321067452430725 0.7315402626991272
vt 0.8062034845352173 0.6791181564331055
vt 0.37115633487701416 0.6595006585121155
vt 0.2588130533695221 0.5925993323326111
vt 0.48819902539253235 0.5857379138469696
vt 0.5104343891143799 0.25637316703796387
vt 0.6500964164733887 0.24321162700653076
vt 0.5425046682357788 0.25561434030532837
vt 0.6683308482170105 0.7773909568786621
vt 0.7321067452430725 0.7315402626991272
vt 0.734921395778656 0.6508390605449677
vt 0.4289166331291199 0.28944432735443115
vt 0.5104343891143799 0.25637316703796387
vt 0.4438666105270386 0.1805625557899475
vt 0.35083040595054626 0.7682764232158661
vt 0.37115633487701416 0.6595006585121155
vt 0.5588192939758301 0.6131934225559235
vt 0.6683308482170105 0.7773909568786621
vt 0.734921395778656 0.6508390605449677
vt 0.6151056885719299 0.6844878494739532
vt 0.04660262167453766 0.34285807609558105
vt 0.12485672533512115 0.2694602608680725
vt 0.11952531337738037 0.33120274543762207
vt 0.6315122246742249 0.25873762369155884
vt 0.7285274267196655 0.22817546129226685
vt 0.682708740234375 0.22079581022262573
vt 0.709516167640686 0.621865838766098
vt 0.7450746893882751 0.6361003220081329
vt 0.781345546245575 0.616967111825943
vt 0.46976369619369507 0.2895124554634094
vt 0.5104343891143799 0.25637316703796387
vt 0.4289166331291199 0.28944432735443115
vt 0.7446593046188354 0.6278577744960785
vt 0.7442362308502197 0.7490698397159576
vt 0.6250542402267456 0.7330637872219086
vt 0.0787268579006195 0.22205805778503418
vt 0.05847138911485672 0.26559770107269287
vt 0.029223013669252396 0.3258751630783081
vt 0.6827600002288818 0.26350098848342896
vt 0.6770482063293457 0.3215240240097046
vt 0.5812072157859802 0.21344703435897827
vt 0.8708881139755249 0.32142943143844604
vt 0.8560817241668701 0.39613455533981323
vt 0.8070511817932129 0.35480791330337524
vt 0.08817990124225616 0.4159860610961914
vt 0.05730874091386795 0.3009988069534302
vt 0.026119891554117203 0.38482338190078735
vt 0.6430993676185608 0.39380931854248047
vt 0.6850979924201965 0.4785323143005371
vt 0.7108365297317505 0.4813498258590698
vt 0.46562665700912476 0.1640465259552002
vt 0.3544301688671112 0.15608829259872437
vt 0.28160524368286133 0.21991729736328125
vt 0.6770482063293457 0.3215240240097046
vt 0.677288293838501 0.3731476068496704
vt 0.6202059388160706 0.37366729974746704
vt 0.21696752309799194 0.15788203477859497
vt 0.29992640018463135 0.14432275295257568
vt 0.190268412232399 0.2519696354866028
vt 0.34796690940856934 0.13429170846939087
vt 0.3282642364501953 0.10760557651519775
vt 0.40521150827407837 0.09905707836151123
vt 0.8070511817932129 0.35480791330337524
vt 0.7353025674819946 0.3592301607131958
vt 0.7740347981452942 0.3351919651031494
vt 0.5812072157859802 0.21344703435897827
vt 0.4904029965400696 0.1402645707130432
vt 0.6827600002288818 0.26350098848342896
vt 0.8140367865562439 0.35392510890960693
vt 0.8631012439727783 0.33346349000930786
vt 0.8460599780082703 0.2987281084060669
vt 0.7188149094581604 0.36645686626434326
vt 0.7589515447616577 0.31272953748703003
vt 0.6927403807640076 0.3090555667877197
vt 0.10187069326639175 0.36311614513397217
vt 0.05730874091386795 0.3009988069534302
vt 0.08817990124225616 0.4159860610961914
vt 0.45896872878074646 0.5012247860431671
vt 0.42719489336013794 0.4798719882965088
vt 0.38677844405174255 0.4932668209075928
vt 0.6151056885719299 0.6844878494739532
vt 0.734921395778656 0.6508390605449677
vt 0.6229838132858276 0.6236326396465302
vt 0.40891551971435547 0.3981260061264038
vt 0.32645347714424133 0.34659135341644287
vt 0.3629875183105469 0.3600442409515381
vt 0.07065750658512115 0.5000283122062683
vt 0.1802082359790802 0.6261963248252869
vt 0.17392346262931824 0.5423160791397095
vt 0.3214884102344513 0.34610438346862793
vt 0.1635170727968216 0.2584409713745117
vt 0.13119226694107056 0.32248997688293457
vt 0.1248367503285408 0.37058693170547485
vt 0.14310672879219055 0.4089852571487427
vt 0.11885427683591843 0.421092689037323
vt 0.4005122780799866 0.19083166122436523
vt 0.4550749957561493 0.23345792293548584
vt 0.4462478756904602 0.24004006385803223
vt 0.5534348487854004 0.25121843814849854
vt 0.46976369619369507 0.2895124554634094
vt 0.48842498660087585 0.276577353477478
vt 0.5384495854377747 0.3328556418418884
vt 0.48539674282073975 0.2901265621185303
vt 0.4643899202346802 0.3027248978614807
vt 0.45896872878074646 0.5012247860431671
vt 0.38677844405174255 0.4932668209075928
vt 0.3865349292755127 0.5562228560447693
vt 0.026119891554117203 0.38482338190078735
vt 0.029223013669252396 0.3258751630783081
vt 0.023129016160964966 0.39092814922332764
vt 0.12485672533512115 0.2694602608680725
vt 0.12394373118877411 0.1928982138633728
vt 0.15937915444374084 0.17185598611831665
vt 0.6694496870040894 0.39343345165252686
vt 0.6202059388160706 0.37366729974746704
vt 0.677288293838501 0.3731476068496704
vt 0.3397158086299896 0.22548800706863403
vt 0.29992640018463135 0.14432275295257568
vt 0.37957707047462463 0.14872992038726807
vt 0.4714404344558716 0.4655064344406128
vt 0.47337210178375244 0.49143683910369873
vt 0.4803099036216736 0.5094593167304993
vt 0.45858192443847656 0.31632333993911743
vt 0.463702529668808 0.3095530867576599
vt 0.48842498660087585 0.276577353477478
vt 0.9226368069648743 0.21937626600265503
vt 0.8508754968643188 0.2635273337364197
vt 0.8842899203300476 0.2764018774032593
vt 0.9111778140068054 0.23368418216705322
vt 0.9102783799171448 0.21375977993011475
vt 0.9607477188110352 0.1335005760192871
vt 0.8972824215888977 0.2744285464286804
vt 0.8837910890579224 0.25256121158599854
vt 0.9102783799171448 0.21375977993011475
vt 0.46976369619369507 0.2895124554634094
vt 0.5534348487854004 0.25121843814849854
vt 0.5104343891143799 0.25637316703796387
vt 0.4849955141544342 0.3604447841644287
vt 0.515664279460907 0.36138439178466797
vt 0.4643899202346802 0.3027248978614807
vt 0.515664279460907 0.36138439178466797
vt 0.5384495854377747 0.3328556418418884
vt 0.4643899202346802 0.3027248978614807
vt 0.6009730696678162 0.24685752391815186
vt 0.48539674282073975 0.2901265621185303
vt 0.5384495854377747 0.3328556418418884
vt 0.6009730696678162 0.24685752391815186
vt 0.5349841117858887 0.22625648975372314
vt 0.48539674282073975 0.2901265621185303
vt 0.515664279460907 0.36138439178466797
vt 0.5584304928779602 0.3741646409034729
vt 0.5384495854377747 0.3328556418418884
vt 0.47886812686920166 0.3634606599807739
vt 0.463702529668808 0.3095530867576599
vt 0.45858192443847656 0.31632333993911743
vt 0.8330274820327759 0.21735787391662598
vt 0.875278115272522 0.19238293170928955
vt 0.8881154656410217 0.19598597288131714
vt 0.8518182039260864 0.22931510210037231
vt 0.8330274820327759 0.21735787391662598
vt 0.8881154656410217 0.19598597288131714
vt 0.9111778140068054 0.23368418216705322
vt 0.8972824215888977 0.2744285464286804
vt 0.9102783799171448 0.21375977993011475
vt 0.9226368069648743 0.21937626600265503
vt 0.9111778140068054 0.23368418216705322
vt 0.9607477188110352 0.1335005760192871
vt 0.8842899203300476 0.2764018774032593
vt 0.8972824215888977 0.2744285464286804
vt 0.9111778140068054 0.23368418216705322
vt 0.8837910890579224 0.25256121158599854
vt 0.8881154656410217 0.19598597288131714
vt 0.9102783799171448 0.21375977993011475
vt 0.8837910890579224 0.25256121158599854
vt 0.8972824215888977 0.2744285464286804
vt 0.8708881139755249 0.32142943143844604
vt 0.8450415134429932 0.2817000150680542
vt 0.8837910890579224 0.25256121158599854
vt 0.8708881139755249 0.32142943143844604
vt 0.8330274820327759 0.21735787391662598
vt 0.8012970089912415 0.22676044702529907
vt 0.8624407649040222 0.21647495031356812
vt 0.8624407649040222 0.21647495031356812
vt 0.8012970089912415 0.22676044702529907
vt 0.8508754968643188 0.2635273337364197
vt 0.8508754968643188 0.2635273337364197
vt 0.9226368069648743 0.21937626600265503
vt 0.8624407649040222 0.21647495031356812
vt 0.5534348487854004 0.25121843814849854
vt 0.48842498660087585 0.276577353477478
vt 0.5349841117858887 0.22625648975372314
vt 0.463702529668808 0.3095530867576599
vt 0.4550749957561493 0.23345792293548584
vt 0.48842498660087585 0.276577353477478
vt 0.9109572172164917 0.38366132974624634
vt 0.9022786617279053 0.3456265330314636
vt 0.8995151519775391 0.3323380947113037
vt 0.7596955299377441 0.46789491176605225
vt 0.7910263538360596 0.4714999198913574
vt 0.7675888538360596 0.3967975378036499
vt 0.7396664619445801 0.45026493072509766
vt 0.7596955299377441 0.46789491176605225
vt 0.7675888538360596 0.3967975378036499
vt 0.7108365297317505 0.4813498258590698
vt 0.6947904229164124 0.5594761967658997
vt 0.7393480539321899 0.5591087937355042
vt 0.9029682874679565 0.4141005873680115
vt 0.908856987953186 0.459317684173584
vt 0.9154088497161865 0.4656151533126831
vt 0.9064173698425293 0.39041900634765625
vt 0.9089668393135071 0.42694705724716187
vt 0.9111068248748779 0.43650269508361816
vt 0.6430993676185608 0.39380931854248047
vt 0.6012463569641113 0.3430851697921753
vt 0.5754674077033997 0.3910596966743469
vt 0.4462478756904602 0.24004006385803223
vt 0.4643899202346802 0.3027248978614807
vt 0.48539674282073975 0.2901265621185303
vt 0.4462478756904602 0.24004006385803223
vt 0.463702529668808 0.3095530867576599
vt 0.4643899202346802 0.3027248978614807
vt 0.4462478756904602 0.24004006385803223
vt 0.4550749957561493 0.23345792293548584
vt 0.463702529668808 0.3095530867576599
vt 0.9006595611572266 0.36002975702285767
vt 0.8460599780082703 0.2987281084060669
vt 0.8928499817848206 0.38385099172592163
vt 0.7188149094581604 0.36645686626434326
vt 0.6430993676185608 0.39380931854248047
vt 0.7396664619445801 0.45026493072509766
vt 0.8140367865562439 0.35392510890960693
vt 0.8460599780082703 0.2987281084060669
vt 0.7807921171188354 0.26576316356658936
vt 0.8508754968643188 0.2635273337364197
vt 0.8995151519775391 0.3323380947113037
vt 0.8842899203300476 0.2764018774032593
vt 0.8508754968643188 0.2635273337364197
vt 0.8460599780082703 0.2987281084060669
vt 0.8995151519775391 0.3323380947113037
vt 0.7675888538360596 0.3967975378036499
vt 0.8140367865562439 0.35392510890960693
vt 0.7188149094581604 0.36645686626434326
vt 0.6012463569641113 0.3430851697921753
vt 0.5384495854377747 0.3328556418418884
vt 0.5584304928779602 0.3741646409034729
vt 0.8928499817848206 0.38385099172592163
vt 0.8631012439727783 0.33346349000930786
vt 0.8140367865562439 0.35392510890960693
vt 0.7396664619445801 0.45026493072509766
vt 0.7393480539321899 0.5591087937355042
vt 0.7596955299377441 0.46789491176605225
vt 0.781345546245575 0.616967111825943
vt 0.7872852683067322 0.5515179634094238
vt 0.7393480539321899 0.5591087937355042
vt 0.6315122246742249 0.25873762369155884
vt 0.682708740234375 0.22079581022262573
vt 0.6009730696678162 0.24685752391815186
vt 0.8811963796615601 0.46647918224334717
vt 0.908856987953186 0.459317684173584
vt 0.9029682874679565 0.4141005873680115
vt 0.7581560611724854 0.21481382846832275
vt 0.7421339750289917 0.21689683198928833
vt 0.682708740234375 0.22079581022262573
vt 0.6415693759918213 0.23558223247528076
vt 0.7421339750289917 0.21689683198928833
vt 0.6500964164733887 0.24321162700653076
vt 0.8012970089912415 0.22676044702529907
vt 0.8460599780082703 0.2987281084060669
vt 0.8508754968643188 0.2635273337364197
vt 0.8012970089912415 0.22676044702529907
vt 0.7421339750289917 0.21689683198928833
vt 0.7581560611724854 0.21481382846832275
vt 0.8846791386604309 0.5173824429512024
vt 0.9048312306404114 0.45673471689224243
vt 0.8955783247947693 0.4895673990249634
vt 0.8330274820327759 0.21735787391662598
vt 0.8624407649040222 0.21647495031356812
vt 0.875278115272522 0.19238293170928955
vt 0.9607477188110352 0.1335005760192871
vt 0.8881154656410217 0.19598597288131714
vt 0.875278115272522 0.19238293170928955
vt 0.4755958020687103 0.20338183641433716
vt 0.4550749957561493 0.23345792293548584
vt 0.4005122780799866 0.19083166122436523
vt 0.4755958020687103 0.20338183641433716
vt 0.5349841117858887 0.22625648975372314
vt 0.4550749957561493 0.23345792293548584
vt 0.5349841117858887 0.22625648975372314
vt 0.48842498660087585 0.276577353477478
vt 0.4550749957561493 0.23345792293548584
vt 0.6725355386734009 0.6352047026157379
vt 0.6953965425491333 0.6258511245250702
vt 0.7311111092567444 0.6319628655910492
vt 0.4803099036216736 0.5094593167304993
vt 0.5025695562362671 0.5583554804325104
vt 0.5050578713417053 0.5036591589450836
vt 0.9154088497161865 0.4656151533126831
vt 0.9089668393135071 0.42694705724716187
vt 0.9029682874679565 0.4141005873680115
vt 0.8525000214576721 0.5644686222076416
vt 0.8720400929450989 0.5083467364311218
vt 0.7872852683067322 0.5515179634094238
vt 0.8720400929450989 0.5083467364311218
vt 0.9032674431800842 0.5173896253108978
vt 0.908856987953186 0.459317684173584
vt 0.8525000214576721 0.5644686222076416
vt 0.8089953660964966 0.6001268625259399
vt 0.8666247725486755 0.5447068214416504
vt 0.6947904229164124 0.5594761967658997
vt 0.6725355386734009 0.6352047026157379
vt 0.7393480539321899 0.5591087937355042
vt 0.6009730696678162 0.24685752391815186
vt 0.5384495854377747 0.3328556418418884
vt 0.6315122246742249 0.25873762369155884
vt 0.7581560611724854 0.21481382846832275
vt 0.7285274267196655 0.22817546129226685
vt 0.8012970089912415 0.22676044702529907
vt 0.6927403807640076 0.3090555667877197
vt 0.6012463569641113 0.3430851697921753
vt 0.7188149094581604 0.36645686626434326
vt 0.581045389175415 0.5459387302398682
vt 0.6725355386734009 0.6352047026157379
vt 0.6947904229164124 0.5594761967658997
vt 0.5965256690979004 0.5985359847545624
vt 0.581045389175415 0.5459387302398682
vt 0.5179494619369507 0.5368236303329468
vt 0.8955783247947693 0.4895673990249634
vt 0.9048312306404114 0.45673471689224243
vt 0.911442220211029 0.49581652879714966
vt 0.4849955141544342 0.3604447841644287
vt 0.49006134271621704 0.4043354392051697
vt 0.4917945861816406 0.3970978260040283
vt 0.5349841117858887 0.22625648975372314
vt 0.4462478756904602 0.24004006385803223
vt 0.48539674282073975 0.2901265621185303
vt 0.5349841117858887 0.22625648975372314
vt 0.4755958020687103 0.20338183641433716
vt 0.4462478756904602 0.24004006385803223
vt 0.4755958020687103 0.20338183641433716
vt 0.4005122780799866 0.19083166122436523
vt 0.4462478756904602 0.24004006385803223
vt 0.875278115272522 0.19238293170928955
vt 0.8624407649040222 0.21647495031356812
vt 0.9607477188110352 0.1335005760192871
vt 0.9102783799171448 0.21375977993011475
vt 0.8881154656410217 0.19598597288131714
vt 0.9607477188110352 0.1335005760192871
vt 0.9226368069648743 0.21937626600265503
vt 0.9607477188110352 0.1335005760192871
vt 0.8624407649040222 0.21647495031356812
vt 0.7783435583114624 0.23910051584243774
vt 0.6500964164733887 0.24321162700653076
vt 0.8330274820327759 0.21735787391662598
vt 0.6009730696678162 0.24685752391815186
vt 0.5534348487854004 0.25121843814849854
vt 0.5349841117858887 0.22625648975372314
vt 0.7243517637252808 0.7868000566959381
vt 0.7239219546318054 0.7703369408845901
vt 0.6683308482170105 0.7773909568786621
vt 0.7239219546318054 0.7703369408845901
vt 0.7321067452430725 0.7315402626991272
vt 0.6683308482170105 0.7773909568786621
vt 0.7646236419677734 0.7268309593200684
vt 0.7321067452430725 0.7315402626991272
vt 0.7239219546318054 0.7703369408845901
vt 0.7267898321151733 0.8178550899028778
vt 0.7208195328712463 0.8308583796024323
vt 0.744549572467804 0.7931649386882782
vt 0.7651507258415222 0.7774166315793991
vt 0.80495685338974 0.7562228143215179
vt 0.8137871623039246 0.705124706029892
vt 0.5541186332702637 0.8989700973033905
vt 0.697294294834137 0.8959124088287354
vt 0.6377435326576233 0.9247498065233231
vt 0.80495685338974 0.7562228143215179
vt 0.8194003701210022 0.7669305056333542
vt 0.8506924510002136 0.7256111800670624
vt 0.2921586334705353 0.46410417556762695
vt 0.1784021407365799 0.4888365864753723
vt 0.19148339331150055 0.3939724564552307
vt 0.2921586334705353 0.46410417556762695
vt 0.19148339331150055 0.3939724564552307
vt 0.2651468515396118 0.35279232263565063
vt 0.682708740234375 0.22079581022262573
vt 0.7421339750289917 0.21689683198928833
vt 0.6415693759918213 0.23558223247528076
vt 0.3580719828605652 0.69390469789505
vt 0.38561752438545227 0.7793573588132858
vt 0.49296706914901733 0.8232357203960419
vt 0.3580719828605652 0.69390469789505
vt 0.49296706914901733 0.8232357203960419
vt 0.4647102952003479 0.6947578489780426
vt 0.2738133370876312 0.39298826456069946
vt 0.2088233381509781 0.5138163864612579
vt 0.11718273907899857 0.42466801404953003
vt 0.2738133370876312 0.39298826456069946
vt 0.11718273907899857 0.42466801404953003
vt 0.13119226694107056 0.32248997688293457
vt 0.6704820990562439 0.27288317680358887
vt 0.6228606700897217 0.22275495529174805
vt 0.5876212120056152 0.24411439895629883
vt 0.0731281191110611 0.5681456923484802
vt 0.09476397931575775 0.5368939340114594
vt 0.13092857599258423 0.5952216386795044
vt 0.0731281191110611 0.5681456923484802
vt 0.13092857599258423 0.5952216386795044
vt 0.10460684448480606 0.6299817562103271
vt 0.8370043039321899 0.5911644101142883
vt 0.8846791386604309 0.5173824429512024
vt 0.8955783247947693 0.4895673990249634
vt 0.7446593046188354 0.6278577744960785
vt 0.8453530669212341 0.6261260807514191
vt 0.8227790594100952 0.740494579076767
vt 0.7446593046188354 0.6278577744960785
vt 0.8227790594100952 0.740494579076767
vt 0.7442362308502197 0.7490698397159576
vt 0.3250609040260315 0.5913169980049133
vt 0.2919972538948059 0.5721470415592194
vt 0.3412264585494995 0.4350079298019409
vt 0.3250609040260315 0.5913169980049133
vt 0.3412264585494995 0.4350079298019409
vt 0.39144593477249146 0.47102856636047363
vt 0.4506560266017914 0.11313891410827637
vt 0.3622283637523651 0.1002957820892334
vt 0.4500701427459717 0.14566397666931152
vt 0.13946466147899628 0.30328118801116943
vt 0.10187069326639175 0.36311614513397217
vt 0.21772821247577667 0.43305277824401855
vt 0.13946466147899628 0.30328118801116943
vt 0.21772821247577667 0.43305277824401855
vt 0.38677844405174255 0.4932668209075928
vt 0.10460684448480606 0.6299817562103271
vt 0.1457872837781906 0.672902524471283
vt 0.08151930570602417 0.6037617325782776
vt 0.10460684448480606 0.6299817562103271
vt 0.08151930570602417 0.6037617325782776
vt 0.06431865692138672 0.5811324119567871
vt 0.18822497129440308 0.6818984150886536
vt 0.1457872837781906 0.672902524471283
vt 0.10460684448480606 0.6299817562103271
vt 0.09179003536701202 0.25651252269744873
vt 0.13946466147899628 0.30328118801116943
vt 0.2138272076845169 0.19140350818634033
vt 0.09179003536701202 0.25651252269744873
vt 0.2138272076845169 0.19140350818634033
vt 0.1426886022090912 0.17734837532043457
vt 0.3544602394104004 0.4964982271194458
vt 0.34383052587509155 0.4565902352333069
vt 0.11718273907899857 0.42466801404953003
vt 0.3544602394104004 0.4964982271194458
vt 0.11718273907899857 0.42466801404953003
vt 0.106585793197155 0.480390727519989
vt 0.5885752439498901 0.9185329303145409
vt 0.6377435326576233 0.9247498065233231
vt 0.6382917761802673 0.8489231765270233
vt 0.5885752439498901 0.9185329303145409
vt 0.6382917761802673 0.8489231765270233
vt 0.5771818161010742 0.8472070842981339
vt 0.4506560266017914 0.11313891410827637
vt 0.4805756211280823 0.12718701362609863
vt 0.40521150827407837 0.09905707836151123
vt 0.5885752439498901 0.9185329303145409
vt 0.5771818161010742 0.8472070842981339
vt 0.49296706914901733 0.8232357203960419
vt 0.5885752439498901 0.9185329303145409
vt 0.49296706914901733 0.8232357203960419
vt 0.5134293437004089 0.8964285999536514
vt 0.5885752439498901 0.9185329303145409
vt 0.5134293437004089 0.8964285999536514
vt 0.5541186332702637 0.8989700973033905
vt 0.5885752439498901 0.9185329303145409
vt 0.5541186332702637 0.8989700973033905
vt 0.6377435326576233 0.9247498065233231
vt 0.3616880476474762 0.7581158578395844
vt 0.317678302526474 0.7273405194282532
vt 0.3250609040260315 0.5913169980049133
vt 0.3616880476474762 0.7581158578395844
vt 0.3250609040260315 0.5913169980049133
vt 0.3350992500782013 0.6567037105560303
vt 0.8497777581214905 0.725950300693512
vt 0.8190550208091736 0.7671804577112198
vt 0.8227790594100952 0.740494579076767
vt 0.8497777581214905 0.725950300693512
vt 0.8227790594100952 0.740494579076767
vt 0.859552800655365 0.6979728043079376
vt 0.7740347981452942 0.3351919651031494
vt 0.6997363567352295 0.2958458662033081
vt 0.805325984954834 0.2568123936653137
vt 0.7740347981452942 0.3351919651031494
vt 0.805325984954834 0.2568123936653137
vt 0.8450415134429932 0.2817000150680542
vt 0.19309231638908386 0.671724259853363
vt 0.14386028051376343 0.6100339591503143
vt 0.17348040640354156 0.579977422952652
vt 0.19309231638908386 0.671724259853363
vt 0.17348040640354156 0.579977422952652
vt 0.2583608031272888 0.6601501703262329
vt 0.2583608031272888 0.6601501703262329
vt 0.17348040640354156 0.579977422952652
vt 0.2088233381509781 0.5138163864612579
vt 0.2583608031272888 0.6601501703262329
vt 0.2088233381509781 0.5138163864612579
vt 0.26471251249313354 0.543710857629776
vt 0.3174559473991394 0.7700571119785309
vt 0.22626462578773499 0.7229120433330536
vt 0.18822497129440308 0.6818984150886536
vt 0.3174559473991394 0.7700571119785309
vt 0.18822497129440308 0.6818984150886536
vt 0.35083040595054626 0.7682764232158661
vt 0.6642780303955078 0.23384201526641846
vt 0.4805756211280823 0.12718701362609863
vt 0.6228606700897217 0.22275495529174805
vt 0.6827600002288818 0.26350098848342896
vt 0.4805756211280823 0.12718701362609863
vt 0.6642780303955078 0.23384201526641846
vt 0.35083040595054626 0.7682764232158661
vt 0.4377795457839966 0.8221271187067032
vt 0.4072747528553009 0.8374230414628983
vt 0.35083040595054626 0.7682764232158661
vt 0.4072747528553009 0.8374230414628983
vt 0.3174559473991394 0.7700571119785309
vt 0.3913327753543854 0.3736732602119446
vt 0.3728843629360199 0.44185471534729004
vt 0.42719489336013794 0.4798719882965088
vt 0.3913327753543854 0.3736732602119446
vt 0.42719489336013794 0.4798719882965088
vt 0.43904832005500793 0.3783727288246155
vt 0.3728843629360199 0.44185471534729004
vt 0.3913327753543854 0.3736732602119446
vt 0.2883022427558899 0.33560168743133545
vt 0.40659233927726746 0.3176425099372864
vt 0.31836339831352234 0.28306466341018677
vt 0.2883022427558899 0.33560168743133545
vt 0.40659233927726746 0.3176425099372864
vt 0.2883022427558899 0.33560168743133545
vt 0.3913327753543854 0.3736732602119446
vt 0.3214884102344513 0.34610438346862793
vt 0.2651468515396118 0.35279232263565063
vt 0.2602176368236542 0.3033745288848877
vt 0.3214884102344513 0.34610438346862793
vt 0.2602176368236542 0.3033745288848877
vt 0.3181939125061035 0.29942482709884644
vt 0.026119891554117203 0.38482338190078735
vt 0.03537886589765549 0.48145365715026855
vt 0.07065750658512115 0.5000283122062683
vt 0.3181939125061035 0.29942482709884644
vt 0.2602176368236542 0.3033745288848877
vt 0.27103468775749207 0.23859620094299316
vt 0.3181939125061035 0.29942482709884644
vt 0.27103468775749207 0.23859620094299316
vt 0.3397158086299896 0.22548800706863403
vt 0.3397158086299896 0.22548800706863403
vt 0.28160524368286133 0.21991729736328125
vt 0.1635170727968216 0.2584409713745117
vt 0.3397158086299896 0.22548800706863403
vt 0.1635170727968216 0.2584409713745117
vt 0.31747323274612427 0.2982712388038635
vt 0.40891551971435547 0.3981260061264038
vt 0.5155017971992493 0.36300116777420044
vt 0.6054037809371948 0.4135439395904541
vt 0.40891551971435547 0.3981260061264038
vt 0.6054037809371948 0.4135439395904541
vt 0.5194774270057678 0.47715532779693604
vt 0.3214884102344513 0.34610438346862793
vt 0.31747323274612427 0.2982712388038635
vt 0.1635170727968216 0.2584409713745117
vt 0.5699099898338318 0.6498197615146637
vt 0.5470008254051208 0.5834199488162994
vt 0.5700467824935913 0.5785315930843353
vt 0.5699099898338318 0.6498197615146637
vt 0.5700467824935913 0.5785315930843353
vt 0.5881832838058472 0.5864172577857971
vt 0.5566310286521912 0.5793072283267975
vt 0.6229838132858276 0.6236326396465302
vt 0.6278411746025085 0.6054750084877014
vt 0.5566310286521912 0.5793072283267975
vt 0.6278411746025085 0.6054750084877014
vt 0.5214170217514038 0.5749271214008331
vt 0.6192352175712585 0.6408340036869049
vt 0.5690118670463562 0.6533012390136719
vt 0.5881832838058472 0.5864172577857971
vt 0.6229838132858276 0.6236326396465302
vt 0.5566310286521912 0.5793072283267975
vt 0.6151056885719299 0.6844878494739532
vt 0.5271061658859253 0.5113054811954498
vt 0.5566310286521912 0.5793072283267975
vt 0.5214170217514038 0.5749271214008331
vt 0.5271061658859253 0.5113054811954498
vt 0.5214170217514038 0.5749271214008331
vt 0.4926775097846985 0.5180099010467529
vt 0.5566310286521912 0.5793072283267975
vt 0.5271061658859253 0.5113054811954498
vt 0.45896872878074646 0.5012247860431671
vt 0.5566310286521912 0.5793072283267975
vt 0.45896872878074646 0.5012247860431671
vt 0.4420453906059265 0.6078916490077972
vt 0.4420453906059265 0.6078916490077972
vt 0.5065889954566956 0.6780189871788025
vt 0.6151056885719299 0.6844878494739532
vt 0.4420453906059265 0.6078916490077972
vt 0.6151056885719299 0.6844878494739532
vt 0.5566310286521912 0.5793072283267975
vt 0.17392346262931824 0.5423160791397095
vt 0.1802082359790802 0.6261963248252869
vt 0.2921285629272461 0.6532808542251587
vt 0.17392346262931824 0.5423160791397095
vt 0.2921285629272461 0.6532808542251587
vt 0.28688690066337585 0.6168136894702911
vt 0.32645347714424133 0.34659135341644287
vt 0.4006732106208801 0.2764040231704712
vt 0.44082406163215637 0.32381343841552734
vt 0.32645347714424133 0.34659135341644287
vt 0.44082406163215637 0.32381343841552734
vt 0.3629875183105469 0.3600442409515381
vt 0.4006732106208801 0.2764040231704712
vt 0.32645347714424133 0.34659135341644287
vt 0.3140632212162018 0.3326016664505005
vt 0.10460684448480606 0.6299817562103271
vt 0.13092857599258423 0.5952216386795044
vt 0.196743905544281 0.6436172723770142
vt 0.10460684448480606 0.6299817562103271
vt 0.196743905544281 0.6436172723770142
vt 0.18822497129440308 0.6818984150886536
vt 0.4849955141544342 0.3604447841644287
vt 0.47886812686920166 0.3634606599807739
vt 0.49006134271621704 0.4043354392051697
vt 0.09476397931575775 0.5368939340114594
vt 0.0731281191110611 0.5681456923484802
vt 0.041307080537080765 0.4833623170852661
vt 0.09476397931575775 0.5368939340114594
vt 0.041307080537080765 0.4833623170852661
vt 0.06000693887472153 0.43977534770965576
vt 0.6382917761802673 0.8489231765270233
vt 0.6377435326576233 0.9247498065233231
vt 0.697294294834137 0.8959124088287354
vt 0.6382917761802673 0.8489231765270233
vt 0.697294294834137 0.8959124088287354
vt 0.6683308482170105 0.7773909568786621
vt 0.31668904423713684 0.08725893497467041
vt 0.21152763068675995 0.11742401123046875
vt 0.2583424150943756 0.09950858354568481
vt 0.31668904423713684 0.08725893497467041
vt 0.2583424150943756 0.09950858354568481
vt 0.3622283637523651 0.1002957820892334
vt 0.8016940951347351 0.7972343116998672
vt 0.7753191590309143 0.8130122870206833
vt 0.7442362308502197 0.7490698397159576
vt 0.4289166331291199 0.28944432735443115
vt 0.3472524881362915 0.2352294921875
vt 0.31836339831352234 0.28306466341018677
vt 0.4289166331291199 0.28944432735443115
vt 0.31836339831352234 0.28306466341018677
vt 0.40659233927726746 0.3176425099372864
vt 0.4438666105270386 0.1805625557899475
vt 0.5425046682357788 0.25561434030532837
vt 0.5876212120056152 0.24411439895629883
vt 0.4438666105270386 0.1805625557899475
vt 0.5876212120056152 0.24411439895629883
vt 0.5408101081848145 0.19294750690460205
vt 0.7413655519485474 0.6194204092025757
vt 0.734921395778656 0.6508390605449677
vt 0.8172779679298401 0.6125913858413696
vt 0.7413655519485474 0.6194204092025757
vt 0.8172779679298401 0.6125913858413696
vt 0.8370043039321899 0.5911644101142883
vt 0.4500701427459717 0.14566397666931152
vt 0.4438666105270386 0.1805625557899475
vt 0.5408101081848145 0.19294750690460205
vt 0.8062034845352173 0.6791181564331055
vt 0.8172779679298401 0.6125913858413696
vt 0.734921395778656 0.6508390605449677
vt 0.11952531337738037 0.33120274543762207
vt 0.12485672533512115 0.2694602608680725
vt 0.190268412232399 0.2519696354866028
vt 0.11952531337738037 0.33120274543762207
vt 0.190268412232399 0.2519696354866028
vt 0.18236719071865082 0.3163086175918579
vt 0.18236719071865082 0.3163086175918579
vt 0.18545980751514435 0.35435307025909424
vt 0.1248367503285408 0.37058693170547485
vt 0.18236719071865082 0.3163086175918579
vt 0.1248367503285408 0.37058693170547485
vt 0.11952531337738037 0.33120274543762207
vt 0.05730874091386795 0.3009988069534302
vt 0.10187069326639175 0.36311614513397217
vt 0.13946466147899628 0.30328118801116943
vt 0.05730874091386795 0.3009988069534302
vt 0.13946466147899628 0.30328118801116943
vt 0.09179003536701202 0.25651252269744873
vt 0.6315122246742249 0.25873762369155884
vt 0.5384495854377747 0.3328556418418884
vt 0.6012463569641113 0.3430851697921753
vt 0.14323927462100983 0.5007615387439728
vt 0.1784021407365799 0.4888365864753723
vt 0.17720970511436462 0.5563909709453583
vt 0.40521150827407837 0.09905707836151123
vt 0.31668904423713684 0.08725893497467041
vt 0.3622283637523651 0.1002957820892334
vt 0.40521150827407837 0.09905707836151123
vt 0.3622283637523651 0.1002957820892334
vt 0.4506560266017914 0.11313891410827637
vt 0.34383052587509155 0.4565902352333069
vt 0.3214884102344513 0.34610438346862793
vt 0.13119226694107056 0.32248997688293457
vt 0.34383052587509155 0.4565902352333069
vt 0.13119226694107056 0.32248997688293457
vt 0.11718273907899857 0.42466801404953003
vt 0.31668904423713684 0.08725893497467041
vt 0.40521150827407837 0.09905707836151123
vt 0.3282642364501953 0.10760557651519775
vt 0.2921586334705353 0.46410417556762695
vt 0.2651468515396118 0.35279232263565063
vt 0.3214884102344513 0.34610438346862793
vt 0.2921586334705353 0.46410417556762695
vt 0.3214884102344513 0.34610438346862793
vt 0.3442547917366028 0.4553055167198181
vt 0.106585793197155 0.480390727519989
vt 0.17348040640354156 0.579977422952652
vt 0.14386028051376343 0.6100339591503143
vt 0.106585793197155 0.480390727519989
vt 0.14386028051376343 0.6100339591503143
vt 0.07224645465612411 0.5008600652217865
vt 0.2088233381509781 0.5138163864612579
vt 0.17348040640354156 0.579977422952652
vt 0.106585793197155 0.480390727519989
vt 0.2088233381509781 0.5138163864612579
vt 0.106585793197155 0.480390727519989
vt 0.11718273907899857 0.42466801404953003
vt 0.6997363567352295 0.2958458662033081
vt 0.6642780303955078 0.23384201526641846
vt 0.6228606700897217 0.22275495529174805
vt 0.6997363567352295 0.2958458662033081
vt 0.6228606700897217 0.22275495529174805
vt 0.6704820990562439 0.27288317680358887
vt 0.7353025674819946 0.3592301607131958
vt 0.6827600002288818 0.26350098848342896
vt 0.6642780303955078 0.23384201526641846
vt 0.7353025674819946 0.3592301607131958
vt 0.6642780303955078 0.23384201526641846
vt 0.6997363567352295 0.2958458662033081
vt 0.6796079874038696 0.8878813609480858
vt 0.6011236310005188 0.8958165198564529
vt 0.5346327424049377 0.8156661987304688
vt 0.6796079874038696 0.8878813609480858
vt 0.5346327424049377 0.8156661987304688
vt 0.6892737746238708 0.8499436378479004
vt 0.39144593477249146 0.47102856636047363
vt 0.38801470398902893 0.5558798611164093
vt 0.3350992500782013 0.6567037105560303
vt 0.39144593477249146 0.47102856636047363
vt 0.3350992500782013 0.6567037105560303
vt 0.3250609040260315 0.5913169980049133
vt 0.8016940951347351 0.7972343116998672
vt 0.7442362308502197 0.7490698397159576
vt 0.8227790594100952 0.740494579076767
vt 0.8016940951347351 0.7972343116998672
vt 0.8227790594100952 0.740494579076767
vt 0.8190550208091736 0.7671804577112198
vt 0.40659233927726746 0.3176425099372864
vt 0.45858192443847656 0.31632333993911743
vt 0.46976369619369507 0.2895124554634094
vt 0.40659233927726746 0.3176425099372864
vt 0.46976369619369507 0.2895124554634094
vt 0.4289166331291199 0.28944432735443115
vt 0.5771818161010742 0.8472070842981339
vt 0.5065889954566956 0.6780189871788025
vt 0.4647102952003479 0.6947578489780426
vt 0.5771818161010742 0.8472070842981339
vt 0.4647102952003479 0.6947578489780426
vt 0.49296706914901733 0.8232357203960419
vt 0.6151056885719299 0.6844878494739532
vt 0.5065889954566956 0.6780189871788025
vt 0.5771818161010742 0.8472070842981339
vt 0.6151056885719299 0.6844878494739532
vt 0.5771818161010742 0.8472070842981339
vt 0.6382917761802673 0.8489231765270233
vt 0.5134293437004089 0.8964285999536514
vt 0.4072747528553009 0.8374230414628983
vt 0.4377795457839966 0.8221271187067032
vt 0.5134293437004089 0.8964285999536514
vt 0.4377795457839966 0.8221271187067032
vt 0.5541186332702637 0.8989700973033905
vt 0.49296706914901733 0.8232357203960419
vt 0.38561752438545227 0.7793573588132858
vt 0.4072747528553009 0.8374230414628983
vt 0.49296706914901733 0.8232357203960419
vt 0.4072747528553009 0.8374230414628983
vt 0.5134293437004089 0.8964285999536514
vt 0.13946466147899628 0.30328118801116943
vt 0.2883022427558899 0.33560168743133545
vt 0.31836339831352234 0.28306466341018677
vt 0.13946466147899628 0.30328118801116943
vt 0.31836339831352234 0.28306466341018677
vt 0.2138272076845169 0.19140350818634033
vt 0.859552800655365 0.6979728043079376
vt 0.8227790594100952 0.740494579076767
vt 0.8453530669212341 0.6261260807514191
vt 0.859552800655365 0.6979728043079376
vt 0.8453530669212341 0.6261260807514191
vt 0.8746264576911926 0.6229541003704071
vt 0.2919972538948059 0.5721470415592194
vt 0.3250609040260315 0.5913169980049133
vt 0.317678302526474 0.7273405194282532
vt 0.2919972538948059 0.5721470415592194
vt 0.317678302526474 0.7273405194282532
vt 0.2583608031272888 0.6601501703262329
vt 0.45858192443847656 0.31632333993911743
vt 0.40659233927726746 0.3176425099372864
vt 0.43904832005500793 0.3783727288246155
vt 0.45858192443847656 0.31632333993911743
vt 0.43904832005500793 0.3783727288246155
vt 0.47886812686920166 0.3634606599807739
vt 0.18822497129440308 0.6818984150886536
vt 0.22626462578773499 0.7229120433330536
vt 0.1457872837781906 0.672902524471283
vt 0.4693286716938019 0.4702463746070862
vt 0.47886812686920166 0.3634606599807739
vt 0.43904832005500793 0.3783727288246155
vt 0.4693286716938019 0.4702463746070862
vt 0.43904832005500793 0.3783727288246155
vt 0.42719489336013794 0.4798719882965088
vt 0.3174559473991394 0.7700571119785309
vt 0.2921285629272461 0.6532808542251587
vt 0.1802082359790802 0.6261963248252869
vt 0.3174559473991394 0.7700571119785309
vt 0.1802082359790802 0.6261963248252869
vt 0.22626462578773499 0.7229120433330536
vt 0.35083040595054626 0.7682764232158661
vt 0.18822497129440308 0.6818984150886536
vt 0.196743905544281 0.6436172723770142
vt 0.38561752438545227 0.7793573588132858
vt 0.3580719828605652 0.69390469789505
vt 0.2921285629272461 0.6532808542251587
vt 0.38561752438545227 0.7793573588132858
vt 0.2921285629272461 0.6532808542251587
vt 0.3174559473991394 0.7700571119785309
vt 0.9111068248748779 0.43650269508361816
vt 0.88320392370224 0.442288339138031
vt 0.8560817241668701 0.39613455533981323
vt 0.9111068248748779 0.43650269508361816
vt 0.8560817241668701 0.39613455533981323
vt 0.9000390768051147 0.3943834900856018
vt 0.26471251249313354 0.543710857629776
vt 0.2088233381509781 0.5138163864612579
vt 0.2738133370876312 0.39298826456069946
vt 0.06431865692138672 0.5811324119567871
vt 0.041307080537080765 0.4833623170852661
vt 0.0731281191110611 0.5681456923484802
vt 0.3397158086299896 0.22548800706863403
vt 0.27103468775749207 0.23859620094299316
vt 0.29992640018463135 0.14432275295257568
vt 0.5155017971992493 0.36300116777420044
vt 0.6202059388160706 0.37366729974746704
vt 0.6694496870040894 0.39343345165252686
vt 0.5155017971992493 0.36300116777420044
vt 0.6694496870040894 0.39343345165252686
vt 0.6054037809371948 0.4135439395904541
vt 0.3140632212162018 0.3326016664505005
vt 0.1635170727968216 0.2584409713745117
vt 0.28160524368286133 0.21991729736328125
vt 0.3140632212162018 0.3326016664505005
vt 0.28160524368286133 0.21991729736328125
vt 0.4006732106208801 0.2764040231704712
vt 0.1832597404718399 0.4891092777252197
vt 0.17392346262931824 0.5423160791397095
vt 0.3052184283733368 0.5569791197776794
vt 0.31972798705101013 0.3835318684577942
vt 0.44082406163215637 0.32381343841552734
vt 0.4006732106208801 0.2764040231704712
vt 0.13119226694107056 0.32248997688293457
vt 0.1635170727968216 0.2584409713745117
vt 0.3140632212162018 0.3326016664505005
vt 0.13119226694107056 0.32248997688293457
vt 0.3140632212162018 0.3326016664505005
vt 0.2738133370876312 0.39298826456069946
vt 0.4647102952003479 0.6947578489780426
vt 0.5065889954566956 0.6780189871788025
vt 0.2921285629272461 0.6532808542251587
vt 0.4647102952003479 0.6947578489780426
vt 0.2921285629272461 0.6532808542251587
vt 0.3580719828605652 0.69390469789505
vt 0.3865349292755127 0.5562228560447693
vt 0.28688690066337585 0.6168136894702911
vt 0.4420453906059265 0.6078916490077972
vt 0.3629875183105469 0.3600442409515381
vt 0.44082406163215637 0.32381343841552734
vt 0.5155017971992493 0.36300116777420044
vt 0.3629875183105469 0.3600442409515381
vt 0.5155017971992493 0.36300116777420044
vt 0.40891551971435547 0.3981260061264038
vt 0.07065750658512115 0.5000283122062683
vt 0.08151930570602417 0.6037617325782776
vt 0.1802082359790802 0.6261963248252869
vt 0.6278411746025085 0.6054750084877014
vt 0.709516167640686 0.621865838766098
vt 0.6404339075088501 0.6129900813102722
vt 0.39144593477249146 0.47102856636047363
vt 0.3412264585494995 0.4350079298019409
vt 0.32645347714424133 0.34659135341644287
vt 0.39144593477249146 0.47102856636047363
vt 0.32645347714424133 0.34659135341644287
vt 0.40891551971435547 0.3981260061264038
vt 0.2602176368236542 0.3033745288848877
vt 0.18236719071865082 0.3163086175918579
vt 0.190268412232399 0.2519696354866028
vt 0.2602176368236542 0.3033745288848877
vt 0.190268412232399 0.2519696354866028
vt 0.27103468775749207 0.23859620094299316
vt 0.4803099036216736 0.5094593167304993
vt 0.4926775097846985 0.5180099010467529
vt 0.5214170217514038 0.5749271214008331
vt 0.4803099036216736 0.5094593167304993
vt 0.5214170217514038 0.5749271214008331
vt 0.5562371611595154 0.5800794064998627
vt 0.2921586334705353 0.46410417556762695
vt 0.3544602394104004 0.4964982271194458
vt 0.17720970511436462 0.5563909709453583
vt 0.2921586334705353 0.46410417556762695
vt 0.17720970511436462 0.5563909709453583
vt 0.1784021407365799 0.4888365864753723
vt 0.2588130533695221 0.5925993323326111
vt 0.17720970511436462 0.5563909709453583
vt 0.3544602394104004 0.4964982271194458
vt 0.6228606700897217 0.22275495529174805
vt 0.4506560266017914 0.11313891410827637
vt 0.4500701427459717 0.14566397666931152
vt 0.6228606700897217 0.22275495529174805
vt 0.4500701427459717 0.14566397666931152
vt 0.5408101081848145 0.19294750690460205
vt 0.3042236566543579 0.11134332418441772
vt 0.3622283637523651 0.1002957820892334
vt 0.2583424150943756 0.09950858354568481
vt 0.7442362308502197 0.7490698397159576
vt 0.7753191590309143 0.8130122870206833
vt 0.7216773629188538 0.8300469815731049
vt 0.7783435583114624 0.23910051584243774
vt 0.6704820990562439 0.27288317680358887
vt 0.6500964164733887 0.24321162700653076
vt 0.8370043039321899 0.5911644101142883
vt 0.8172779679298401 0.6125913858413696
vt 0.8878567814826965 0.5568574965000153
vt 0.8370043039321899 0.5911644101142883
vt 0.8878567814826965 0.5568574965000153
vt 0.8846791386604309 0.5173824429512024
vt 0.5408101081848145 0.19294750690460205
vt 0.5876212120056152 0.24411439895629883
vt 0.6228606700897217 0.22275495529174805
vt 0.8453530669212341 0.6261260807514191
vt 0.7446593046188354 0.6278577744960785
vt 0.8402301669120789 0.561458021402359
vt 0.8666247725486755 0.5447068214416504
vt 0.8955783247947693 0.4895673990249634
vt 0.911442220211029 0.49581652879714966
vt 0.8666247725486755 0.5447068214416504
vt 0.911442220211029 0.49581652879714966
vt 0.9032674431800842 0.5173896253108978
vt 0.7760076522827148 0.8138227015733719
vt 0.7651507258415222 0.7774166315793991
vt 0.744549572467804 0.7931649386882782
vt 0.7760076522827148 0.8138227015733719
vt 0.744549572467804 0.7931649386882782
vt 0.7208195328712463 0.8308583796024323
vt 0.8811963796615601 0.46647918224334717
vt 0.8720400929450989 0.5083467364311218
vt 0.908856987953186 0.459317684173584
vt 0.6704820990562439 0.27288317680358887
vt 0.5876212120056152 0.24411439895629883
vt 0.5425046682357788 0.25561434030532837
vt 0.6704820990562439 0.27288317680358887
vt 0.5425046682357788 0.25561434030532837
vt 0.6500964164733887 0.24321162700653076
vt 0.7267898321151733 0.8178550899028778
vt 0.7243517637252808 0.7868000566959381
vt 0.6683308482170105 0.7773909568786621
vt 0.7267898321151733 0.8178550899028778
vt 0.6683308482170105 0.7773909568786621
vt 0.697294294834137 0.8959124088287354
vt 0.7267898321151733 0.8178550899028778
vt 0.697294294834137 0.8959124088287354
vt 0.7208195328712463 0.8308583796024323
vt 0.11885427683591843 0.421092689037323
vt 0.14310672879219055 0.4089852571487427
vt 0.1784021407365799 0.4888365864753723
vt 0.11885427683591843 0.421092689037323
vt 0.1784021407365799 0.4888365864753723
vt 0.14323927462100983 0.5007615387439728
vt 0.2588130533695221 0.5925993323326111
vt 0.196743905544281 0.6436172723770142
vt 0.13092857599258423 0.5952216386795044
vt 0.2588130533695221 0.5925993323326111
vt 0.13092857599258423 0.5952216386795044
vt 0.17720970511436462 0.5563909709453583
vt 0.17720970511436462 0.5563909709453583
vt 0.13092857599258423 0.5952216386795044
vt 0.09476397931575775 0.5368939340114594
vt 0.17720970511436462 0.5563909709453583
vt 0.09476397931575775 0.5368939340114594
vt 0.14323927462100983 0.5007615387439728
vt 0.21152763068675995 0.11742401123046875
vt 0.11894460022449493 0.1790485382080078
vt 0.1426886022090912 0.17734837532043457
vt 0.21152763068675995 0.11742401123046875
vt 0.1426886022090912 0.17734837532043457
vt 0.2583424150943756 0.09950858354568481
vt 0.2583424150943756 0.09950858354568481
vt 0.1426886022090912 0.17734837532043457
vt 0.2138272076845169 0.19140350818634033
vt 0.2583424150943756 0.09950858354568481
vt 0.2138272076845169 0.19140350818634033
vt 0.3042236566543579 0.11134332418441772
vt 0.7216773629188538 0.8300469815731049
vt 0.6607239842414856 0.8128586113452911
vt 0.6250542402267456 0.7330637872219086
vt 0.7216773629188538 0.8300469815731049
vt 0.6250542402267456 0.7330637872219086
vt 0.7442362308502197 0.7490698397159576
vt 0.5104343891143799 0.25637316703796387
vt 0.5534348487854004 0.25121843814849854
vt 0.6415693759918213 0.23558223247528076
vt 0.5104343891143799 0.25637316703796387
vt 0.6415693759918213 0.23558223247528076
vt 0.6500964164733887 0.24321162700653076
vt 0.4438666105270386 0.1805625557899475
vt 0.39854365587234497 0.17275333404541016
vt 0.3472524881362915 0.2352294921875
vt 0.4438666105270386 0.1805625557899475
vt 0.3472524881362915 0.2352294921875
vt 0.4289166331291199 0.28944432735443115
vt 0.734921395778656 0.6508390605449677
vt 0.7413655519485474 0.6194204092025757
vt 0.6278411746025085 0.6054750084877014
vt 0.734921395778656 0.6508390605449677
vt 0.6278411746025085 0.6054750084877014
vt 0.6229838132858276 0.6236326396465302
vt 0.7446593046188354 0.6278577744960785
vt 0.645139217376709 0.5790880024433136
vt 0.8402301669120789 0.561458021402359
vt 0.35083040595054626 0.7682764232158661
vt 0.196743905544281 0.6436172723770142
vt 0.37115633487701416 0.6595006585121155
vt 0.11952531337738037 0.33120274543762207
vt 0.1248367503285408 0.37058693170547485
vt 0.06000693887472153 0.43977534770965576
vt 0.11952531337738037 0.33120274543762207
vt 0.06000693887472153 0.43977534770965576
vt 0.04660262167453766 0.34285807609558105
vt 0.14323927462100983 0.5007615387439728
vt 0.09476397931575775 0.5368939340114594
vt 0.06000693887472153 0.43977534770965576
vt 0.14323927462100983 0.5007615387439728
vt 0.06000693887472153 0.43977534770965576
vt 0.11885427683591843 0.421092689037323
vt 0.6927403807640076 0.3090555667877197
vt 0.7589515447616577 0.31272953748703003
vt 0.7285274267196655 0.22817546129226685
vt 0.6278411746025085 0.6054750084877014
vt 0.7380857467651367 0.6219590902328491
vt 0.7450746893882751 0.6361003220081329
vt 0.39854365587234497 0.17275333404541016
vt 0.3042236566543579 0.11134332418441772
vt 0.2138272076845169 0.19140350818634033
vt 0.39854365587234497 0.17275333404541016
vt 0.2138272076845169 0.19140350818634033
vt 0.3472524881362915 0.2352294921875
vt 0.196743905544281 0.6436172723770142
vt 0.2588130533695221 0.5925993323326111
vt 0.37115633487701416 0.6595006585121155
vt 0.16503755748271942 0.144492506980896
vt 0.24270296096801758 0.1226348876953125
vt 0.21696752309799194 0.15788203477859497
vt 0.16503755748271942 0.144492506980896
vt 0.21696752309799194 0.15788203477859497
vt 0.15937915444374084 0.17185598611831665
vt 0.11894460022449493 0.1790485382080078
vt 0.21152763068675995 0.11742401123046875
vt 0.16503755748271942 0.144492506980896
vt 0.3052184283733368 0.5569791197776794
vt 0.38677844405174255 0.4932668209075928
vt 0.21772821247577667 0.43305277824401855
vt 0.3052184283733368 0.5569791197776794
vt 0.21772821247577667 0.43305277824401855
vt 0.1832597404718399 0.4891092777252197
vt 0.15937915444374084 0.17185598611831665
vt 0.12394373118877411 0.1928982138633728
vt 0.16503755748271942 0.144492506980896
vt 0.6770482063293457 0.3215240240097046
vt 0.5901153683662415 0.2678423523902893
vt 0.5812072157859802 0.21344703435897827
vt 0.4848085343837738 0.44426798820495605
vt 0.4693286716938019 0.4702463746070862
vt 0.45896872878074646 0.5012247860431671
vt 0.4848085343837738 0.44426798820495605
vt 0.45896872878074646 0.5012247860431671
vt 0.49029695987701416 0.47676748037338257
vt 0.7355661988258362 0.3624002933502197
vt 0.7874754667282104 0.40579158067703247
vt 0.6694496870040894 0.39343345165252686
vt 0.7355661988258362 0.3624002933502197
vt 0.6694496870040894 0.39343345165252686
vt 0.677288293838501 0.3731476068496704
vt 0.029223013669252396 0.3258751630783081
vt 0.026119891554117203 0.38482338190078735
vt 0.05730874091386795 0.3009988069534302
vt 0.029223013669252396 0.3258751630783081
vt 0.05730874091386795 0.3009988069534302
vt 0.0787268579006195 0.22205805778503418
vt 0.37957707047462463 0.14872992038726807
vt 0.29992640018463135 0.14432275295257568
vt 0.3282642364501953 0.10760557651519775
vt 0.40521150827407837 0.09905707836151123
vt 0.4904029965400696 0.1402645707130432
vt 0.46562665700912476 0.1640465259552002
vt 0.40521150827407837 0.09905707836151123
vt 0.46562665700912476 0.1640465259552002
vt 0.34796690940856934 0.13429170846939087
vt 0.8708881139755249 0.32142943143844604
vt 0.8070511817932129 0.35480791330337524
vt 0.7740347981452942 0.3351919651031494
vt 0.8708881139755249 0.32142943143844604
vt 0.7740347981452942 0.3351919651031494
vt 0.8450415134429932 0.2817000150680542
vt 0.6704820990562439 0.27288317680358887
vt 0.7783435583114624 0.23910051584243774
vt 0.805325984954834 0.2568123936653137
vt 0.6704820990562439 0.27288317680358887
vt 0.805325984954834 0.2568123936653137
vt 0.6997363567352295 0.2958458662033081
vt 0.49006134271621704 0.4043354392051697
vt 0.4693286716938019 0.4702463746070862
vt 0.4848085343837738 0.44426798820495605
vt 0.3728843629360199 0.44185471534729004
vt 0.38677844405174255 0.4932668209075928
vt 0.42719489336013794 0.4798719882965088
vt 0.21152763068675995 0.11742401123046875
vt 0.31668904423713684 0.08725893497467041
vt 0.24270296096801758 0.1226348876953125
vt 0.21152763068675995 0.11742401123046875
vt 0.24270296096801758 0.1226348876953125
vt 0.16503755748271942 0.144492506980896
vt 0.12394373118877411 0.1928982138633728
vt 0.05847138911485672 0.26559770107269287
vt 0.11894460022449493 0.1790485382080078
vt 0.12394373118877411 0.1928982138633728
vt 0.11894460022449493 0.1790485382080078
vt 0.16503755748271942 0.144492506980896
vt 0.08817990124225616 0.4159860610961914
vt 0.1832597404718399 0.4891092777252197
vt 0.21772821247577667 0.43305277824401855
vt 0.08817990124225616 0.4159860610961914
vt 0.21772821247577667 0.43305277824401855
vt 0.10187069326639175 0.36311614513397217
vt 0.0787268579006195 0.22205805778503418
vt 0.11894460022449493 0.1790485382080078
vt 0.05847138911485672 0.26559770107269287
vt 0.7355661988258362 0.3624002933502197
vt 0.677288293838501 0.3731476068496704
vt 0.6770482063293457 0.3215240240097046
vt 0.7355661988258362 0.3624002933502197
vt 0.6770482063293457 0.3215240240097046
vt 0.6827600002288818 0.26350098848342896
vt 0.46562665700912476 0.1640465259552002
vt 0.5812072157859802 0.21344703435897827
vt 0.5188063383102417 0.21978628635406494
vt 0.29992640018463135 0.14432275295257568
vt 0.21696752309799194 0.15788203477859497
vt 0.24270296096801758 0.1226348876953125
vt 0.29992640018463135 0.14432275295257568
vt 0.24270296096801758 0.1226348876953125
vt 0.3282642364501953 0.10760557651519775
vt 0.8928499817848206 0.38385099172592163
vt 0.8460599780082703 0.2987281084060669
vt 0.8631012439727783 0.33346349000930786
vt 0.8806502819061279 0.6255379915237427
vt 0.8878567814826965 0.5568574965000153
vt 0.8172779679298401 0.6125913858413696
vt 0.8806502819061279 0.6255379915237427
vt 0.8172779679298401 0.6125913858413696
vt 0.8062034845352173 0.6791181564331055
vt 0.45896872878074646 0.5012247860431671
vt 0.4693286716938019 0.4702463746070862
vt 0.42719489336013794 0.4798719882965088
vt 0.06000693887472153 0.43977534770965576
vt 0.1248367503285408 0.37058693170547485
vt 0.11885427683591843 0.421092689037323
vt 0.2651468515396118 0.35279232263565063
vt 0.18545980751514435 0.35435307025909424
vt 0.18236719071865082 0.3163086175918579
vt 0.2651468515396118 0.35279232263565063
vt 0.18236719071865082 0.3163086175918579
vt 0.2602176368236542 0.3033745288848877
vt 0.5065889954566956 0.6780189871788025
vt 0.4420453906059265 0.6078916490077972
vt 0.28688690066337585 0.6168136894702911
vt 0.5065889954566956 0.6780189871788025
vt 0.28688690066337585 0.6168136894702911
vt 0.2921285629272461 0.6532808542251587
vt 0.06000693887472153 0.43977534770965576
vt 0.041307080537080765 0.4833623170852661
vt 0.023129016160964966 0.39092814922332764
vt 0.06000693887472153 0.43977534770965576
vt 0.023129016160964966 0.39092814922332764
vt 0.04660262167453766 0.34285807609558105
vt 0.1248367503285408 0.37058693170547485
vt 0.18545980751514435 0.35435307025909424
vt 0.19148339331150055 0.3939724564552307
vt 0.1248367503285408 0.37058693170547485
vt 0.19148339331150055 0.3939724564552307
vt 0.14310672879219055 0.4089852571487427
vt 0.26471251249313354 0.543710857629776
vt 0.2738133370876312 0.39298826456069946
vt 0.3140632212162018 0.3326016664505005
vt 0.26471251249313354 0.543710857629776
vt 0.3140632212162018 0.3326016664505005
vt 0.32645347714424133 0.34659135341644287
vt 0.38801470398902893 0.5558798611164093
vt 0.39144593477249146 0.47102856636047363
vt 0.40891551971435547 0.3981260061264038
vt 0.38801470398902893 0.5558798611164093
vt 0.40891551971435547 0.3981260061264038
vt 0.5194774270057678 0.47715532779693604
vt 0.3412264585494995 0.4350079298019409
vt 0.26471251249313354 0.543710857629776
vt 0.32645347714424133 0.34659135341644287
vt 0.03537886589765549 0.48145365715026855
vt 0.06431865692138672 0.5811324119567871
vt 0.08151930570602417 0.6037617325782776
vt 0.03537886589765549 0.48145365715026855
vt 0.08151930570602417 0.6037617325782776
vt 0.07065750658512115 0.5000283122062683
vt 0.6290403604507446 0.7427402436733246
vt 0.530616283416748 0.7070917189121246
vt 0.5690118670463562 0.6533012390136719
vt 0.6202059388160706 0.37366729974746704
vt 0.5155017971992493 0.36300116777420044
vt 0.44082406163215637 0.32381343841552734
vt 0.6202059388160706 0.37366729974746704
vt 0.44082406163215637 0.32381343841552734
vt 0.31972798705101013 0.3835318684577942
vt 0.041307080537080765 0.4833623170852661
vt 0.06431865692138672 0.5811324119567871
vt 0.03537886589765549 0.48145365715026855
vt 0.190268412232399 0.2519696354866028
vt 0.29992640018463135 0.14432275295257568
vt 0.27103468775749207 0.23859620094299316
vt 0.08817990124225616 0.4159860610961914
vt 0.07065750658512115 0.5000283122062683
vt 0.17392346262931824 0.5423160791397095
vt 0.08817990124225616 0.4159860610961914
vt 0.17392346262931824 0.5423160791397095
vt 0.1832597404718399 0.4891092777252197
vt 0.28160524368286133 0.21991729736328125
vt 0.4133376181125641 0.22662222385406494
vt 0.4006732106208801 0.2764040231704712
vt 0.04660262167453766 0.34285807609558105
vt 0.023129016160964966 0.39092814922332764
vt 0.029223013669252396 0.3258751630783081
vt 0.04660262167453766 0.34285807609558105
vt 0.029223013669252396 0.3258751630783081
vt 0.05847138911485672 0.26559770107269287
vt 0.7108365297317505 0.4813498258590698
vt 0.6850979924201965 0.4785323143005371
vt 0.6947904229164124 0.5594761967658997
vt 0.07065750658512115 0.5000283122062683
vt 0.08817990124225616 0.4159860610961914
vt 0.026119891554117203 0.38482338190078735
vt 0.12394373118877411 0.1928982138633728
vt 0.12485672533512115 0.2694602608680725
vt 0.04660262167453766 0.34285807609558105
vt 0.12394373118877411 0.1928982138633728
vt 0.04660262167453766 0.34285807609558105
vt 0.05847138911485672 0.26559770107269287
vt 0.15937915444374084 0.17185598611831665
vt 0.21696752309799194 0.15788203477859497
vt 0.190268412232399 0.2519696354866028
vt 0.15937915444374084 0.17185598611831665
vt 0.190268412232399 0.2519696354866028
vt 0.12485672533512115 0.2694602608680725
vt 0.34796690940856934 0.13429170846939087
vt 0.42571550607681274 0.15198034048080444
vt 0.27477696537971497 0.21814996004104614
vt 0.34796690940856934 0.13429170846939087
vt 0.27477696537971497 0.21814996004104614
vt 0.329221248626709 0.21627110242843628
vt 0.8706289529800415 0.4070900082588196
vt 0.8811963796615601 0.46647918224334717
vt 0.9029682874679565 0.4141005873680115
vt 0.5050578713417053 0.5036591589450836
vt 0.5662201046943665 0.4986521005630493
vt 0.573136568069458 0.4533426761627197
vt 0.9109572172164917 0.38366132974624634
vt 0.9064173698425293 0.39041900634765625
vt 0.9022786617279053 0.3456265330314636
vt 0.49029695987701416 0.47676748037338257
vt 0.45896872878074646 0.5012247860431671
vt 0.5186836123466492 0.4851991534233093
vt 0.8708881139755249 0.32142943143844604
vt 0.9000390768051147 0.3943834900856018
vt 0.8560817241668701 0.39613455533981323
vt 0.4849955141544342 0.3604447841644287
vt 0.4643899202346802 0.3027248978614807
vt 0.463702529668808 0.3095530867576599
vt 0.4849955141544342 0.3604447841644287
vt 0.463702529668808 0.3095530867576599
vt 0.47886812686920166 0.3634606599807739
vt 0.7910263538360596 0.4714999198913574
vt 0.8811963796615601 0.46647918224334717
vt 0.8706289529800415 0.4070900082588196
vt 0.8837910890579224 0.25256121158599854
vt 0.8518182039260864 0.22931510210037231
vt 0.8881154656410217 0.19598597288131714
vt 0.515664279460907 0.36138439178466797
vt 0.4849955141544342 0.3604447841644287
vt 0.4917945861816406 0.3970978260040283
vt 0.515664279460907 0.36138439178466797
vt 0.4917945861816406 0.3970978260040283
vt 0.5584304928779602 0.3741646409034729
vt 0.8518182039260864 0.22931510210037231
vt 0.805325984954834 0.2568123936653137
vt 0.7783435583114624 0.23910051584243774
vt 0.8518182039260864 0.22931510210037231
vt 0.7783435583114624 0.23910051584243774
vt 0.8330274820327759 0.21735787391662598
vt 0.4917945861816406 0.3970978260040283
vt 0.4799017012119293 0.43716686964035034
vt 0.5754674077033997 0.3910596966743469
vt 0.4917945861816406 0.3970978260040283
vt 0.5754674077033997 0.3910596966743469
vt 0.5584304928779602 0.3741646409034729
vt 0.9226368069648743 0.21937626600265503
vt 0.8842899203300476 0.2764018774032593
vt 0.9111778140068054 0.23368418216705322
vt 0.9006595611572266 0.36002975702285767
vt 0.9109572172164917 0.38366132974624634
vt 0.8995151519775391 0.3323380947113037
vt 0.9029682874679565 0.4141005873680115
vt 0.9109572172164917 0.38366132974624634
vt 0.9006595611572266 0.36002975702285767
vt 0.4714404344558716 0.4655064344406128
vt 0.4803099036216736 0.5094593167304993
vt 0.5050578713417053 0.5036591589450836
vt 0.5662201046943665 0.4986521005630493
vt 0.6850979924201965 0.4785323143005371
vt 0.573136568069458 0.4533426761627197
vt 0.8706289529800415 0.4070900082588196
vt 0.9029682874679565 0.4141005873680115
vt 0.8928499817848206 0.38385099172592163
vt 0.7396664619445801 0.45026493072509766
vt 0.7108365297317505 0.4813498258590698
vt 0.7393480539321899 0.5591087937355042
vt 0.9000390768051147 0.3943834900856018
vt 0.9064173698425293 0.39041900634765625
vt 0.9111068248748779 0.43650269508361816
vt 0.5754674077033997 0.3910596966743469
vt 0.6012463569641113 0.3430851697921753
vt 0.5584304928779602 0.3741646409034729
vt 0.573136568069458 0.4533426761627197
vt 0.6430993676185608 0.39380931854248047
vt 0.5754674077033997 0.3910596966743469
vt 0.573136568069458 0.4533426761627197
vt 0.6850979924201965 0.4785323143005371
vt 0.6430993676185608 0.39380931854248047
vt 0.4799017012119293 0.43716686964035034
vt 0.5050578713417053 0.5036591589450836
vt 0.573136568069458 0.4533426761627197
vt 0.4799017012119293 0.43716686964035034
vt 0.573136568069458 0.4533426761627197
vt 0.5754674077033997 0.3910596966743469
vt 0.8708881139755249 0.32142943143844604
vt 0.8972824215888977 0.2744285464286804
vt 0.9022786617279053 0.3456265330314636
vt 0.5050578713417053 0.5036591589450836
vt 0.4799017012119293 0.43716686964035034
vt 0.4714404344558716 0.4655064344406128
vt 0.4714404344558716 0.4655064344406128
vt 0.4917945861816406 0.3970978260040283
vt 0.49006134271621704 0.4043354392051697
vt 0.4714404344558716 0.4655064344406128
vt 0.49006134271621704 0.4043354392051697
vt 0.4848085343837738 0.44426798820495605
vt 0.4917945861816406 0.3970978260040283
vt 0.4714404344558716 0.4655064344406128
vt 0.4799017012119293 0.43716686964035034
vt 0.9064173698425293 0.39041900634765625
vt 0.9000390768051147 0.3943834900856018
vt 0.8708881139755249 0.32142943143844604
vt 0.9064173698425293 0.39041900634765625
vt 0.8708881139755249 0.32142943143844604
vt 0.9022786617279053 0.3456265330314636
vt 0.7188149094581604 0.36645686626434326
vt 0.8140367865562439 0.35392510890960693
vt 0.7589515447616577 0.31272953748703003
vt 0.47337210178375244 0.49143683910369873
vt 0.4714404344558716 0.4655064344406128
vt 0.4848085343837738 0.44426798820495605
vt 0.47337210178375244 0.49143683910369873
vt 0.4848085343837738 0.44426798820495605
vt 0.49029695987701416 0.47676748037338257
vt 0.9006595611572266 0.36002975702285767
vt 0.8928499817848206 0.38385099172592163
vt 0.9029682874679565 0.4141005873680115
vt 0.7675888538360596 0.3967975378036499
vt 0.8706289529800415 0.4070900082588196
vt 0.8140367865562439 0.35392510890960693
vt 0.7910263538360596 0.4714999198913574
vt 0.8706289529800415 0.4070900082588196
vt 0.7675888538360596 0.3967975378036499
vt 0.7396664619445801 0.45026493072509766
vt 0.6430993676185608 0.39380931854248047
vt 0.7108365297317505 0.4813498258590698
vt 0.8972824215888977 0.2744285464286804
vt 0.8842899203300476 0.2764018774032593
vt 0.8995151519775391 0.3323380947113037
vt 0.8972824215888977 0.2744285464286804
vt 0.8995151519775391 0.3323380947113037
vt 0.9022786617279053 0.3456265330314636
vt 0.8460599780082703 0.2987281084060669
vt 0.9006595611572266 0.36002975702285767
vt 0.8995151519775391 0.3323380947113037
vt 0.7872852683067322 0.5515179634094238
vt 0.7910263538360596 0.4714999198913574
vt 0.7596955299377441 0.46789491176605225
vt 0.7872852683067322 0.5515179634094238
vt 0.7596955299377441 0.46789491176605225
vt 0.7393480539321899 0.5591087937355042
vt 0.8706289529800415 0.4070900082588196
vt 0.8928499817848206 0.38385099172592163
vt 0.8140367865562439 0.35392510890960693
vt 0.7396664619445801 0.45026493072509766
vt 0.7675888538360596 0.3967975378036499
vt 0.7188149094581604 0.36645686626434326
vt 0.6415693759918213 0.23558223247528076
vt 0.5534348487854004 0.25121843814849854
vt 0.6009730696678162 0.24685752391815186
vt 0.6415693759918213 0.23558223247528076
vt 0.6009730696678162 0.24685752391815186
vt 0.682708740234375 0.22079581022262573
vt 0.709516167640686 0.621865838766098
vt 0.781345546245575 0.616967111825943
vt 0.7311111092567444 0.6319628655910492
vt 0.709516167640686 0.621865838766098
vt 0.7311111092567444 0.6319628655910492
vt 0.6953965425491333 0.6258511245250702
vt 0.709516167640686 0.621865838766098
vt 0.6278411746025085 0.6054750084877014
vt 0.7450746893882751 0.6361003220081329
vt 0.8089953660964966 0.6001268625259399
vt 0.741213858127594 0.618751049041748
vt 0.8370043039321899 0.5911644101142883
vt 0.8089953660964966 0.6001268625259399
vt 0.8370043039321899 0.5911644101142883
vt 0.8666247725486755 0.5447068214416504
vt 0.7311111092567444 0.6319628655910492
vt 0.781345546245575 0.616967111825943
vt 0.7393480539321899 0.5591087937355042
vt 0.6927403807640076 0.3090555667877197
vt 0.7285274267196655 0.22817546129226685
vt 0.6315122246742249 0.25873762369155884
vt 0.7285274267196655 0.22817546129226685
vt 0.7581560611724854 0.21481382846832275
vt 0.682708740234375 0.22079581022262573
vt 0.5214170217514038 0.5749271214008331
vt 0.6278411746025085 0.6054750084877014
vt 0.6404339075088501 0.6129900813102722
vt 0.5214170217514038 0.5749271214008331
vt 0.6404339075088501 0.6129900813102722
vt 0.5562371611595154 0.5800794064998627
vt 0.9089668393135071 0.42694705724716187
vt 0.9154088497161865 0.4656151533126831
vt 0.911442220211029 0.49581652879714966
vt 0.9154088497161865 0.4656151533126831
vt 0.908856987953186 0.459317684173584
vt 0.9032674431800842 0.5173896253108978
vt 0.9048312306404114 0.45673471689224243
vt 0.8846791386604309 0.5173824429512024
vt 0.9111068248748779 0.43650269508361816
vt 0.6345914602279663 0.5213074088096619
vt 0.6850979924201965 0.4785323143005371
vt 0.5662201046943665 0.4986521005630493
vt 0.6345914602279663 0.5213074088096619
vt 0.5662201046943665 0.4986521005630493
vt 0.581045389175415 0.5459387302398682
vt 0.781345546245575 0.616967111825943
vt 0.7450746893882751 0.6361003220081329
vt 0.8525000214576721 0.5644686222076416
vt 0.8089953660964966 0.6001268625259399
vt 0.8525000214576721 0.5644686222076416
vt 0.7450746893882751 0.6361003220081329
vt 0.6953965425491333 0.6258511245250702
vt 0.6404339075088501 0.6129900813102722
vt 0.709516167640686 0.621865838766098
vt 0.6725355386734009 0.6352047026157379
vt 0.6404339075088501 0.6129900813102722
vt 0.6953965425491333 0.6258511245250702
vt 0.6345914602279663 0.5213074088096619
vt 0.6947904229164124 0.5594761967658997
vt 0.6850979924201965 0.4785323143005371
vt 0.581045389175415 0.5459387302398682
vt 0.5662201046943665 0.4986521005630493
vt 0.5050578713417053 0.5036591589450836
vt 0.581045389175415 0.5459387302398682
vt 0.5050578713417053 0.5036591589450836
vt 0.5179494619369507 0.5368236303329468
vt 0.7807921171188354 0.26576316356658936
vt 0.7285274267196655 0.22817546129226685
vt 0.7589515447616577 0.31272953748703003
vt 0.7807921171188354 0.26576316356658936
vt 0.7589515447616577 0.31272953748703003
vt 0.8140367865562439 0.35392510890960693
vt 0.9089668393135071 0.42694705724716187
vt 0.9064173698425293 0.39041900634765625
vt 0.9109572172164917 0.38366132974624634
vt 0.9029682874679565 0.4141005873680115
vt 0.9089668393135071 0.42694705724716187
vt 0.9109572172164917 0.38366132974624634
vt 0.5271061658859253 0.5113054811954498
vt 0.4926775097846985 0.5180099010467529
vt 0.49029695987701416 0.47676748037338257
vt 0.5271061658859253 0.5113054811954498
vt 0.49029695987701416 0.47676748037338257
vt 0.5186836123466492 0.4851991534233093
vt 0.781345546245575 0.616967111825943
vt 0.8525000214576721 0.5644686222076416
vt 0.7872852683067322 0.5515179634094238
vt 0.5965256690979004 0.5985359847545624
vt 0.5562371611595154 0.5800794064998627
vt 0.6404339075088501 0.6129900813102722
vt 0.5965256690979004 0.5985359847545624
vt 0.6404339075088501 0.6129900813102722
vt 0.6725355386734009 0.6352047026157379
vt 0.8720400929450989 0.5083467364311218
vt 0.8525000214576721 0.5644686222076416
vt 0.9032674431800842 0.5173896253108978
vt 0.9032674431800842 0.5173896253108978
vt 0.8525000214576721 0.5644686222076416
vt 0.8666247725486755 0.5447068214416504
vt 0.7393480539321899 0.5591087937355042
vt 0.6725355386734009 0.6352047026157379
vt 0.7311111092567444 0.6319628655910492
vt 0.8460599780082703 0.2987281084060669
vt 0.8012970089912415 0.22676044702529907
vt 0.7807921171188354 0.26576316356658936
vt 0.8012970089912415 0.22676044702529907
vt 0.7285274267196655 0.22817546129226685
vt 0.7807921171188354 0.26576316356658936
vt 0.7188149094581604 0.36645686626434326
vt 0.6012463569641113 0.3430851697921753
vt 0.6430993676185608 0.39380931854248047
vt 0.6927403807640076 0.3090555667877197
vt 0.6315122246742249 0.25873762369155884
vt 0.6012463569641113 0.3430851697921753
vt 0.8089953660964966 0.6001268625259399
vt 0.7450746893882751 0.6361003220081329
vt 0.7380857467651367 0.6219590902328491
vt 0.5025695562362671 0.5583554804325104
vt 0.4803099036216736 0.5094593167304993
vt 0.5562371611595154 0.5800794064998627
vt 0.5025695562362671 0.5583554804325104
vt 0.5562371611595154 0.5800794064998627
vt 0.5965256690979004 0.5985359847545624
vt 0.7646236419677734 0.7268309593200684
vt 0.8137871623039246 0.705124706029892
vt 0.8062034845352173 0.6791181564331055
vt 0.7646236419677734 0.7268309593200684
vt 0.8062034845352173 0.6791181564331055
vt 0.7321067452430725 0.7315402626991272
vt 0.9111068248748779 0.43650269508361816
vt 0.9089668393135071 0.42694705724716187
vt 0.9048312306404114 0.45673471689224243
vt 0.911442220211029 0.49581652879714966
vt 0.9048312306404114 0.45673471689224243
vt 0.9089668393135071 0.42694705724716187
vt 0.8837910890579224 0.25256121158599854
vt 0.8450415134429932 0.2817000150680542
vt 0.8518182039260864 0.22931510210037231
vt 0.7910263538360596 0.4714999198913574
vt 0.7872852683067322 0.5515179634094238
vt 0.8811963796615601 0.46647918224334717
vt 0.8666247725486755 0.5447068214416504
vt 0.8370043039321899 0.5911644101142883
vt 0.8955783247947693 0.4895673990249634
vt 0.8330274820327759 0.21735787391662598
vt 0.6500964164733887 0.24321162700653076
vt 0.7421339750289917 0.21689683198928833
vt 0.47337210178375244 0.49143683910369873
vt 0.4926775097846985 0.5180099010467529
vt 0.4803099036216736 0.5094593167304993
vt 0.7646236419677734 0.7268309593200684
vt 0.7239219546318054 0.7703369408845901
vt 0.7243517637252808 0.7868000566959381
vt 0.7646236419677734 0.7268309593200684
vt 0.7243517637252808 0.7868000566959381
vt 0.7651507258415222 0.7774166315793991
vt 0.8137871623039246 0.705124706029892
vt 0.7646236419677734 0.7268309593200684
vt 0.7651507258415222 0.7774166315793991
vt 0.8506924510002136 0.7256111800670624
vt 0.8062034845352173 0.6791181564331055
vt 0.8137871623039246 0.705124706029892
vt 0.6892737746238708 0.8499436378479004
vt 0.5346327424049377 0.8156661987304688
vt 0.530616283416748 0.7070917189121246
vt 0.6892737746238708 0.8499436378479004
vt 0.530616283416748 0.7070917189121246
vt 0.6290403604507446 0.7427402436733246
vt 0.7243517637252808 0.7868000566959381
vt 0.744549572467804 0.7931649386882782
vt 0.7651507258415222 0.7774166315793991
vt 0.7243517637252808 0.7868000566959381
vt 0.7267898321151733 0.8178550899028778
vt 0.744549572467804 0.7931649386882782
vt 0.80495685338974 0.7562228143215179
vt 0.7651507258415222 0.7774166315793991
vt 0.8008967638015747 0.7971851080656052
vt 0.80495685338974 0.7562228143215179
vt 0.8506924510002136 0.7256111800670624
vt 0.8137871623039246 0.705124706029892
vt 0.8008967638015747 0.7971851080656052
vt 0.8194003701210022 0.7669305056333542
vt 0.80495685338974 0.7562228143215179
vt 0.2686515152454376 0.5838626325130463
vt 0.21939896047115326 0.3569873571395874
vt 0.022946864366531372 0.46025365591049194
vt 0.2686515152454376 0.5838626325130463
vt 0.022946864366531372 0.46025365591049194
vt 0.0743483453989029 0.7543209940195084
vt 0.34313324093818665 0.9117530882358551
vt 0.2686515152454376 0.5838626325130463
vt 0.0743483453989029 0.7543209940195084
vt 0.34313324093818665 0.9117530882358551
vt 0.0743483453989029 0.7543209940195084
vt 0.12574982643127441 1.0483883321285248
vt 0.5097354054450989 0.5719928741455078
vt 0.46295469999313354 0.41340428590774536
vt 0.2686515152454376 0.5838626325130463
vt 0.5097354054450989 0.5719928741455078
vt 0.2686515152454376 0.5838626325130463
vt 0.34313324093818665 0.9117530882358551
vt 0.46295469999313354 0.41340428590774536
vt 0.41585105657577515 0.25372105836868286
vt 0.21939896047115326 0.3569873571395874
vt 0.46295469999313354 0.41340428590774536
vt 0.21939896047115326 0.3569873571395874
vt 0.2686515152454376 0.5838626325130463
vt 0.31686943769454956 0.5637220144271851
vt 0.0690721720457077 0.7776423543691635
vt 0.10210254788398743 0.36634719371795654
vt 0.31686943769454956 0.5637220144271851
vt 0.10210254788398743 0.36634719371795654
vt 0.291094571352005 0.3255934715270996
vt 0.34472766518592834 0.8367840200662613
vt 0.13834860920906067 0.9775077924132347
vt 0.0690721720457077 0.7776423543691635
vt 0.34472766518592834 0.8367840200662613
vt 0.0690721720457077 0.7776423543691635
vt 0.31686943769454956 0.5637220144271851
vt 0.5125184059143066 0.6530308723449707
vt 0.34472766518592834 0.8367840200662613
vt 0.31686943769454956 0.5637220144271851
vt 0.5125184059143066 0.6530308723449707
vt 0.31686943769454956 0.5637220144271851
vt 0.4875021278858185 0.4975152015686035
vt 0.31686943769454956 0.5637220144271851
vt 0.291094571352005 0.3255934715270996
vt 0.46231308579444885 0.3409261107444763
vt 0.4875021278858185 0.4975152015686035
vt 0.31686943769454956 0.5637220144271851
vt 0.46231308579444885 0.3409261107444763
vn -0.050080133181932614 -0.24977046386149943 0.9670091497203588
vn -0.2434000044889229 -0.27266669285548867 0.9308111045867701
vn -0.02573443774518522 -0.6528002574890769 0.7570928361410733
vn -0.26310055068390914 0.9329232073354073 -0.2458300011081644
vn -0.35607254203853705 0.7593001783157479 -0.5446793405444047
vn -0.564809729709777 0.7542694483501428 -0.3347649451641259
vn -0.26284384125688914 -0.8694875900777007 -0.41821578857594
vn -0.06596350379192291 -0.981563105726278 -0.17939533339659744
vn -0.13912192691253694 -0.9813070853493627 -0.13297177781499891
vn 0.9187975536802825 0.207624681599942 0.33571274468159706
vn 0.9735808604903761 0.11325007273828484 0.19827942180567354
vn 0.8780216573478755 0.39665394012088423 0.267849997227306
vn 0.10221689506995442 0.6308215368162071 -0.7691657136476485
vn 0.17723312397903873 0.4376045182677006 -0.8815274841752379
vn 0.002883106842948074 0.4487138093010172 -0.8936708594541407
vn -0.3824253523844128 -0.7429984024156261 0.5492760907426111
vn -0.501572940416466 -0.31488788658094724 0.8057730476545891
vn -0.703347655111748 -0.4685290010486525 0.5345864300795123
vn -0.538613073082788 0.6411196257356481 0.5466823419508791
vn -0.2165860684585744 0.6775736928628627 0.7028402134837198
vn -0.28197430044619837 0.8719458350259389 0.40025111451287054
vn -0.30445640858690814 -0.673654720112495 -0.6734208293040226
vn -0.26284384125688914 -0.8694875900777007 -0.41821578857594
vn -0.42688763167361043 -0.8009040602779536 -0.4199043178563233
vn 0.10221689506995442 0.6308215368162071 -0.7691657136476485
vn -0.0655494535785633 0.8276019569642163 -0.5574749052330077
vn 0.1722361940183836 0.793370148938738 -0.5838651387460863
vn -0.875684911051404 0.4453466108115412 -0.18666101037862237
vn -0.449542580156437 0.8569612503169158 0.25204936834192115
vn -0.5045416262346625 0.6421076936531369 0.5771788779468038
vn -0.0525424140440947 0.32562084590950324 0.9440393844727023
vn -0.7278937907473707 0.07965274215185528 0.6810477736980814
vn -0.40146706627566314 0.11318433437850589 0.9088528490065414
vn 0.9957753716842072 -0.0762889159059442 -0.051101961381875664
vn 0.8874770194520869 -0.10090424892685908 0.44966973713265007
vn 0.9458627243025072 -0.2999758735410892 -0.12392813267494922
vn -0.23823873773073703 0.5465804314188061 -0.8028026755277397
vn -0.7510830534612903 0.4567454432094297 -0.47671568771195916
vn -0.23668673409070975 0.28383132952765033 -0.9292035117691064
vn 0.33217416385136345 0.5180481700584479 -0.7882172405934426
vn 0.2893039082473828 0.6300883289132545 -0.7206191410447633
vn -0.053800850474292665 0.42397773992633264 -0.9040731964477222
vn 0.15093888107533163 -0.062057092391507966 -0.9865933161458366
vn 0.08236754973070874 -0.6484217330176725 -0.7568122904008083
vn 0.0496875596886418 -0.09986281485014602 -0.9937598123401817
vn -0.028687045882843324 -0.984011018874538 -0.17578216101757643
vn 0.08236754973070874 -0.6484217330176725 -0.7568122904008083
vn 0.00470943630289357 -0.9821205791830668 -0.1881940199762637
vn 0.10221689506995442 0.6308215368162071 -0.7691657136476485
vn 0.1722361940183836 0.793370148938738 -0.5838651387460863
vn 0.4084687609556847 0.5104034618871105 -0.7567308487282521
vn 0.3088805262546748 0.9059937180431653 -0.28942737148887043
vn 0.1722361940183836 0.793370148938738 -0.5838651387460863
vn 0.1348412748976242 0.9264283394549563 -0.3514944699973467
vn 0.021240898519653006 -0.22659558286731837 0.973757293197385
vn -0.037572679934252916 -0.6584483447434288 0.7516874822871515
vn -0.06746734213684102 -0.6811586594631759 0.7290206021665777
vn -0.1269970825289627 0.4217508563980098 0.8977738892152506
vn 0.016423530066706573 0.6945033339047458 0.7193020136600071
vn 0.008272875722151468 0.5553856399505527 0.8315517725698147
vn -0.26504810279689434 0.7508301822083592 0.6049822647720586
vn -0.2650681906536654 0.42325567362289873 0.8663679870872528
vn 0.006869522828371186 0.42317347277057926 0.9060226385689257
vn -0.7584066313517471 0.07811914325394725 0.647083287513257
vn -0.5338451846134231 -0.05115219200712412 0.8440336321011899
vn -0.4800892658899174 0.22028323738510722 0.8491110599352811
vn -0.7627772108004115 -0.1762470128893939 0.6221799716570042
vn -0.5338451846134231 -0.05115219200712412 0.8440336321011899
vn -0.7584066313517471 0.07811914325394725 0.647083287513257
vn 0.9957753716842072 -0.0762889159059442 -0.051101961381875664
vn 0.6929847035807295 0.04054610976723394 -0.719811234689951
vn 0.9863571157670106 -0.15183107791876993 -0.06361575240307117
vn 0.12355637512510866 0.4205464271295149 0.8988184047929498
vn 0.13168552443110387 0.11511684355487425 0.9845847017830756
vn 0.1450326205240294 0.368878299228389 0.9180927727317669
vn -0.07332540818009292 0.0544474495825915 0.9958206965860741
vn 0.13168552443110387 0.11511684355487425 0.9845847017830756
vn 0.12355637512510866 0.4205464271295149 0.8988184047929498
vn 0.20100665629324213 0.04743456513095115 0.9784407422816407
vn 0.1032098255676503 -0.5028202488932907 0.8582071598449786
vn 0.2337979359267315 -0.7329608137132673 0.6388325059960435
vn -0.28197430044619837 0.8719458350259389 0.40025111451287054
vn -0.5955167285101146 0.7503505830673581 0.2869387191633196
vn -0.538613073082788 0.6411196257356481 0.5466823419508791
vn 0.03742808410931901 0.8930846013202917 0.448329157432886
vn -0.014002336684239048 0.8746746860310165 0.4845081301525538
vn -0.03793508834061781 0.7823394842045063 0.6216959550513552
vn 0.13366829828153579 -0.9748431754411503 0.17836358745644482
vn -0.022340915548974508 -0.9930103957778272 0.11589321537344849
vn -0.0038779634504238054 -0.9994325541613435 -0.03345939452546119
vn -0.022340915548974508 -0.9930103957778272 0.11589321537344849
vn -0.06862277152041653 -0.9789301875775152 0.19231901382418706
vn -0.0038779634504238054 -0.9994325541613435 -0.03345939452546119
vn -0.06596350379192291 -0.981563105726278 -0.17939533339659744
vn -0.028687045882843324 -0.984011018874538 -0.17578216101757643
vn -0.03461479639612185 -0.9979437037067551 -0.053946085145255514
vn 0.020469336992579888 0.9970887200483707 -0.07345128042033146
vn -0.0316833649286345 0.9746512842859416 0.2214746902618077
vn 0.12146041569836007 0.9569639083878617 0.2635667760955655
vn 0.020469336992579888 0.9970887200483707 -0.07345128042033146
vn 0.12146041569836007 0.9569639083878617 0.2635667760955655
vn 0.20199632117206184 0.9787134558832637 -0.03629679746192673
vn -0.2165860684585744 0.6775736928628627 0.7028402134837198
vn -0.538613073082788 0.6411196257356481 0.5466823419508791
vn -0.3908639399449695 0.45511777820048765 0.8000582406403594
vn 0.6479577422908241 0.22729559360105314 0.7269714418977701
vn 0.7490718015458789 -0.6219186995080793 0.22827301051808743
vn 0.7882780314546936 -0.6150233889536515 -0.01907815939440763
vn -0.022713583393792425 0.6909839090581985 0.7225132044136389
vn 0.008272875722151468 0.5553856399505527 0.8315517725698147
vn 0.016423530066706573 0.6945033339047458 0.7193020136600071
vn -0.15441153461904614 -0.671611690567299 0.724634262969897
vn -0.02573443774518522 -0.6528002574890769 0.7570928361410733
vn -0.2434000044889229 -0.27266669285548867 0.9308111045867701
vn -0.01932537806955873 0.971378386110228 -0.23674999632599272
vn 0.14337516547002183 0.9860582270281408 0.08445551987030364
vn -0.3083047241968142 0.9504113975035755 -0.04082122650321968
vn 0.15093888107533163 -0.062057092391507966 -0.9865933161458366
vn 0.0496875596886418 -0.09986281485014602 -0.9937598123401817
vn 0.14690297390558615 0.12377514958821582 -0.9813761911734508
vn 0.1573488773934442 0.32167908487767166 0.9336829746414393
vn -0.16674309713690372 -0.28286543253684093 0.9445548616321549
vn -0.14607089512379343 -0.47739971794901864 0.8664599257322472
vn -0.5968633389327231 -0.31836110996535016 0.736478348832952
vn -0.6441871917102762 -0.6155540946111556 0.4540000205328943
vn -0.8138162332556438 -0.2575561337516446 0.5209299151099891
vn 0.12355637512510866 0.4205464271295149 0.8988184047929498
vn 0.1450326205240294 0.368878299228389 0.9180927727317669
vn 0.008272875722151468 0.5553856399505527 0.8315517725698147
vn 0.18395859827467329 -0.04906273030179314 -0.9817087565139424
vn 0.13267048684163288 0.21030824196202552 -0.968591237459872
vn 0.3555988495067701 0.20483588537827765 -0.9119165083990741
vn 0.1450326205240294 0.368878299228389 0.9180927727317669
vn 0.3068005610812148 0.19188029023204387 0.9322313929174014
vn 0.1573488773934442 0.32167908487767166 0.9336829746414393
vn -0.8944840967784127 -0.24243902915606907 -0.3756614403320761
vn -0.6472922894179297 -0.43485998283222316 -0.6260267465462267
vn -0.7051668177735457 -0.6365823796703244 -0.3122541160727872
vn 0.20100665629324213 0.04743456513095115 0.9784407422816407
vn 0.1624687749222786 0.12779933293105614 0.978402385359741
vn 0.20543371789548517 0.5001065635559743 0.8412433730139408
vn 0.9804388393107719 0.11655909246622767 0.1585990552758617
vn 0.6721098372322761 0.3058928642855583 0.6743129260771888
vn 0.7828606749457513 0.0914056314795256 0.6154463211014523
vn -0.4395300632166058 0.8714762110373879 -0.21758340268670448
vn -0.330410717156028 0.8582080918894464 -0.3928200975050981
vn 0.23142868087738797 0.9668588437569963 0.10781809642280075
vn 0.8941769713005491 0.09628068447773956 -0.43723857765786756
vn 0.9302678166157916 -0.31583894104808413 -0.18667499212940267
vn 0.861503891217552 -0.2705797900176203 -0.42964825456533257
vn 0.12146041569836007 0.9569639083878617 0.2635667760955655
vn 0.14337516547002183 0.9860582270281408 0.08445551987030364
vn 0.20199632117206184 0.9787134558832637 -0.03629679746192673
vn -0.5578236526536839 -0.8049879544113817 -0.202057332934693
vn -0.8126594914011817 -0.57698794536769 -0.08166677375741278
vn -0.7051668177735457 -0.6365823796703244 -0.3122541160727872
vn 0.8645976808194267 -0.07522479755700692 0.4968018520035692
vn 0.9402378999031923 -0.1395536768527981 0.31060821441568387
vn 0.8874770194520869 -0.10090424892685908 0.44966973713265007
vn -0.03461479639612185 -0.9979437037067551 -0.053946085145255514
vn -0.13912192691253694 -0.9813070853493627 -0.13297177781499891
vn -0.06596350379192291 -0.981563105726278 -0.17939533339659744
vn -0.3083047241968142 0.9504113975035755 -0.04082122650321968
vn -0.364666951869902 0.8219468506409656 -0.4375173012982605
vn -0.01932537806955873 0.971378386110228 -0.23674999632599272
vn 0.9804388393107719 0.11655909246622767 0.1585990552758617
vn 0.9402378999031923 -0.1395536768527981 0.31060821441568387
vn 0.8645976808194267 -0.07522479755700692 0.4968018520035692
vn -0.19627585050081814 0.9188796012088959 0.34225147040204384
vn -0.3083047241968142 0.9504113975035755 -0.04082122650321968
vn 0.14337516547002183 0.9860582270281408 0.08445551987030364
vn -0.06862277152041653 -0.9789301875775152 0.19231901382418706
vn -0.03461479639612185 -0.9979437037067551 -0.053946085145255514
vn -0.028687045882843324 -0.984011018874538 -0.17578216101757643
vn 0.9804388393107719 0.11655909246622767 0.1585990552758617
vn 0.8645976808194267 -0.07522479755700692 0.4968018520035692
vn 0.6721098372322761 0.3058928642855583 0.6743129260771888
vn -0.9042006129118297 0.154608978902203 0.3981423303954124
vn -0.949450709161303 0.3133283861994996 -0.019200866509511447
vn -0.9925261512284609 0.1153218813295351 0.03990868093830068
vn -0.1508556286408852 0.9492630932621059 0.2759386871713021
vn 0.012699448291672378 0.9865333234047433 0.16306663001693256
vn -0.36454867904991933 0.9105375355967618 -0.19500168428076328
vn 0.11476254694113895 -0.9602306041675808 0.25453240390870796
vn 0.4403956098674515 -0.873338674339231 0.2081616360256383
vn 0.7898501563369699 -0.512430627786497 0.3369741566363817
vn -0.449542580156437 0.8569612503169158 0.25204936834192115
vn -0.3083047241968142 0.9504113975035755 -0.04082122650321968
vn -0.19627585050081814 0.9188796012088959 0.34225147040204384
vn -0.0038779634504238054 -0.9994325541613435 -0.03345939452546119
vn 0.17918642401496923 -0.9835395657350975 -0.02328407357709157
vn 0.13366829828153579 -0.9748431754411503 0.17836358745644482
vn -0.538613073082788 0.6411196257356481 0.5466823419508791
vn -0.8152322083237629 0.4302714193641891 0.38763765579454085
vn -0.7037721902162742 0.3367532865648454 0.625541308201116
vn 0.4084687609556847 0.5104034618871105 -0.7567308487282521
vn 0.3555988495067701 0.20483588537827765 -0.9119165083990741
vn 0.17723312397903873 0.4376045182677006 -0.8815274841752379
vn 0.15401784864663468 0.2869864086860573 -0.9454720003933177
vn 0.10544467496315822 0.3462853715265731 -0.9321844570623442
vn -0.15208929094230653 0.535501005143359 -0.8307271038500662
vn -0.1787073829114582 0.3164679134334481 0.9316178031038356
vn -0.3908639399449695 0.45511777820048765 0.8000582406403594
vn -0.4800892658899174 0.22028323738510722 0.8491110599352811
vn 0.17215023861866033 0.36171437784374433 0.9162570622945568
vn 0.02678535015979082 0.307614540698375 0.9511339755090998
vn -0.06884237769784181 0.3537793159798189 0.9327920039418001
vn 0.002883106842948074 0.4487138093010172 -0.8936708594541407
vn 0.13267048684163288 0.21030824196202552 -0.968591237459872
vn -0.02328817975258708 0.12527400069891131 -0.9918488218638465
vn 0.3555988495067701 0.20483588537827765 -0.9119165083990741
vn 0.2841820334886574 0.4092287765572525 -0.8670480841797104
vn 0.2300810796914963 0.1657614209068202 -0.9589503887620814
vn -0.7439925509400935 0.5353078968134719 -0.3999006623585282
vn -0.5441999082315782 0.5455239583645289 -0.6373774946850868
vn -0.8545525789961126 0.3419786033495019 -0.3908842854122137
vn -0.21843627940734486 0.5171225175535442 -0.8275686640259893
vn -0.35607254203853705 0.7593001783157479 -0.5446793405444047
vn -0.0655494535785633 0.8276019569642163 -0.5574749052330077
vn -0.15208929094230653 0.535501005143359 -0.8307271038500662
vn 0.33217416385136345 0.5180481700584479 -0.7882172405934426
vn -0.053800850474292665 0.42397773992633264 -0.9040731964477222
vn 0.17723312397903873 0.4376045182677006 -0.8815274841752379
vn 0.10221689506995442 0.6308215368162071 -0.7691657136476485
vn 0.4084687609556847 0.5104034618871105 -0.7567308487282521
vn 0.6789961688927817 0.664837270088159 0.31137695311414676
vn 0.6874792618084834 0.7244767175850834 -0.050057469576537054
vn 0.6842822764495161 0.7290852019407774 -0.013875678291308029
vn 0.4354293444851993 0.7057337833870626 0.5588748634062658
vn 0.35540818733490753 0.9071924592463069 0.22513742972227607
vn 0.13415604667673134 0.9235811920613591 0.3591656119544155
vn -0.10018594566785871 0.5111391080025595 0.8536390270840389
vn -0.3908639399449695 0.45511777820048765 0.8000582406403594
vn -0.1787073829114582 0.3164679134334481 0.9316178031038356
vn 0.1573488773934442 0.32167908487767166 0.9336829746414393
vn -0.04457890154914206 0.42124698431753965 0.905849711453313
vn 0.008272875722151468 0.5553856399505527 0.8315517725698147
vn 0.6721098372322761 0.3058928642855583 0.6743129260771888
vn 0.8645976808194267 -0.07522479755700692 0.4968018520035692
vn 0.6340437439366182 -0.0351798844511402 0.7724965414193391
vn 0.23713478862512558 0.08996408747832996 -0.9673022045813338
vn 0.18313313529341416 -0.07115551644974426 -0.9805096364831781
vn 0.18569697871116478 0.008370930368886021 -0.9825714017934292
vn -0.2538439492332663 0.018754634168581696 0.9670633449443017
vn -0.050080133181932614 -0.24977046386149943 0.9670091497203588
vn -0.07332540818009292 0.0544474495825915 0.9958206965860741
vn -0.3892807452044122 -0.3915719538404938 -0.8337457084619001
vn -0.06575873337281667 -0.15238812562379944 -0.9861306445669701
vn -0.027366098201968843 -0.3264049280666793 -0.9448338052816411
vn -0.9811388818706613 -0.1903974130033913 0.033396401051682206
vn -0.8126594914011817 -0.57698794536769 -0.08166677375741278
vn -0.8613223874877445 -0.4850510234641621 0.15115968195514579
vn -0.7668521962138765 0.5088734705094411 0.39113360910772094
vn -0.8482931346310492 -0.31741825903701076 -0.4238447906577851
vn -0.39560525323182294 0.4086315551893298 0.822506374272525
vn -0.4212044429767695 0.7982354364471577 -0.430589137364896
vn -0.449542580156437 0.8569612503169158 0.25204936834192115
vn -0.875684911051404 0.4453466108115412 -0.18666101037862237
vn -0.018314959267573563 0.517132885730715 0.8557091449568891
vn -0.07137094336669954 0.761656862950202 0.644038051332221
vn -0.4164828860782569 0.07354987005188826 0.9061635736550417
vn 0.1573488773934442 0.32167908487767166 0.9336829746414393
vn 0.008272875722151468 0.5553856399505527 0.8315517725698147
vn 0.1450326205240294 0.368878299228389 0.9180927727317669
vn -0.4800892658899174 0.22028323738510722 0.8491110599352811
vn -0.7037721902162742 0.3367532865648454 0.625541308201116
vn -0.7584066313517471 0.07811914325394725 0.647083287513257
vn -0.949450709161303 0.3133283861994996 -0.019200866509511447
vn -0.8553055055762789 0.49849210553666984 0.14127318517158025
vn -0.8325987448274778 0.5258149444484672 -0.17406313310510105
vn 0.10544467496315822 0.3462853715265731 -0.9321844570623442
vn 0.2300810796914963 0.1657614209068202 -0.9589503887620814
vn 0.2841820334886574 0.4092287765572525 -0.8670480841797104
vn -0.3611042996429943 0.2644022413623831 -0.8942567525838934
vn -0.5441999082315782 0.5455239583645289 -0.6373774946850868
vn -0.21843627940734486 0.5171225175535442 -0.8275686640259893
vn -0.7042374932868118 0.08594916503699218 0.704742714810555
vn -0.8138162332556438 -0.2575561337516446 0.5209299151099891
vn -0.4598575695926882 -0.38999451602906887 0.7977689472244193
vn -0.5045416262346625 0.6421076936531369 0.5771788779468038
vn -0.7188778135251923 -0.2182465309993627 0.6599872278521631
vn -0.875684911051404 0.4453466108115412 -0.18666101037862237
vn 0.9846195588959353 -0.11964139984975453 -0.1273195180699528
vn 0.7800193364606761 0.6214424631675255 0.07334234602005145
vn 0.9705210678181168 0.16882097050066583 -0.1720126066321765
vn 0.7970887343191324 -0.3721223308778404 -0.4755780908363697
vn -0.24468075912287093 -0.3510653175530089 -0.9038166124421816
vn 0.20235753030756912 0.5947422131064876 -0.7780315738304061
vn 0.6522061035698253 -0.025822568149356975 -0.757601738013079
vn -0.4168939729153424 -0.04953040436379552 -0.907604624487128
vn -0.24468075912287093 -0.3510653175530089 -0.9038166124421816
vn -0.449542580156437 0.8569612503169158 0.25204936834192115
vn -0.4212044429767695 0.7982354364471577 -0.430589137364896
vn -0.3083047241968142 0.9504113975035755 -0.04082122650321968
vn -0.5415709558454078 -0.09949701476848417 0.8347462152276292
vn -0.19233864958841268 0.10847134345193662 0.9753152369999342
vn -0.4164828860782569 0.07354987005188826 0.9061635736550417
vn -0.19233864958841268 0.10847134345193662 0.9753152369999342
vn -0.018314959267573563 0.517132885730715 0.8557091449568891
vn -0.4164828860782569 0.07354987005188826 0.9061635736550417
vn -0.1931918171569006 0.9800931742238801 0.04576343107081805
vn -0.07137094336669954 0.761656862950202 0.644038051332221
vn -0.018314959267573563 0.517132885730715 0.8557091449568891
vn -0.1931918171569006 0.9800931742238801 0.04576343107081805
vn -0.14836320852373602 0.877431307073858 -0.45618270432273456
vn -0.07137094336669954 0.761656862950202 0.644038051332221
vn -0.19233864958841268 0.10847134345193662 0.9753152369999342
vn -0.15960858618240864 0.3317418835247318 0.9297700909000653
vn -0.018314959267573563 0.517132885730715 0.8557091449568891
vn -0.40146706627566314 0.11318433437850589 0.9088528490065414
vn -0.7188778135251923 -0.2182465309993627 0.6599872278521631
vn -0.5045416262346625 0.6421076936531369 0.5771788779468038
vn -0.4395300632166058 0.8714762110373879 -0.21758340268670448
vn -0.8395494012219256 0.5431485805653781 -0.012100509812446376
vn -0.9166212372687822 0.17489462747648366 -0.35946818589091956
vn -0.7510830534612903 0.4567454432094297 -0.47671568771195916
vn -0.4395300632166058 0.8714762110373879 -0.21758340268670448
vn -0.9166212372687822 0.17489462747648366 -0.35946818589091956
vn 0.7970887343191324 -0.3721223308778404 -0.4755780908363697
vn 0.6522061035698253 -0.025822568149356975 -0.757601738013079
vn -0.24468075912287093 -0.3510653175530089 -0.9038166124421816
vn 0.9846195588959353 -0.11964139984975453 -0.1273195180699528
vn 0.7970887343191324 -0.3721223308778404 -0.4755780908363697
vn 0.20235753030756912 0.5947422131064876 -0.7780315738304061
vn 0.9705210678181168 0.16882097050066583 -0.1720126066321765
vn 0.6522061035698253 -0.025822568149356975 -0.757601738013079
vn 0.7970887343191324 -0.3721223308778404 -0.4755780908363697
vn -0.4168939729153424 -0.04953040436379552 -0.907604624487128
vn -0.9166212372687822 0.17489462747648366 -0.35946818589091956
vn -0.24468075912287093 -0.3510653175530089 -0.9038166124421816
vn -0.4168939729153424 -0.04953040436379552 -0.907604624487128
vn 0.6522061035698253 -0.025822568149356975 -0.757601738013079
vn 0.15401784864663468 0.2869864086860573 -0.9454720003933177
vn -0.23668673409070975 0.28383132952765033 -0.9292035117691064
vn -0.4168939729153424 -0.04953040436379552 -0.907604624487128
vn 0.15401784864663468 0.2869864086860573 -0.9454720003933177
vn -0.4395300632166058 0.8714762110373879 -0.21758340268670448
vn 0.23142868087738797 0.9668588437569963 0.10781809642280075
vn 0.2971212531109514 0.9547634355986383 0.012072406291329286
vn 0.2971212531109514 0.9547634355986383 0.012072406291329286
vn 0.23142868087738797 0.9668588437569963 0.10781809642280075
vn 0.7800193364606761 0.6214424631675255 0.07334234602005145
vn 0.7800193364606761 0.6214424631675255 0.07334234602005145
vn 0.9846195588959353 -0.11964139984975453 -0.1273195180699528
vn 0.2971212531109514 0.9547634355986383 0.012072406291329286
vn -0.4212044429767695 0.7982354364471577 -0.430589137364896
vn -0.875684911051404 0.4453466108115412 -0.18666101037862237
vn -0.14836320852373602 0.877431307073858 -0.45618270432273456
vn -0.7188778135251923 -0.2182465309993627 0.6599872278521631
vn -0.8482931346310492 -0.31741825903701076 -0.4238447906577851
vn -0.875684911051404 0.4453466108115412 -0.18666101037862237
vn 0.8728091222158556 0.14260301336840303 -0.466763983995165
vn 0.7317264938430176 0.20201209151952706 -0.6509742338127605
vn 0.8611784521775518 0.31495474263513923 -0.3989676473057804
vn 0.894992329522999 0.4238035608723739 0.13920945329571346
vn 0.7830703711991287 0.5113917550637354 0.3539481128681029
vn 0.8469591389521529 0.3763251187676984 0.375552422345943
vn 0.6688354015740581 0.4486756678967055 0.5927472907055027
vn 0.894992329522999 0.4238035608723739 0.13920945329571346
vn 0.8469591389521529 0.3763251187676984 0.375552422345943
vn -0.06884237769784181 0.3537793159798189 0.9327920039418001
vn 0.1624687749222786 0.12779933293105614 0.978402385359741
vn 0.6079152745040692 0.24250209580160387 0.7560633257581482
vn 0.9477074793165875 0.29449015369338566 -0.12298814180662207
vn 0.9846156074210688 0.11628589719737072 -0.13042122425373162
vn 0.8941769713005491 0.09628068447773956 -0.43723857765786756
vn 0.7632067143441729 0.21485230155838136 -0.6093882175551464
vn 0.8814459733461689 0.05469203395484985 -0.4691074263894214
vn 0.7373891331643265 0.1706768763054512 -0.6535492867303709
vn 0.17215023861866033 0.36171437784374433 0.9162570622945568
vn 0.01715933992064113 0.6831092466032221 0.7301145898135897
vn -0.05530563802208002 0.4116270480776256 0.9096727211991523
vn -0.39560525323182294 0.4086315551893298 0.822506374272525
vn -0.4164828860782569 0.07354987005188826 0.9061635736550417
vn -0.07137094336669954 0.761656862950202 0.644038051332221
vn -0.39560525323182294 0.4086315551893298 0.822506374272525
vn -0.7188778135251923 -0.2182465309993627 0.6599872278521631
vn -0.4164828860782569 0.07354987005188826 0.9061635736550417
vn -0.39560525323182294 0.4086315551893298 0.822506374272525
vn -0.8482931346310492 -0.31741825903701076 -0.4238447906577851
vn -0.7188778135251923 -0.2182465309993627 0.6599872278521631
vn 0.7982482081788895 0.45481730395244807 -0.3948936795703609
vn 0.6842822764495161 0.7290852019407774 -0.013875678291308029
vn 0.8876170028721987 0.46053083983965154 0.006884894244689824
vn 0.4354293444851993 0.7057337833870626 0.5588748634062658
vn 0.17215023861866033 0.36171437784374433 0.9162570622945568
vn 0.6688354015740581 0.4486756678967055 0.5927472907055027
vn 0.6789961688927817 0.664837270088159 0.31137695311414676
vn 0.6842822764495161 0.7290852019407774 -0.013875678291308029
vn 0.4160668600285571 0.8712707883156561 0.26033743759550265
vn 0.7800193364606761 0.6214424631675255 0.07334234602005145
vn 0.8611784521775518 0.31495474263513923 -0.3989676473057804
vn 0.9705210678181168 0.16882097050066583 -0.1720126066321765
vn 0.7800193364606761 0.6214424631675255 0.07334234602005145
vn 0.6842822764495161 0.7290852019407774 -0.013875678291308029
vn 0.8611784521775518 0.31495474263513923 -0.3989676473057804
vn 0.8469591389521529 0.3763251187676984 0.375552422345943
vn 0.6789961688927817 0.664837270088159 0.31137695311414676
vn 0.4354293444851993 0.7057337833870626 0.5588748634062658
vn 0.01715933992064113 0.6831092466032221 0.7301145898135897
vn -0.018314959267573563 0.517132885730715 0.8557091449568891
vn -0.15960858618240864 0.3317418835247318 0.9297700909000653
vn 0.8876170028721987 0.46053083983965154 0.006884894244689824
vn 0.6874792618084834 0.7244767175850834 -0.050057469576537054
vn 0.6789961688927817 0.664837270088159 0.31137695311414676
vn 0.6688354015740581 0.4486756678967055 0.5927472907055027
vn 0.6079152745040692 0.24250209580160387 0.7560633257581482
vn 0.894992329522999 0.4238035608723739 0.13920945329571346
vn 0.7898501563369699 -0.512430627786497 0.3369741566363817
vn 0.9187975536802825 0.207624681599942 0.33571274468159706
vn 0.6079152745040692 0.24250209580160387 0.7560633257581482
vn -0.1508556286408852 0.9492630932621059 0.2759386871713021
vn -0.36454867904991933 0.9105375355967618 -0.19500168428076328
vn -0.1931918171569006 0.9800931742238801 0.04576343107081805
vn 0.8780216573478755 0.39665394012088423 0.267849997227306
vn 0.9846156074210688 0.11628589719737072 -0.13042122425373162
vn 0.9477074793165875 0.29449015369338566 -0.12298814180662207
vn -0.12039655928590369 0.9703765349873059 -0.20946133022146554
vn -0.330410717156028 0.8582080918894464 -0.3928200975050981
vn -0.36454867904991933 0.9105375355967618 -0.19500168428076328
vn -0.4108413107329978 0.8600546495632456 -0.3025151519508324
vn -0.330410717156028 0.8582080918894464 -0.3928200975050981
vn -0.364666951869902 0.8219468506409656 -0.4375173012982605
vn 0.23142868087738797 0.9668588437569963 0.10781809642280075
vn 0.6842822764495161 0.7290852019407774 -0.013875678291308029
vn 0.7800193364606761 0.6214424631675255 0.07334234602005145
vn 0.23142868087738797 0.9668588437569963 0.10781809642280075
vn -0.330410717156028 0.8582080918894464 -0.3928200975050981
vn -0.12039655928590369 0.9703765349873059 -0.20946133022146554
vn 0.9566063239790467 -0.09261079392605957 -0.2762744681864034
vn 0.9188428872425419 -0.015106896881400244 -0.39433428741412296
vn 0.9019992045065232 -0.2878440753559352 -0.32178132847026114
vn -0.4395300632166058 0.8714762110373879 -0.21758340268670448
vn 0.2971212531109514 0.9547634355986383 0.012072406291329286
vn -0.8395494012219256 0.5431485805653781 -0.012100509812446376
vn 0.20235753030756912 0.5947422131064876 -0.7780315738304061
vn -0.9166212372687822 0.17489462747648366 -0.35946818589091956
vn -0.8395494012219256 0.5431485805653781 -0.012100509812446376
vn -0.11573225853208685 0.808485507122044 -0.5770244614474103
vn -0.8482931346310492 -0.31741825903701076 -0.4238447906577851
vn -0.7668521962138765 0.5088734705094411 0.39113360910772094
vn -0.11573225853208685 0.808485507122044 -0.5770244614474103
vn -0.14836320852373602 0.877431307073858 -0.45618270432273456
vn -0.8482931346310492 -0.31741825903701076 -0.4238447906577851
vn -0.14836320852373602 0.877431307073858 -0.45618270432273456
vn -0.875684911051404 0.4453466108115412 -0.18666101037862237
vn -0.8482931346310492 -0.31741825903701076 -0.4238447906577851
vn 0.2337979359267315 -0.7329608137132673 0.6388325059960435
vn 0.24664197167229943 -0.933043867610064 0.26191005884626467
vn 0.5187755746032687 -0.6564261900585221 0.5477011595754583
vn -0.4598575695926882 -0.38999451602906887 0.7977689472244193
vn -0.09071467755636563 -0.26188906758383207 0.9608251472333119
vn -0.111389004840964 0.16256439083647933 0.9803903857303496
vn 0.8941769713005491 0.09628068447773956 -0.43723857765786756
vn 0.8814459733461689 0.05469203395484985 -0.4691074263894214
vn 0.9477074793165875 0.29449015369338566 -0.12298814180662207
vn 0.9062080664110973 -0.4141322257383815 0.08533135400563317
vn 0.9735808604903761 0.11325007273828484 0.19827942180567354
vn 0.9187975536802825 0.207624681599942 0.33571274468159706
vn 0.9735808604903761 0.11325007273828484 0.19827942180567354
vn 0.9302678166157916 -0.31583894104808413 -0.18667499212940267
vn 0.9846156074210688 0.11628589719737072 -0.13042122425373162
vn 0.9062080664110973 -0.4141322257383815 0.08533135400563317
vn 0.7112364348006057 -0.702945453002861 -0.00322860879111792
vn 0.8207792438471019 -0.5605356895607426 -0.11009620156228116
vn 0.1624687749222786 0.12779933293105614 0.978402385359741
vn 0.2337979359267315 -0.7329608137132673 0.6388325059960435
vn 0.6079152745040692 0.24250209580160387 0.7560633257581482
vn -0.1931918171569006 0.9800931742238801 0.04576343107081805
vn -0.018314959267573563 0.517132885730715 0.8557091449568891
vn -0.1508556286408852 0.9492630932621059 0.2759386871713021
vn -0.12039655928590369 0.9703765349873059 -0.20946133022146554
vn 0.012699448291672378 0.9865333234047433 0.16306663001693256
vn 0.23142868087738797 0.9668588437569963 0.10781809642280075
vn 0.13415604667673134 0.9235811920613591 0.3591656119544155
vn 0.01715933992064113 0.6831092466032221 0.7301145898135897
vn 0.4354293444851993 0.7057337833870626 0.5588748634062658
vn 0.20100665629324213 0.04743456513095115 0.9784407422816407
vn 0.2337979359267315 -0.7329608137132673 0.6388325059960435
vn 0.1624687749222786 0.12779933293105614 0.978402385359741
vn 0.1032098255676503 -0.5028202488932907 0.8582071598449786
vn 0.20100665629324213 0.04743456513095115 0.9784407422816407
vn -0.09071467755636563 -0.26188906758383207 0.9608251472333119
vn 0.9019992045065232 -0.2878440753559352 -0.32178132847026114
vn 0.9188428872425419 -0.015106896881400244 -0.39433428741412296
vn 0.861503891217552 -0.2705797900176203 -0.42964825456533257
vn -0.5415709558454078 -0.09949701476848417 0.8347462152276292
vn -0.7278937907473707 0.07965274215185528 0.6810477736980814
vn -0.5981784730697859 0.33041167445403286 0.7300757767111449
vn -0.14836320852373602 0.877431307073858 -0.45618270432273456
vn -0.39560525323182294 0.4086315551893298 0.822506374272525
vn -0.07137094336669954 0.761656862950202 0.644038051332221
vn -0.14836320852373602 0.877431307073858 -0.45618270432273456
vn -0.11573225853208685 0.808485507122044 -0.5770244614474103
vn -0.39560525323182294 0.4086315551893298 0.822506374272525
vn -0.11573225853208685 0.808485507122044 -0.5770244614474103
vn -0.7668521962138765 0.5088734705094411 0.39113360910772094
vn -0.39560525323182294 0.4086315551893298 0.822506374272525
vn -0.8395494012219256 0.5431485805653781 -0.012100509812446376
vn 0.2971212531109514 0.9547634355986383 0.012072406291329286
vn 0.20235753030756912 0.5947422131064876 -0.7780315738304061
vn -0.24468075912287093 -0.3510653175530089 -0.9038166124421816
vn -0.9166212372687822 0.17489462747648366 -0.35946818589091956
vn 0.20235753030756912 0.5947422131064876 -0.7780315738304061
vn 0.9846195588959353 -0.11964139984975453 -0.1273195180699528
vn 0.20235753030756912 0.5947422131064876 -0.7780315738304061
vn 0.2971212531109514 0.9547634355986383 0.012072406291329286
vn -0.4213714106195607 0.7853616367445877 -0.45349005925416264
vn -0.364666951869902 0.8219468506409656 -0.4375173012982605
vn -0.4395300632166058 0.8714762110373879 -0.21758340268670448
vn -0.1931918171569006 0.9800931742238801 0.04576343107081805
vn -0.4212044429767695 0.7982354364471577 -0.430589137364896
vn -0.14836320852373602 0.877431307073858 -0.45618270432273456
vn 0.8446856797712649 0.28865121105812486 0.4507622219574685
vn 0.7608305038792665 0.4328595202844736 0.4834972389434264
vn 0.9804388393107719 0.11655909246622767 0.1585990552758617
vn 0.7608305038792665 0.4328595202844736 0.4834972389434264
vn 0.9402378999031923 -0.1395536768527981 0.31060821441568387
vn 0.9804388393107719 0.11655909246622767 0.1585990552758617
vn 0.7730803605372741 0.1346104001024941 0.6198603038877426
vn 0.9402378999031923 -0.1395536768527981 0.31060821441568387
vn 0.7608305038792665 0.4328595202844736 0.4834972389434264
vn 0.9670973649181084 -0.24788082312252072 0.0572519370550272
vn 0.5368324355501912 -0.8433833185826898 -0.02270493509567741
vn 0.461694465368924 -0.03455626992732102 0.8863656609190214
vn 0.6479577422908241 0.22729559360105314 0.7269714418977701
vn 0.9756810147170287 -0.042895610382780516 0.2149570285676599
vn 0.9679924170637574 -0.06633173575250782 0.24205532702075433
vn 0.13366829828153579 -0.9748431754411503 0.17836358745644482
vn 0.8478175409681387 -0.5296241195632384 0.026527517856050852
vn 0.6719877197958443 -0.574503981044482 0.4673089772384258
vn 0.9756810147170287 -0.042895610382780516 0.2149570285676599
vn 0.6793745868641188 -0.7102844131305032 -0.18424500858114082
vn 0.9458627243025072 -0.2999758735410892 -0.12392813267494922
vn -0.42688763167361043 -0.8009040602779536 -0.4199043178563233
vn -0.5578236526536839 -0.8049879544113817 -0.202057332934693
vn -0.7051668177735457 -0.6365823796703244 -0.3122541160727872
vn -0.42688763167361043 -0.8009040602779536 -0.4199043178563233
vn -0.7051668177735457 -0.6365823796703244 -0.3122541160727872
vn -0.6472922894179297 -0.43485998283222316 -0.6260267465462267
vn -0.36454867904991933 0.9105375355967618 -0.19500168428076328
vn -0.330410717156028 0.8582080918894464 -0.3928200975050981
vn -0.4108413107329978 0.8600546495632456 -0.3025151519508324
vn 0.15037695541644577 -0.23883867773823916 0.9593450147344958
vn 0.021240898519653006 -0.22659558286731837 0.973757293197385
vn 0.0015327947804572306 -0.09271745668720331 0.9956912793459716
vn 0.15037695541644577 -0.23883867773823916 0.9593450147344958
vn 0.0015327947804572306 -0.09271745668720331 0.9956912793459716
vn 0.14652150305549808 -0.12807876049243314 0.9808808695519959
vn 0.14285230221292117 -0.09201834972774563 -0.9854571746483205
vn -0.032393949086185064 -0.26096147717379004 -0.964805544912484
vn -0.13000311629182476 -0.47343028996403497 -0.8711847968708958
vn 0.14285230221292117 -0.09201834972774563 -0.9854571746483205
vn -0.13000311629182476 -0.47343028996403497 -0.8711847968708958
vn -0.027366098201968843 -0.3264049280666793 -0.9448338052816411
vn -0.04385674477479401 0.8828547328695288 -0.4675939548236607
vn 0.3088805262546748 0.9059937180431653 -0.28942737148887043
vn 0.15628041190737477 0.9758928462412954 -0.15234692484302037
vn -0.703347655111748 -0.4685290010486525 0.5345864300795123
vn -0.7682956369818617 -0.5616715862408267 0.30699648760914083
vn -0.47031424928432186 -0.8688646963417043 0.15452717033312516
vn -0.703347655111748 -0.4685290010486525 0.5345864300795123
vn -0.47031424928432186 -0.8688646963417043 0.15452717033312516
vn -0.3824253523844128 -0.7429984024156261 0.5492760907426111
vn 0.9113368664120968 -0.41102757689127517 0.022835213006823958
vn 0.9566063239790467 -0.09261079392605957 -0.2762744681864034
vn 0.9019992045065232 -0.2878440753559352 -0.32178132847026114
vn -0.0038779634504238054 -0.9994325541613435 -0.03345939452546119
vn 0.00470943630289357 -0.9821205791830668 -0.1881940199762637
vn 0.22468169623440637 -0.9609294694837978 -0.16165608573393384
vn -0.0038779634504238054 -0.9994325541613435 -0.03345939452546119
vn 0.22468169623440637 -0.9609294694837978 -0.16165608573393384
vn 0.17918642401496923 -0.9835395657350975 -0.02328407357709157
vn 0.3828424120862791 -0.18380701960722753 -0.9053433973090365
vn 0.15093888107533163 -0.062057092391507966 -0.9865933161458366
vn 0.14690297390558615 0.12377514958821582 -0.9813761911734508
vn 0.3828424120862791 -0.18380701960722753 -0.9053433973090365
vn 0.14690297390558615 0.12377514958821582 -0.9813761911734508
vn 0.30521999375540054 0.005635519089720853 -0.9522651922319447
vn 0.1348412748976242 0.9264283394549563 -0.3514944699973467
vn 0.020469336992579888 0.9970887200483707 -0.07345128042033146
vn 0.20199632117206184 0.9787134558832637 -0.03629679746192673
vn -0.022713583393792425 0.6909839090581985 0.7225132044136389
vn -0.10018594566785871 0.5111391080025595 0.8536390270840389
vn 0.06215614769832481 0.5963599954393867 0.8003070467906918
vn -0.022713583393792425 0.6909839090581985 0.7225132044136389
vn 0.06215614769832481 0.5963599954393867 0.8003070467906918
vn 0.008272875722151468 0.5553856399505527 0.8315517725698147
vn -0.3824253523844128 -0.7429984024156261 0.5492760907426111
vn -0.15441153461904614 -0.671611690567299 0.724634262969897
vn -0.2434000044889229 -0.27266669285548867 0.9308111045867701
vn -0.3824253523844128 -0.7429984024156261 0.5492760907426111
vn -0.2434000044889229 -0.27266669285548867 0.9308111045867701
vn -0.501572940416466 -0.31488788658094724 0.8057730476545891
vn -0.0959464886397471 -0.9438936399819641 0.3160048539489565
vn -0.15441153461904614 -0.671611690567299 0.724634262969897
vn -0.3824253523844128 -0.7429984024156261 0.5492760907426111
vn -0.2165860684585744 0.6775736928628627 0.7028402134837198
vn -0.022713583393792425 0.6909839090581985 0.7225132044136389
vn -0.014002336684239048 0.8746746860310165 0.4845081301525538
vn -0.2165860684585744 0.6775736928628627 0.7028402134837198
vn -0.014002336684239048 0.8746746860310165 0.4845081301525538
vn -0.28197430044619837 0.8719458350259389 0.40025111451287054
vn -0.26284384125688914 -0.8694875900777007 -0.41821578857594
vn -0.30445640858690814 -0.673654720112495 -0.6734208293040226
vn -0.13000311629182476 -0.47343028996403497 -0.8711847968708958
vn -0.26284384125688914 -0.8694875900777007 -0.41821578857594
vn -0.13000311629182476 -0.47343028996403497 -0.8711847968708958
vn -0.18168362545929959 -0.7911197815730653 -0.5840552640322235
vn 0.2632663769023362 -0.44121936577604587 0.857913915295061
vn 0.6719877197958443 -0.574503981044482 0.4673089772384258
vn 0.7828606749457513 0.0914056314795256 0.6154463211014523
vn 0.2632663769023362 -0.44121936577604587 0.857913915295061
vn 0.7828606749457513 0.0914056314795256 0.6154463211014523
vn 0.22749168366726297 0.025729548562404975 0.9734400465324039
vn 0.1348412748976242 0.9264283394549563 -0.3514944699973467
vn 0.1722361940183836 0.793370148938738 -0.5838651387460863
vn -0.0655494535785633 0.8276019569642163 -0.5574749052330077
vn 0.2632663769023362 -0.44121936577604587 0.857913915295061
vn 0.22749168366726297 0.025729548562404975 0.9734400465324039
vn 0.0015327947804572306 -0.09271745668720331 0.9956912793459716
vn 0.2632663769023362 -0.44121936577604587 0.857913915295061
vn 0.0015327947804572306 -0.09271745668720331 0.9956912793459716
vn 0.02446645259502172 -0.6245314701873161 0.7806163176894811
vn 0.2632663769023362 -0.44121936577604587 0.857913915295061
vn 0.02446645259502172 -0.6245314701873161 0.7806163176894811
vn 0.13366829828153579 -0.9748431754411503 0.17836358745644482
vn 0.2632663769023362 -0.44121936577604587 0.857913915295061
vn 0.13366829828153579 -0.9748431754411503 0.17836358745644482
vn 0.6719877197958443 -0.574503981044482 0.4673089772384258
vn 0.6218787820337858 -0.5856866348029941 -0.5198441557518167
vn 0.33499015533495435 -0.6729704295471803 -0.6594637190806989
vn 0.3828424120862791 -0.18380701960722753 -0.9053433973090365
vn 0.6218787820337858 -0.5856866348029941 -0.5198441557518167
vn 0.3828424120862791 -0.18380701960722753 -0.9053433973090365
vn 0.7417219773489548 -0.2857609966298931 -0.6067859269319342
vn 0.6218787820337858 -0.5856866348029941 -0.5198441557518167
vn 0.6793745868641188 -0.7102844131305032 -0.18424500858114082
vn 0.22468169623440637 -0.9609294694837978 -0.16165608573393384
vn 0.6218787820337858 -0.5856866348029941 -0.5198441557518167
vn 0.22468169623440637 -0.9609294694837978 -0.16165608573393384
vn 0.33499015533495435 -0.6729704295471803 -0.6594637190806989
vn -0.053800850474292665 0.42397773992633264 -0.9040731964477222
vn 0.2893039082473828 0.6300883289132545 -0.7206191410447633
vn -0.23823873773073703 0.5465804314188061 -0.8028026755277397
vn -0.053800850474292665 0.42397773992633264 -0.9040731964477222
vn -0.23823873773073703 0.5465804314188061 -0.8028026755277397
vn -0.23668673409070975 0.28383132952765033 -0.9292035117691064
vn -0.028687045882843324 -0.984011018874538 -0.17578216101757643
vn -0.06596350379192291 -0.981563105726278 -0.17939533339659744
vn -0.0862066163005221 -0.7238561568520487 -0.6845441428376964
vn -0.028687045882843324 -0.984011018874538 -0.17578216101757643
vn -0.0862066163005221 -0.7238561568520487 -0.6845441428376964
vn 0.08236754973070874 -0.6484217330176725 -0.7568122904008083
vn 0.08236754973070874 -0.6484217330176725 -0.7568122904008083
vn -0.0862066163005221 -0.7238561568520487 -0.6845441428376964
vn -0.032393949086185064 -0.26096147717379004 -0.964805544912484
vn 0.08236754973070874 -0.6484217330176725 -0.7568122904008083
vn -0.032393949086185064 -0.26096147717379004 -0.964805544912484
vn 0.0496875596886418 -0.09986281485014602 -0.9937598123401817
vn -0.037572679934252916 -0.6584483447434288 0.7516874822871515
vn -0.02573443774518522 -0.6528002574890769 0.7570928361410733
vn -0.0959464886397471 -0.9438936399819641 0.3160048539489565
vn -0.037572679934252916 -0.6584483447434288 0.7516874822871515
vn -0.0959464886397471 -0.9438936399819641 0.3160048539489565
vn -0.06862277152041653 -0.9789301875775152 0.19231901382418706
vn 0.41178067841328775 0.7155048812210927 -0.5643486846217352
vn 0.1722361940183836 0.793370148938738 -0.5838651387460863
vn 0.3088805262546748 0.9059937180431653 -0.28942737148887043
vn 0.4084687609556847 0.5104034618871105 -0.7567308487282521
vn 0.1722361940183836 0.793370148938738 -0.5838651387460863
vn 0.41178067841328775 0.7155048812210927 -0.5643486846217352
vn -0.06862277152041653 -0.9789301875775152 0.19231901382418706
vn -0.022340915548974508 -0.9930103957778272 0.11589321537344849
vn -0.06746734213684102 -0.6811586594631759 0.7290206021665777
vn -0.06862277152041653 -0.9789301875775152 0.19231901382418706
vn -0.06746734213684102 -0.6811586594631759 0.7290206021665777
vn -0.037572679934252916 -0.6584483447434288 0.7516874822871515
vn -0.2650681906536654 0.42325567362289873 0.8663679870872528
vn -0.1269970825289627 0.4217508563980098 0.8977738892152506
vn -0.04457890154914206 0.42124698431753965 0.905849711453313
vn -0.2650681906536654 0.42325567362289873 0.8663679870872528
vn -0.04457890154914206 0.42124698431753965 0.905849711453313
vn 0.006869522828371186 0.42317347277057926 0.9060226385689257
vn -0.1269970825289627 0.4217508563980098 0.8977738892152506
vn -0.2650681906536654 0.42325567362289873 0.8663679870872528
vn 0.016423530066706573 0.6945033339047458 0.7193020136600071
vn -0.26504810279689434 0.7508301822083592 0.6049822647720586
vn -0.03793508834061781 0.7823394842045063 0.6216959550513552
vn 0.016423530066706573 0.6945033339047458 0.7193020136600071
vn -0.26504810279689434 0.7508301822083592 0.6049822647720586
vn 0.016423530066706573 0.6945033339047458 0.7193020136600071
vn -0.2650681906536654 0.42325567362289873 0.8663679870872528
vn -0.3892807452044122 -0.3915719538404938 -0.8337457084619001
vn -0.6472922894179297 -0.43485998283222316 -0.6260267465462267
vn -0.7232316669766773 0.06604444108750182 -0.687440242991037
vn -0.3892807452044122 -0.3915719538404938 -0.8337457084619001
vn -0.7232316669766773 0.06604444108750182 -0.687440242991037
vn -0.42879908126278693 0.013968178812344252 -0.9032918896396979
vn -0.4800892658899174 0.22028323738510722 0.8491110599352811
vn -0.5338451846134231 -0.05115219200712412 0.8440336321011899
vn -0.2538439492332663 0.018754634168581696 0.9670633449443017
vn -0.42879908126278693 0.013968178812344252 -0.9032918896396979
vn -0.7232316669766773 0.06604444108750182 -0.687440242991037
vn -0.6905150366226167 0.3271614132001001 -0.6451002975592088
vn -0.42879908126278693 0.013968178812344252 -0.9032918896396979
vn -0.6905150366226167 0.3271614132001001 -0.6451002975592088
vn -0.3611042996429943 0.2644022413623831 -0.8942567525838934
vn -0.3611042996429943 0.2644022413623831 -0.8942567525838934
vn -0.02328817975258708 0.12527400069891131 -0.9918488218638465
vn -0.06575873337281667 -0.15238812562379944 -0.9861306445669701
vn -0.3611042996429943 0.2644022413623831 -0.8942567525838934
vn -0.06575873337281667 -0.15238812562379944 -0.9861306445669701
vn -0.42879908126278693 0.013968178812344252 -0.9032918896396979
vn 0.23713478862512558 0.08996408747832996 -0.9673022045813338
vn 0.19443301328626625 0.11550419437591034 -0.9740916714693719
vn 0.3932195419823376 0.17281573581155185 -0.9030576466976582
vn 0.23713478862512558 0.08996408747832996 -0.9673022045813338
vn 0.3932195419823376 0.17281573581155185 -0.9030576466976582
vn 0.6929847035807295 0.04054610976723394 -0.719811234689951
vn -0.3892807452044122 -0.3915719538404938 -0.8337457084619001
vn -0.42879908126278693 0.013968178812344252 -0.9032918896396979
vn -0.06575873337281667 -0.15238812562379944 -0.9861306445669701
vn 0.6929847035807295 0.04054610976723394 -0.719811234689951
vn 0.3932195419823376 0.17281573581155185 -0.9030576466976582
vn 0.7373891331643265 0.1706768763054512 -0.6535492867303709
vn 0.6929847035807295 0.04054610976723394 -0.719811234689951
vn 0.7373891331643265 0.1706768763054512 -0.6535492867303709
vn 0.9566063239790467 -0.09261079392605957 -0.2762744681864034
vn 0.19281635601748168 -0.06366247221250423 0.9791674741758591
vn 0.6340437439366182 -0.0351798844511402 0.7724965414193391
vn 0.11966832760102143 -0.8028834666618139 0.5840013958290533
vn 0.19281635601748168 -0.06366247221250423 0.9791674741758591
vn 0.11966832760102143 -0.8028834666618139 0.5840013958290533
vn -0.3506297602212643 -0.7200079259417985 0.5988717373763505
vn 0.9863571157670106 -0.15183107791876993 -0.06361575240307117
vn 0.6929847035807295 0.04054610976723394 -0.719811234689951
vn 0.9566063239790467 -0.09261079392605957 -0.2762744681864034
vn 0.6340437439366182 -0.0351798844511402 0.7724965414193391
vn 0.19281635601748168 -0.06366247221250423 0.9791674741758591
vn 0.6721098372322761 0.3058928642855583 0.6743129260771888
vn -0.16674309713690372 -0.28286543253684093 0.9445548616321549
vn 0.19281635601748168 -0.06366247221250423 0.9791674741758591
vn -0.3506297602212643 -0.7200079259417985 0.5988717373763505
vn -0.16674309713690372 -0.28286543253684093 0.9445548616321549
vn -0.3506297602212643 -0.7200079259417985 0.5988717373763505
vn -0.6441871917102762 -0.6155540946111556 0.4540000205328943
vn 0.19281635601748168 -0.06366247221250423 0.9791674741758591
vn -0.16674309713690372 -0.28286543253684093 0.9445548616321549
vn 0.1573488773934442 0.32167908487767166 0.9336829746414393
vn 0.19281635601748168 -0.06366247221250423 0.9791674741758591
vn 0.1573488773934442 0.32167908487767166 0.9336829746414393
vn 0.3068005610812148 0.19188029023204387 0.9322313929174014
vn 0.3068005610812148 0.19188029023204387 0.9322313929174014
vn 0.2611271298032996 0.1767506050071818 0.9489846393436966
vn 0.6721098372322761 0.3058928642855583 0.6743129260771888
vn 0.3068005610812148 0.19188029023204387 0.9322313929174014
vn 0.6721098372322761 0.3058928642855583 0.6743129260771888
vn 0.19281635601748168 -0.06366247221250423 0.9791674741758591
vn -0.07332540818009292 0.0544474495825915 0.9958206965860741
vn -0.050080133181932614 -0.24977046386149943 0.9670091497203588
vn 0.0920435213076278 -0.17278991496973853 0.9806485789874183
vn -0.07332540818009292 0.0544474495825915 0.9958206965860741
vn 0.0920435213076278 -0.17278991496973853 0.9806485789874183
vn 0.13168552443110387 0.11511684355487425 0.9845847017830756
vn 0.18313313529341416 -0.07115551644974426 -0.9805096364831781
vn 0.18395859827467329 -0.04906273030179314 -0.9817087565139424
vn 0.2663467767801067 -0.051724645844317345 -0.9624884183776592
vn 0.18313313529341416 -0.07115551644974426 -0.9805096364831781
vn 0.2663467767801067 -0.051724645844317345 -0.9624884183776592
vn 0.18569697871116478 0.008370930368886021 -0.9825714017934292
vn 0.18395859827467329 -0.04906273030179314 -0.9817087565139424
vn 0.18313313529341416 -0.07115551644974426 -0.9805096364831781
vn 0.18050754587139375 -0.10617520178025043 -0.9778260849509025
vn -0.3824253523844128 -0.7429984024156261 0.5492760907426111
vn -0.47031424928432186 -0.8688646963417043 0.15452717033312516
vn -0.13619358246109978 -0.9902511108665022 0.029224057282826926
vn -0.3824253523844128 -0.7429984024156261 0.5492760907426111
vn -0.13619358246109978 -0.9902511108665022 0.029224057282826926
vn -0.0959464886397471 -0.9438936399819641 0.3160048539489565
vn -0.5415709558454078 -0.09949701476848417 0.8347462152276292
vn -0.40146706627566314 0.11318433437850589 0.9088528490065414
vn -0.7278937907473707 0.07965274215185528 0.6810477736980814
vn -0.7682956369818617 -0.5616715862408267 0.30699648760914083
vn -0.703347655111748 -0.4685290010486525 0.5345864300795123
vn -0.7627772108004115 -0.1762470128893939 0.6221799716570042
vn -0.7682956369818617 -0.5616715862408267 0.30699648760914083
vn -0.7627772108004115 -0.1762470128893939 0.6221799716570042
vn -0.8933702114191283 -0.2226805239556396 0.3902602331775347
vn 0.7828606749457513 0.0914056314795256 0.6154463211014523
vn 0.6719877197958443 -0.574503981044482 0.4673089772384258
vn 0.8478175409681387 -0.5296241195632384 0.026527517856050852
vn 0.7828606749457513 0.0914056314795256 0.6154463211014523
vn 0.8478175409681387 -0.5296241195632384 0.026527517856050852
vn 0.9804388393107719 0.11655909246622767 0.1585990552758617
vn -0.26310055068390914 0.9329232073354073 -0.2458300011081644
vn -0.4922612206102293 0.8703501918247519 -0.013016692127588582
vn -0.29618665124398846 0.9517618110036301 0.08014313906980577
vn -0.26310055068390914 0.9329232073354073 -0.2458300011081644
vn -0.29618665124398846 0.9517618110036301 0.08014313906980577
vn 0.020469336992579888 0.9970887200483707 -0.07345128042033146
vn 0.7882780314546936 -0.6150233889536515 -0.01907815939440763
vn 0.7490718015458789 -0.6219186995080793 0.22827301051808743
vn 0.17918642401496923 -0.9835395657350975 -0.02328407357709157
vn -0.19627585050081814 0.9188796012088959 0.34225147040204384
vn 0.03742808410931901 0.8930846013202917 0.448329157432886
vn -0.03793508834061781 0.7823394842045063 0.6216959550513552
vn -0.19627585050081814 0.9188796012088959 0.34225147040204384
vn -0.03793508834061781 0.7823394842045063 0.6216959550513552
vn -0.26504810279689434 0.7508301822083592 0.6049822647720586
vn 0.14337516547002183 0.9860582270281408 0.08445551987030364
vn -0.01932537806955873 0.971378386110228 -0.23674999632599272
vn 0.15628041190737477 0.9758928462412954 -0.15234692484302037
vn 0.14337516547002183 0.9860582270281408 0.08445551987030364
vn 0.15628041190737477 0.9758928462412954 -0.15234692484302037
vn 0.2832469922114291 0.9553113732168866 -0.08456548708335469
vn 0.6904892233308275 -0.6488147083849983 0.31978759614356517
vn 0.8645976808194267 -0.07522479755700692 0.4968018520035692
vn 0.9268525854455931 -0.20048267574845777 0.31741295118119905
vn 0.6904892233308275 -0.6488147083849983 0.31978759614356517
vn 0.9268525854455931 -0.20048267574845777 0.31741295118119905
vn 0.9113368664120968 -0.41102757689127517 0.022835213006823958
vn 0.20199632117206184 0.9787134558832637 -0.03629679746192673
vn 0.14337516547002183 0.9860582270281408 0.08445551987030364
vn 0.2832469922114291 0.9553113732168866 -0.08456548708335469
vn 0.8874770194520869 -0.10090424892685908 0.44966973713265007
vn 0.9268525854455931 -0.20048267574845777 0.31741295118119905
vn 0.8645976808194267 -0.07522479755700692 0.4968018520035692
vn -0.9925261512284609 0.1153218813295351 0.03990868093830068
vn -0.949450709161303 0.3133283861994996 -0.019200866509511447
vn -0.8545525789961126 0.3419786033495019 -0.3908842854122137
vn -0.9925261512284609 0.1153218813295351 0.03990868093830068
vn -0.8545525789961126 0.3419786033495019 -0.3908842854122137
vn -0.9165469172167169 0.11579609832851885 -0.3827963063463712
vn -0.9165469172167169 0.11579609832851885 -0.3827963063463712
vn -0.8944840967784127 -0.24243902915606907 -0.3756614403320761
vn -0.9811388818706613 -0.1903974130033913 0.033396401051682206
vn -0.9165469172167169 0.11579609832851885 -0.3827963063463712
vn -0.9811388818706613 -0.1903974130033913 0.033396401051682206
vn -0.9925261512284609 0.1153218813295351 0.03990868093830068
vn -0.3908639399449695 0.45511777820048765 0.8000582406403594
vn -0.10018594566785871 0.5111391080025595 0.8536390270840389
vn -0.022713583393792425 0.6909839090581985 0.7225132044136389
vn -0.3908639399449695 0.45511777820048765 0.8000582406403594
vn -0.022713583393792425 0.6909839090581985 0.7225132044136389
vn -0.2165860684585744 0.6775736928628627 0.7028402134837198
vn -0.1508556286408852 0.9492630932621059 0.2759386871713021
vn -0.018314959267573563 0.517132885730715 0.8557091449568891
vn 0.01715933992064113 0.6831092466032221 0.7301145898135897
vn -0.7309507486014825 -0.6794493716815718 0.06371463285972864
vn -0.5578236526536839 -0.8049879544113817 -0.202057332934693
vn -0.4155837585581437 -0.9045591770388021 -0.09519892256518281
vn -0.0655494535785633 0.8276019569642163 -0.5574749052330077
vn -0.26310055068390914 0.9329232073354073 -0.2458300011081644
vn 0.020469336992579888 0.9970887200483707 -0.07345128042033146
vn -0.0655494535785633 0.8276019569642163 -0.5574749052330077
vn 0.020469336992579888 0.9970887200483707 -0.07345128042033146
vn 0.1348412748976242 0.9264283394549563 -0.3514944699973467
vn -0.30445640858690814 -0.673654720112495 -0.6734208293040226
vn -0.3892807452044122 -0.3915719538404938 -0.8337457084619001
vn -0.027366098201968843 -0.3264049280666793 -0.9448338052816411
vn -0.30445640858690814 -0.673654720112495 -0.6734208293040226
vn -0.027366098201968843 -0.3264049280666793 -0.9448338052816411
vn -0.13000311629182476 -0.47343028996403497 -0.8711847968708958
vn -0.26310055068390914 0.9329232073354073 -0.2458300011081644
vn -0.0655494535785633 0.8276019569642163 -0.5574749052330077
vn -0.35607254203853705 0.7593001783157479 -0.5446793405444047
vn -0.42688763167361043 -0.8009040602779536 -0.4199043178563233
vn -0.6472922894179297 -0.43485998283222316 -0.6260267465462267
vn -0.3892807452044122 -0.3915719538404938 -0.8337457084619001
vn -0.42688763167361043 -0.8009040602779536 -0.4199043178563233
vn -0.3892807452044122 -0.3915719538404938 -0.8337457084619001
vn -0.30445640858690814 -0.673654720112495 -0.6734208293040226
vn -0.18168362545929959 -0.7911197815730653 -0.5840552640322235
vn -0.0862066163005221 -0.7238561568520487 -0.6845441428376964
vn -0.06596350379192291 -0.981563105726278 -0.17939533339659744
vn -0.18168362545929959 -0.7911197815730653 -0.5840552640322235
vn -0.06596350379192291 -0.981563105726278 -0.17939533339659744
vn -0.26284384125688914 -0.8694875900777007 -0.41821578857594
vn -0.032393949086185064 -0.26096147717379004 -0.964805544912484
vn -0.0862066163005221 -0.7238561568520487 -0.6845441428376964
vn -0.18168362545929959 -0.7911197815730653 -0.5840552640322235
vn -0.032393949086185064 -0.26096147717379004 -0.964805544912484
vn -0.18168362545929959 -0.7911197815730653 -0.5840552640322235
vn -0.13000311629182476 -0.47343028996403497 -0.8711847968708958
vn 0.2893039082473828 0.6300883289132545 -0.7206191410447633
vn 0.41178067841328775 0.7155048812210927 -0.5643486846217352
vn 0.3088805262546748 0.9059937180431653 -0.28942737148887043
vn 0.2893039082473828 0.6300883289132545 -0.7206191410447633
vn 0.3088805262546748 0.9059937180431653 -0.28942737148887043
vn -0.04385674477479401 0.8828547328695288 -0.4675939548236607
vn 0.33217416385136345 0.5180481700584479 -0.7882172405934426
vn 0.4084687609556847 0.5104034618871105 -0.7567308487282521
vn 0.41178067841328775 0.7155048812210927 -0.5643486846217352
vn 0.33217416385136345 0.5180481700584479 -0.7882172405934426
vn 0.41178067841328775 0.7155048812210927 -0.5643486846217352
vn 0.2893039082473828 0.6300883289132545 -0.7206191410447633
vn 0.6793745868641188 -0.7102844131305032 -0.18424500858114082
vn 0.6218787820337858 -0.5856866348029941 -0.5198441557518167
vn 0.7417219773489548 -0.2857609966298931 -0.6067859269319342
vn 0.6793745868641188 -0.7102844131305032 -0.18424500858114082
vn 0.7417219773489548 -0.2857609966298931 -0.6067859269319342
vn 0.9458627243025072 -0.2999758735410892 -0.12392813267494922
vn 0.30521999375540054 0.005635519089720853 -0.9522651922319447
vn 0.7507662637235858 -0.11961908619280118 -0.6496470514617351
vn 0.7417219773489548 -0.2857609966298931 -0.6067859269319342
vn 0.30521999375540054 0.005635519089720853 -0.9522651922319447
vn 0.7417219773489548 -0.2857609966298931 -0.6067859269319342
vn 0.3828424120862791 -0.18380701960722753 -0.9053433973090365
vn 0.7882780314546936 -0.6150233889536515 -0.01907815939440763
vn 0.17918642401496923 -0.9835395657350975 -0.02328407357709157
vn 0.22468169623440637 -0.9609294694837978 -0.16165608573393384
vn 0.7882780314546936 -0.6150233889536515 -0.01907815939440763
vn 0.22468169623440637 -0.9609294694837978 -0.16165608573393384
vn 0.6793745868641188 -0.7102844131305032 -0.18424500858114082
vn -0.26504810279689434 0.7508301822083592 0.6049822647720586
vn -0.5045416262346625 0.6421076936531369 0.5771788779468038
vn -0.449542580156437 0.8569612503169158 0.25204936834192115
vn -0.26504810279689434 0.7508301822083592 0.6049822647720586
vn -0.449542580156437 0.8569612503169158 0.25204936834192115
vn -0.19627585050081814 0.9188796012088959 0.34225147040204384
vn 0.22749168366726297 0.025729548562404975 0.9734400465324039
vn 0.2611271298032996 0.1767506050071818 0.9489846393436966
vn 0.14652150305549808 -0.12807876049243314 0.9808808695519959
vn 0.22749168366726297 0.025729548562404975 0.9734400465324039
vn 0.14652150305549808 -0.12807876049243314 0.9808808695519959
vn 0.0015327947804572306 -0.09271745668720331 0.9956912793459716
vn 0.6721098372322761 0.3058928642855583 0.6743129260771888
vn 0.2611271298032996 0.1767506050071818 0.9489846393436966
vn 0.22749168366726297 0.025729548562404975 0.9734400465324039
vn 0.6721098372322761 0.3058928642855583 0.6743129260771888
vn 0.22749168366726297 0.025729548562404975 0.9734400465324039
vn 0.7828606749457513 0.0914056314795256 0.6154463211014523
vn 0.02446645259502172 -0.6245314701873161 0.7806163176894811
vn -0.06746734213684102 -0.6811586594631759 0.7290206021665777
vn -0.022340915548974508 -0.9930103957778272 0.11589321537344849
vn 0.02446645259502172 -0.6245314701873161 0.7806163176894811
vn -0.022340915548974508 -0.9930103957778272 0.11589321537344849
vn 0.13366829828153579 -0.9748431754411503 0.17836358745644482
vn 0.0015327947804572306 -0.09271745668720331 0.9956912793459716
vn 0.021240898519653006 -0.22659558286731837 0.973757293197385
vn -0.06746734213684102 -0.6811586594631759 0.7290206021665777
vn 0.0015327947804572306 -0.09271745668720331 0.9956912793459716
vn -0.06746734213684102 -0.6811586594631759 0.7290206021665777
vn 0.02446645259502172 -0.6245314701873161 0.7806163176894811
vn -0.022713583393792425 0.6909839090581985 0.7225132044136389
vn 0.016423530066706573 0.6945033339047458 0.7193020136600071
vn -0.03793508834061781 0.7823394842045063 0.6216959550513552
vn -0.022713583393792425 0.6909839090581985 0.7225132044136389
vn -0.03793508834061781 0.7823394842045063 0.6216959550513552
vn -0.014002336684239048 0.8746746860310165 0.4845081301525538
vn 0.33499015533495435 -0.6729704295471803 -0.6594637190806989
vn 0.22468169623440637 -0.9609294694837978 -0.16165608573393384
vn 0.00470943630289357 -0.9821205791830668 -0.1881940199762637
vn 0.33499015533495435 -0.6729704295471803 -0.6594637190806989
vn 0.00470943630289357 -0.9821205791830668 -0.1881940199762637
vn 0.08236754973070874 -0.6484217330176725 -0.7568122904008083
vn 0.15093888107533163 -0.062057092391507966 -0.9865933161458366
vn 0.3828424120862791 -0.18380701960722753 -0.9053433973090365
vn 0.33499015533495435 -0.6729704295471803 -0.6594637190806989
vn 0.15093888107533163 -0.062057092391507966 -0.9865933161458366
vn 0.33499015533495435 -0.6729704295471803 -0.6594637190806989
vn 0.08236754973070874 -0.6484217330176725 -0.7568122904008083
vn -0.5045416262346625 0.6421076936531369 0.5771788779468038
vn -0.26504810279689434 0.7508301822083592 0.6049822647720586
vn 0.006869522828371186 0.42317347277057926 0.9060226385689257
vn -0.5045416262346625 0.6421076936531369 0.5771788779468038
vn 0.006869522828371186 0.42317347277057926 0.9060226385689257
vn -0.40146706627566314 0.11318433437850589 0.9088528490065414
vn -0.0959464886397471 -0.9438936399819641 0.3160048539489565
vn -0.02573443774518522 -0.6528002574890769 0.7570928361410733
vn -0.15441153461904614 -0.671611690567299 0.724634262969897
vn -0.0525424140440947 0.32562084590950324 0.9440393844727023
vn -0.40146706627566314 0.11318433437850589 0.9088528490065414
vn 0.006869522828371186 0.42317347277057926 0.9060226385689257
vn -0.0525424140440947 0.32562084590950324 0.9440393844727023
vn 0.006869522828371186 0.42317347277057926 0.9060226385689257
vn -0.04457890154914206 0.42124698431753965 0.905849711453313
vn -0.037572679934252916 -0.6584483447434288 0.7516874822871515
vn 0.0920435213076278 -0.17278991496973853 0.9806485789874183
vn -0.050080133181932614 -0.24977046386149943 0.9670091497203588
vn -0.037572679934252916 -0.6584483447434288 0.7516874822871515
vn -0.050080133181932614 -0.24977046386149943 0.9670091497203588
vn -0.02573443774518522 -0.6528002574890769 0.7570928361410733
vn -0.06862277152041653 -0.9789301875775152 0.19231901382418706
vn -0.0959464886397471 -0.9438936399819641 0.3160048539489565
vn -0.13619358246109978 -0.9902511108665022 0.029224057282826926
vn 0.021240898519653006 -0.22659558286731837 0.973757293197385
vn 0.15037695541644577 -0.23883867773823916 0.9593450147344958
vn 0.0920435213076278 -0.17278991496973853 0.9806485789874183
vn 0.021240898519653006 -0.22659558286731837 0.973757293197385
vn 0.0920435213076278 -0.17278991496973853 0.9806485789874183
vn -0.037572679934252916 -0.6584483447434288 0.7516874822871515
vn 0.7373891331643265 0.1706768763054512 -0.6535492867303709
vn 0.3932195419823376 0.17281573581155185 -0.9030576466976582
vn 0.10544467496315822 0.3462853715265731 -0.9321844570623442
vn 0.7373891331643265 0.1706768763054512 -0.6535492867303709
vn 0.10544467496315822 0.3462853715265731 -0.9321844570623442
vn 0.5092124735252633 0.3031513187245485 -0.8054824236206835
vn 0.0496875596886418 -0.09986281485014602 -0.9937598123401817
vn -0.032393949086185064 -0.26096147717379004 -0.964805544912484
vn 0.14285230221292117 -0.09201834972774563 -0.9854571746483205
vn -0.501572940416466 -0.31488788658094724 0.8057730476545891
vn -0.7627772108004115 -0.1762470128893939 0.6221799716570042
vn -0.703347655111748 -0.4685290010486525 0.5345864300795123
vn -0.3611042996429943 0.2644022413623831 -0.8942567525838934
vn -0.6905150366226167 0.3271614132001001 -0.6451002975592088
vn -0.5441999082315782 0.5455239583645289 -0.6373774946850868
vn 0.19443301328626625 0.11550419437591034 -0.9740916714693719
vn 0.2300810796914963 0.1657614209068202 -0.9589503887620814
vn 0.10544467496315822 0.3462853715265731 -0.9321844570623442
vn 0.19443301328626625 0.11550419437591034 -0.9740916714693719
vn 0.10544467496315822 0.3462853715265731 -0.9321844570623442
vn 0.3932195419823376 0.17281573581155185 -0.9030576466976582
vn 0.18050754587139375 -0.10617520178025043 -0.9778260849509025
vn -0.06575873337281667 -0.15238812562379944 -0.9861306445669701
vn -0.02328817975258708 0.12527400069891131 -0.9918488218638465
vn 0.18050754587139375 -0.10617520178025043 -0.9778260849509025
vn -0.02328817975258708 0.12527400069891131 -0.9918488218638465
vn 0.18395859827467329 -0.04906273030179314 -0.9817087565139424
vn -0.005491478707953046 0.376518378205535 0.9263928726707009
vn -0.07332540818009292 0.0544474495825915 0.9958206965860741
vn 0.12355637512510866 0.4205464271295149 0.8988184047929498
vn 0.3555988495067701 0.20483588537827765 -0.9119165083990741
vn 0.2663467767801067 -0.051724645844317345 -0.9624884183776592
vn 0.18395859827467329 -0.04906273030179314 -0.9817087565139424
vn -0.027366098201968843 -0.3264049280666793 -0.9448338052816411
vn -0.06575873337281667 -0.15238812562379944 -0.9861306445669701
vn 0.18050754587139375 -0.10617520178025043 -0.9778260849509025
vn -0.027366098201968843 -0.3264049280666793 -0.9448338052816411
vn 0.18050754587139375 -0.10617520178025043 -0.9778260849509025
vn 0.14285230221292117 -0.09201834972774563 -0.9854571746483205
vn 0.14652150305549808 -0.12807876049243314 0.9808808695519959
vn 0.2611271298032996 0.1767506050071818 0.9489846393436966
vn 0.0920435213076278 -0.17278991496973853 0.9806485789874183
vn 0.14652150305549808 -0.12807876049243314 0.9808808695519959
vn 0.0920435213076278 -0.17278991496973853 0.9806485789874183
vn 0.15037695541644577 -0.23883867773823916 0.9593450147344958
vn 0.1450326205240294 0.368878299228389 0.9180927727317669
vn 0.13168552443110387 0.11511684355487425 0.9845847017830756
vn 0.3068005610812148 0.19188029023204387 0.9322313929174014
vn 0.18569697871116478 0.008370930368886021 -0.9825714017934292
vn 0.2663467767801067 -0.051724645844317345 -0.9624884183776592
vn 0.19443301328626625 0.11550419437591034 -0.9740916714693719
vn 0.18569697871116478 0.008370930368886021 -0.9825714017934292
vn 0.19443301328626625 0.11550419437591034 -0.9740916714693719
vn 0.23713478862512558 0.08996408747832996 -0.9673022045813338
vn -0.2538439492332663 0.018754634168581696 0.9670633449443017
vn -0.2434000044889229 -0.27266669285548867 0.9308111045867701
vn -0.050080133181932614 -0.24977046386149943 0.9670091497203588
vn 0.11966832760102143 -0.8028834666618139 0.5840013958290533
vn 0.11476254694113895 -0.9602306041675808 0.25453240390870796
vn -0.06980669971329266 -0.9167170548443418 0.3933914920694828
vn 0.30521999375540054 0.005635519089720853 -0.9522651922319447
vn 0.14690297390558615 0.12377514958821582 -0.9813761911734508
vn 0.18313313529341416 -0.07115551644974426 -0.9805096364831781
vn 0.30521999375540054 0.005635519089720853 -0.9522651922319447
vn 0.18313313529341416 -0.07115551644974426 -0.9805096364831781
vn 0.23713478862512558 0.08996408747832996 -0.9673022045813338
vn -0.7232316669766773 0.06604444108750182 -0.687440242991037
vn -0.9165469172167169 0.11579609832851885 -0.3827963063463712
vn -0.8545525789961126 0.3419786033495019 -0.3908842854122137
vn -0.7232316669766773 0.06604444108750182 -0.687440242991037
vn -0.8545525789961126 0.3419786033495019 -0.3908842854122137
vn -0.6905150366226167 0.3271614132001001 -0.6451002975592088
vn -0.4598575695926882 -0.38999451602906887 0.7977689472244193
vn -0.6441871917102762 -0.6155540946111556 0.4540000205328943
vn -0.3506297602212643 -0.7200079259417985 0.5988717373763505
vn -0.4598575695926882 -0.38999451602906887 0.7977689472244193
vn -0.3506297602212643 -0.7200079259417985 0.5988717373763505
vn -0.2003915237011848 -0.7497055263092112 0.6307018796944768
vn -0.42688763167361043 -0.8009040602779536 -0.4199043178563233
vn -0.26284384125688914 -0.8694875900777007 -0.41821578857594
vn -0.4155837585581437 -0.9045591770388021 -0.09519892256518281
vn -0.42688763167361043 -0.8009040602779536 -0.4199043178563233
vn -0.4155837585581437 -0.9045591770388021 -0.09519892256518281
vn -0.5578236526536839 -0.8049879544113817 -0.202057332934693
vn -0.13912192691253694 -0.9813070853493627 -0.13297177781499891
vn -0.4155837585581437 -0.9045591770388021 -0.09519892256518281
vn -0.26284384125688914 -0.8694875900777007 -0.41821578857594
vn 0.3088805262546748 0.9059937180431653 -0.28942737148887043
vn 0.1348412748976242 0.9264283394549563 -0.3514944699973467
vn 0.20199632117206184 0.9787134558832637 -0.03629679746192673
vn 0.3088805262546748 0.9059937180431653 -0.28942737148887043
vn 0.20199632117206184 0.9787134558832637 -0.03629679746192673
vn 0.2832469922114291 0.9553113732168866 -0.08456548708335469
vn -0.0316833649286345 0.9746512842859416 0.2214746902618077
vn 0.020469336992579888 0.9970887200483707 -0.07345128042033146
vn -0.29618665124398846 0.9517618110036301 0.08014313906980577
vn 0.17918642401496923 -0.9835395657350975 -0.02328407357709157
vn 0.7490718015458789 -0.6219186995080793 0.22827301051808743
vn 0.5368324355501912 -0.8433833185826898 -0.02270493509567741
vn -0.4213714106195607 0.7853616367445877 -0.45349005925416264
vn -0.04385674477479401 0.8828547328695288 -0.4675939548236607
vn -0.364666951869902 0.8219468506409656 -0.4375173012982605
vn 0.9113368664120968 -0.41102757689127517 0.022835213006823958
vn 0.9268525854455931 -0.20048267574845777 0.31741295118119905
vn 0.9863571157670106 -0.15183107791876993 -0.06361575240307117
vn 0.9113368664120968 -0.41102757689127517 0.022835213006823958
vn 0.9863571157670106 -0.15183107791876993 -0.06361575240307117
vn 0.9566063239790467 -0.09261079392605957 -0.2762744681864034
vn 0.2832469922114291 0.9553113732168866 -0.08456548708335469
vn 0.15628041190737477 0.9758928462412954 -0.15234692484302037
vn 0.3088805262546748 0.9059937180431653 -0.28942737148887043
vn 0.00470943630289357 -0.9821205791830668 -0.1881940199762637
vn -0.0038779634504238054 -0.9994325541613435 -0.03345939452546119
vn -0.028687045882843324 -0.984011018874538 -0.17578216101757643
vn 0.8207792438471019 -0.5605356895607426 -0.11009620156228116
vn 0.9019992045065232 -0.2878440753559352 -0.32178132847026114
vn 0.861503891217552 -0.2705797900176203 -0.42964825456533257
vn 0.8207792438471019 -0.5605356895607426 -0.11009620156228116
vn 0.861503891217552 -0.2705797900176203 -0.42964825456533257
vn 0.9302678166157916 -0.31583894104808413 -0.18667499212940267
vn 0.7490718015458789 -0.6219186995080793 0.22827301051808743
vn 0.6479577422908241 0.22729559360105314 0.7269714418977701
vn 0.461694465368924 -0.03455626992732102 0.8863656609190214
vn 0.7490718015458789 -0.6219186995080793 0.22827301051808743
vn 0.461694465368924 -0.03455626992732102 0.8863656609190214
vn 0.5368324355501912 -0.8433833185826898 -0.02270493509567741
vn 0.8780216573478755 0.39665394012088423 0.267849997227306
vn 0.9735808604903761 0.11325007273828484 0.19827942180567354
vn 0.9846156074210688 0.11628589719737072 -0.13042122425373162
vn -0.04385674477479401 0.8828547328695288 -0.4675939548236607
vn 0.15628041190737477 0.9758928462412954 -0.15234692484302037
vn -0.01932537806955873 0.971378386110228 -0.23674999632599272
vn -0.04385674477479401 0.8828547328695288 -0.4675939548236607
vn -0.01932537806955873 0.971378386110228 -0.23674999632599272
vn -0.364666951869902 0.8219468506409656 -0.4375173012982605
vn 0.9670973649181084 -0.24788082312252072 0.0572519370550272
vn 0.8446856797712649 0.28865121105812486 0.4507622219574685
vn 0.9804388393107719 0.11655909246622767 0.1585990552758617
vn 0.9670973649181084 -0.24788082312252072 0.0572519370550272
vn 0.9804388393107719 0.11655909246622767 0.1585990552758617
vn 0.8478175409681387 -0.5296241195632384 0.026527517856050852
vn 0.9670973649181084 -0.24788082312252072 0.0572519370550272
vn 0.8478175409681387 -0.5296241195632384 0.026527517856050852
vn 0.5368324355501912 -0.8433833185826898 -0.02270493509567741
vn -0.8613223874877445 -0.4850510234641621 0.15115968195514579
vn -0.8126594914011817 -0.57698794536769 -0.08166677375741278
vn -0.5578236526536839 -0.8049879544113817 -0.202057332934693
vn -0.8613223874877445 -0.4850510234641621 0.15115968195514579
vn -0.5578236526536839 -0.8049879544113817 -0.202057332934693
vn -0.7309507486014825 -0.6794493716815718 0.06371463285972864
vn -0.13912192691253694 -0.9813070853493627 -0.13297177781499891
vn -0.13619358246109978 -0.9902511108665022 0.029224057282826926
vn -0.47031424928432186 -0.8688646963417043 0.15452717033312516
vn -0.13912192691253694 -0.9813070853493627 -0.13297177781499891
vn -0.47031424928432186 -0.8688646963417043 0.15452717033312516
vn -0.4155837585581437 -0.9045591770388021 -0.09519892256518281
vn -0.4155837585581437 -0.9045591770388021 -0.09519892256518281
vn -0.47031424928432186 -0.8688646963417043 0.15452717033312516
vn -0.7682956369818617 -0.5616715862408267 0.30699648760914083
vn -0.4155837585581437 -0.9045591770388021 -0.09519892256518281
vn -0.7682956369818617 -0.5616715862408267 0.30699648760914083
vn -0.7309507486014825 -0.6794493716815718 0.06371463285972864
vn -0.4922612206102293 0.8703501918247519 -0.013016692127588582
vn -0.5955167285101146 0.7503505830673581 0.2869387191633196
vn -0.28197430044619837 0.8719458350259389 0.40025111451287054
vn -0.4922612206102293 0.8703501918247519 -0.013016692127588582
vn -0.28197430044619837 0.8719458350259389 0.40025111451287054
vn -0.29618665124398846 0.9517618110036301 0.08014313906980577
vn -0.29618665124398846 0.9517618110036301 0.08014313906980577
vn -0.28197430044619837 0.8719458350259389 0.40025111451287054
vn -0.014002336684239048 0.8746746860310165 0.4845081301525538
vn -0.29618665124398846 0.9517618110036301 0.08014313906980577
vn -0.014002336684239048 0.8746746860310165 0.4845081301525538
vn -0.0316833649286345 0.9746512842859416 0.2214746902618077
vn 0.5368324355501912 -0.8433833185826898 -0.02270493509567741
vn 0.8478175409681387 -0.5296241195632384 0.026527517856050852
vn 0.13366829828153579 -0.9748431754411503 0.17836358745644482
vn 0.5368324355501912 -0.8433833185826898 -0.02270493509567741
vn 0.13366829828153579 -0.9748431754411503 0.17836358745644482
vn 0.17918642401496923 -0.9835395657350975 -0.02328407357709157
vn -0.3083047241968142 0.9504113975035755 -0.04082122650321968
vn -0.4212044429767695 0.7982354364471577 -0.430589137364896
vn -0.4108413107329978 0.8600546495632456 -0.3025151519508324
vn -0.3083047241968142 0.9504113975035755 -0.04082122650321968
vn -0.4108413107329978 0.8600546495632456 -0.3025151519508324
vn -0.364666951869902 0.8219468506409656 -0.4375173012982605
vn 0.14337516547002183 0.9860582270281408 0.08445551987030364
vn 0.12146041569836007 0.9569639083878617 0.2635667760955655
vn 0.03742808410931901 0.8930846013202917 0.448329157432886
vn 0.14337516547002183 0.9860582270281408 0.08445551987030364
vn 0.03742808410931901 0.8930846013202917 0.448329157432886
vn -0.19627585050081814 0.9188796012088959 0.34225147040204384
vn 0.8645976808194267 -0.07522479755700692 0.4968018520035692
vn 0.6904892233308275 -0.6488147083849983 0.31978759614356517
vn 0.11966832760102143 -0.8028834666618139 0.5840013958290533
vn 0.8645976808194267 -0.07522479755700692 0.4968018520035692
vn 0.11966832760102143 -0.8028834666618139 0.5840013958290533
vn 0.6340437439366182 -0.0351798844511402 0.7724965414193391
vn -0.0038779634504238054 -0.9994325541613435 -0.03345939452546119
vn -0.06862277152041653 -0.9789301875775152 0.19231901382418706
vn -0.028687045882843324 -0.984011018874538 -0.17578216101757643
vn -0.06862277152041653 -0.9789301875775152 0.19231901382418706
vn -0.13619358246109978 -0.9902511108665022 0.029224057282826926
vn -0.03461479639612185 -0.9979437037067551 -0.053946085145255514
vn -0.9925261512284609 0.1153218813295351 0.03990868093830068
vn -0.9811388818706613 -0.1903974130033913 0.033396401051682206
vn -0.8933702114191283 -0.2226805239556396 0.3902602331775347
vn -0.9925261512284609 0.1153218813295351 0.03990868093830068
vn -0.8933702114191283 -0.2226805239556396 0.3902602331775347
vn -0.9042006129118297 0.154608978902203 0.3981423303954124
vn -0.7309507486014825 -0.6794493716815718 0.06371463285972864
vn -0.7682956369818617 -0.5616715862408267 0.30699648760914083
vn -0.8933702114191283 -0.2226805239556396 0.3902602331775347
vn -0.7309507486014825 -0.6794493716815718 0.06371463285972864
vn -0.8933702114191283 -0.2226805239556396 0.3902602331775347
vn -0.8613223874877445 -0.4850510234641621 0.15115968195514579
vn 0.13415604667673134 0.9235811920613591 0.3591656119544155
vn 0.35540818733490753 0.9071924592463069 0.22513742972227607
vn 0.012699448291672378 0.9865333234047433 0.16306663001693256
vn 0.11966832760102143 -0.8028834666618139 0.5840013958290533
vn 0.6904892233308275 -0.6488147083849983 0.31978759614356517
vn 0.4403956098674515 -0.873338674339231 0.2081616360256383
vn 0.12146041569836007 0.9569639083878617 0.2635667760955655
vn -0.0316833649286345 0.9746512842859416 0.2214746902618077
vn -0.014002336684239048 0.8746746860310165 0.4845081301525538
vn 0.12146041569836007 0.9569639083878617 0.2635667760955655
vn -0.014002336684239048 0.8746746860310165 0.4845081301525538
vn 0.03742808410931901 0.8930846013202917 0.448329157432886
vn -0.13619358246109978 -0.9902511108665022 0.029224057282826926
vn -0.13912192691253694 -0.9813070853493627 -0.13297177781499891
vn -0.03461479639612185 -0.9979437037067551 -0.053946085145255514
vn -0.6728525994395194 0.7397178878083935 0.009318040768895275
vn -0.564809729709777 0.7542694483501428 -0.3347649451641259
vn -0.7439925509400935 0.5353078968134719 -0.3999006623585282
vn -0.6728525994395194 0.7397178878083935 0.009318040768895275
vn -0.7439925509400935 0.5353078968134719 -0.3999006623585282
vn -0.8325987448274778 0.5258149444484672 -0.17406313310510105
vn -0.5955167285101146 0.7503505830673581 0.2869387191633196
vn -0.4922612206102293 0.8703501918247519 -0.013016692127588582
vn -0.6728525994395194 0.7397178878083935 0.009318040768895275
vn 0.12355637512510866 0.4205464271295149 0.8988184047929498
vn 0.008272875722151468 0.5553856399505527 0.8315517725698147
vn 0.06215614769832481 0.5963599954393867 0.8003070467906918
vn 0.12355637512510866 0.4205464271295149 0.8988184047929498
vn 0.06215614769832481 0.5963599954393867 0.8003070467906918
vn -0.005491478707953046 0.376518378205535 0.9263928726707009
vn -0.8325987448274778 0.5258149444484672 -0.17406313310510105
vn -0.8553055055762789 0.49849210553666984 0.14127318517158025
vn -0.6728525994395194 0.7397178878083935 0.009318040768895275
vn 0.3555988495067701 0.20483588537827765 -0.9119165083990741
vn 0.13267048684163288 0.21030824196202552 -0.968591237459872
vn 0.17723312397903873 0.4376045182677006 -0.8815274841752379
vn -0.8200062004953701 0.13986530044489526 0.5550022782661401
vn -0.0525424140440947 0.32562084590950324 0.9440393844727023
vn 0.1573488773934442 0.32167908487767166 0.9336829746414393
vn -0.8200062004953701 0.13986530044489526 0.5550022782661401
vn 0.1573488773934442 0.32167908487767166 0.9336829746414393
vn -0.5968633389327231 -0.31836110996535016 0.736478348832952
vn 0.33217416385136345 0.5180481700584479 -0.7882172405934426
vn -0.15208929094230653 0.535501005143359 -0.8307271038500662
vn 0.10544467496315822 0.3462853715265731 -0.9321844570623442
vn 0.33217416385136345 0.5180481700584479 -0.7882172405934426
vn 0.10544467496315822 0.3462853715265731 -0.9321844570623442
vn 0.2841820334886574 0.4092287765572525 -0.8670480841797104
vn -0.7037721902162742 0.3367532865648454 0.625541308201116
vn -0.4800892658899174 0.22028323738510722 0.8491110599352811
vn -0.3908639399449695 0.45511777820048765 0.8000582406403594
vn -0.7037721902162742 0.3367532865648454 0.625541308201116
vn -0.3908639399449695 0.45511777820048765 0.8000582406403594
vn -0.538613073082788 0.6411196257356481 0.5466823419508791
vn -0.21843627940734486 0.5171225175535442 -0.8275686640259893
vn -0.5441999082315782 0.5455239583645289 -0.6373774946850868
vn -0.35607254203853705 0.7593001783157479 -0.5446793405444047
vn -0.0655494535785633 0.8276019569642163 -0.5574749052330077
vn 0.10221689506995442 0.6308215368162071 -0.7691657136476485
vn 0.002883106842948074 0.4487138093010172 -0.8936708594541407
vn -0.0655494535785633 0.8276019569642163 -0.5574749052330077
vn 0.002883106842948074 0.4487138093010172 -0.8936708594541407
vn -0.21843627940734486 0.5171225175535442 -0.8275686640259893
vn 0.15401784864663468 0.2869864086860573 -0.9454720003933177
vn -0.15208929094230653 0.535501005143359 -0.8307271038500662
vn -0.053800850474292665 0.42397773992633264 -0.9040731964477222
vn 0.15401784864663468 0.2869864086860573 -0.9454720003933177
vn -0.053800850474292665 0.42397773992633264 -0.9040731964477222
vn -0.23668673409070975 0.28383132952765033 -0.9292035117691064
vn -0.04385674477479401 0.8828547328695288 -0.4675939548236607
vn -0.4213714106195607 0.7853616367445877 -0.45349005925416264
vn -0.23823873773073703 0.5465804314188061 -0.8028026755277397
vn -0.04385674477479401 0.8828547328695288 -0.4675939548236607
vn -0.23823873773073703 0.5465804314188061 -0.8028026755277397
vn 0.2893039082473828 0.6300883289132545 -0.7206191410447633
vn -0.7278937907473707 0.07965274215185528 0.6810477736980814
vn -0.0525424140440947 0.32562084590950324 0.9440393844727023
vn -0.8200062004953701 0.13986530044489526 0.5550022782661401
vn -0.1269970825289627 0.4217508563980098 0.8977738892152506
vn 0.008272875722151468 0.5553856399505527 0.8315517725698147
vn -0.04457890154914206 0.42124698431753965 0.905849711453313
vn -0.4922612206102293 0.8703501918247519 -0.013016692127588582
vn -0.26310055068390914 0.9329232073354073 -0.2458300011081644
vn -0.564809729709777 0.7542694483501428 -0.3347649451641259
vn -0.4922612206102293 0.8703501918247519 -0.013016692127588582
vn -0.564809729709777 0.7542694483501428 -0.3347649451641259
vn -0.6728525994395194 0.7397178878083935 0.009318040768895275
vn -0.8553055055762789 0.49849210553666984 0.14127318517158025
vn -0.8152322083237629 0.4302714193641891 0.38763765579454085
vn -0.5955167285101146 0.7503505830673581 0.2869387191633196
vn -0.8553055055762789 0.49849210553666984 0.14127318517158025
vn -0.5955167285101146 0.7503505830673581 0.2869387191633196
vn -0.6728525994395194 0.7397178878083935 0.009318040768895275
vn -0.1787073829114582 0.3164679134334481 0.9316178031038356
vn -0.005491478707953046 0.376518378205535 0.9263928726707009
vn 0.06215614769832481 0.5963599954393867 0.8003070467906918
vn -0.1787073829114582 0.3164679134334481 0.9316178031038356
vn 0.06215614769832481 0.5963599954393867 0.8003070467906918
vn -0.10018594566785871 0.5111391080025595 0.8536390270840389
vn -0.538613073082788 0.6411196257356481 0.5466823419508791
vn -0.5955167285101146 0.7503505830673581 0.2869387191633196
vn -0.8152322083237629 0.4302714193641891 0.38763765579454085
vn 0.33217416385136345 0.5180481700584479 -0.7882172405934426
vn 0.2841820334886574 0.4092287765572525 -0.8670480841797104
vn 0.3555988495067701 0.20483588537827765 -0.9119165083990741
vn 0.33217416385136345 0.5180481700584479 -0.7882172405934426
vn 0.3555988495067701 0.20483588537827765 -0.9119165083990741
vn 0.4084687609556847 0.5104034618871105 -0.7567308487282521
vn 0.002883106842948074 0.4487138093010172 -0.8936708594541407
vn 0.17723312397903873 0.4376045182677006 -0.8815274841752379
vn 0.13267048684163288 0.21030824196202552 -0.968591237459872
vn -0.5441999082315782 0.5455239583645289 -0.6373774946850868
vn -0.7439925509400935 0.5353078968134719 -0.3999006623585282
vn -0.564809729709777 0.7542694483501428 -0.3347649451641259
vn -0.5441999082315782 0.5455239583645289 -0.6373774946850868
vn -0.564809729709777 0.7542694483501428 -0.3347649451641259
vn -0.35607254203853705 0.7593001783157479 -0.5446793405444047
vn 0.8876170028721987 0.46053083983965154 0.006884894244689824
vn 0.6842822764495161 0.7290852019407774 -0.013875678291308029
vn 0.6874792618084834 0.7244767175850834 -0.050057469576537054
vn 0.9957753716842072 -0.0762889159059442 -0.051101961381875664
vn 0.9863571157670106 -0.15183107791876993 -0.06361575240307117
vn 0.9268525854455931 -0.20048267574845777 0.31741295118119905
vn 0.9957753716842072 -0.0762889159059442 -0.051101961381875664
vn 0.9268525854455931 -0.20048267574845777 0.31741295118119905
vn 0.8874770194520869 -0.10090424892685908 0.44966973713265007
vn 0.1573488773934442 0.32167908487767166 0.9336829746414393
vn -0.0525424140440947 0.32562084590950324 0.9440393844727023
vn -0.04457890154914206 0.42124698431753965 0.905849711453313
vn -0.8933702114191283 -0.2226805239556396 0.3902602331775347
vn -0.9811388818706613 -0.1903974130033913 0.033396401051682206
vn -0.8613223874877445 -0.4850510234641621 0.15115968195514579
vn -0.6472922894179297 -0.43485998283222316 -0.6260267465462267
vn -0.8944840967784127 -0.24243902915606907 -0.3756614403320761
vn -0.9165469172167169 0.11579609832851885 -0.3827963063463712
vn -0.6472922894179297 -0.43485998283222316 -0.6260267465462267
vn -0.9165469172167169 0.11579609832851885 -0.3827963063463712
vn -0.7232316669766773 0.06604444108750182 -0.687440242991037
vn 0.2611271298032996 0.1767506050071818 0.9489846393436966
vn 0.3068005610812148 0.19188029023204387 0.9322313929174014
vn 0.13168552443110387 0.11511684355487425 0.9845847017830756
vn 0.2611271298032996 0.1767506050071818 0.9489846393436966
vn 0.13168552443110387 0.11511684355487425 0.9845847017830756
vn 0.0920435213076278 -0.17278991496973853 0.9806485789874183
vn -0.8933702114191283 -0.2226805239556396 0.3902602331775347
vn -0.7627772108004115 -0.1762470128893939 0.6221799716570042
vn -0.7584066313517471 0.07811914325394725 0.647083287513257
vn -0.8933702114191283 -0.2226805239556396 0.3902602331775347
vn -0.7584066313517471 0.07811914325394725 0.647083287513257
vn -0.9042006129118297 0.154608978902203 0.3981423303954124
vn -0.9811388818706613 -0.1903974130033913 0.033396401051682206
vn -0.8944840967784127 -0.24243902915606907 -0.3756614403320761
vn -0.7051668177735457 -0.6365823796703244 -0.3122541160727872
vn -0.9811388818706613 -0.1903974130033913 0.033396401051682206
vn -0.7051668177735457 -0.6365823796703244 -0.3122541160727872
vn -0.8126594914011817 -0.57698794536769 -0.08166677375741278
vn 0.0496875596886418 -0.09986281485014602 -0.9937598123401817
vn 0.14285230221292117 -0.09201834972774563 -0.9854571746483205
vn 0.18050754587139375 -0.10617520178025043 -0.9778260849509025
vn 0.0496875596886418 -0.09986281485014602 -0.9937598123401817
vn 0.18050754587139375 -0.10617520178025043 -0.9778260849509025
vn 0.18313313529341416 -0.07115551644974426 -0.9805096364831781
vn 0.7507662637235858 -0.11961908619280118 -0.6496470514617351
vn 0.30521999375540054 0.005635519089720853 -0.9522651922319447
vn 0.23713478862512558 0.08996408747832996 -0.9673022045813338
vn 0.7507662637235858 -0.11961908619280118 -0.6496470514617351
vn 0.23713478862512558 0.08996408747832996 -0.9673022045813338
vn 0.6929847035807295 0.04054610976723394 -0.719811234689951
vn 0.14690297390558615 0.12377514958821582 -0.9813761911734508
vn 0.0496875596886418 -0.09986281485014602 -0.9937598123401817
vn 0.18313313529341416 -0.07115551644974426 -0.9805096364831781
vn -0.5338451846134231 -0.05115219200712412 0.8440336321011899
vn -0.501572940416466 -0.31488788658094724 0.8057730476545891
vn -0.2434000044889229 -0.27266669285548867 0.9308111045867701
vn -0.5338451846134231 -0.05115219200712412 0.8440336321011899
vn -0.2434000044889229 -0.27266669285548867 0.9308111045867701
vn -0.2538439492332663 0.018754634168581696 0.9670633449443017
vn 0.9957753716842072 -0.0762889159059442 -0.051101961381875664
vn 0.7507662637235858 -0.11961908619280118 -0.6496470514617351
vn 0.6929847035807295 0.04054610976723394 -0.719811234689951
vn 0.2300810796914963 0.1657614209068202 -0.9589503887620814
vn 0.19443301328626625 0.11550419437591034 -0.9740916714693719
vn 0.2663467767801067 -0.051724645844317345 -0.9624884183776592
vn 0.2300810796914963 0.1657614209068202 -0.9589503887620814
vn 0.2663467767801067 -0.051724645844317345 -0.9624884183776592
vn 0.3555988495067701 0.20483588537827765 -0.9119165083990741
vn -0.7627772108004115 -0.1762470128893939 0.6221799716570042
vn -0.501572940416466 -0.31488788658094724 0.8057730476545891
vn -0.5338451846134231 -0.05115219200712412 0.8440336321011899
vn -0.8545525789961126 0.3419786033495019 -0.3908842854122137
vn -0.5441999082315782 0.5455239583645289 -0.6373774946850868
vn -0.6905150366226167 0.3271614132001001 -0.6451002975592088
vn -0.1787073829114582 0.3164679134334481 0.9316178031038356
vn -0.2538439492332663 0.018754634168581696 0.9670633449443017
vn -0.07332540818009292 0.0544474495825915 0.9958206965860741
vn -0.1787073829114582 0.3164679134334481 0.9316178031038356
vn -0.07332540818009292 0.0544474495825915 0.9958206965860741
vn -0.005491478707953046 0.376518378205535 0.9263928726707009
vn -0.02328817975258708 0.12527400069891131 -0.9918488218638465
vn 0.13267048684163288 0.21030824196202552 -0.968591237459872
vn 0.18395859827467329 -0.04906273030179314 -0.9817087565139424
vn -0.9042006129118297 0.154608978902203 0.3981423303954124
vn -0.7584066313517471 0.07811914325394725 0.647083287513257
vn -0.7037721902162742 0.3367532865648454 0.625541308201116
vn -0.9042006129118297 0.154608978902203 0.3981423303954124
vn -0.7037721902162742 0.3367532865648454 0.625541308201116
vn -0.8152322083237629 0.4302714193641891 0.38763765579454085
vn -0.06884237769784181 0.3537793159798189 0.9327920039418001
vn 0.02678535015979082 0.307614540698375 0.9511339755090998
vn 0.1624687749222786 0.12779933293105614 0.978402385359741
vn -0.2538439492332663 0.018754634168581696 0.9670633449443017
vn -0.1787073829114582 0.3164679134334481 0.9316178031038356
vn -0.4800892658899174 0.22028323738510722 0.8491110599352811
vn -0.8553055055762789 0.49849210553666984 0.14127318517158025
vn -0.949450709161303 0.3133283861994996 -0.019200866509511447
vn -0.9042006129118297 0.154608978902203 0.3981423303954124
vn -0.8553055055762789 0.49849210553666984 0.14127318517158025
vn -0.9042006129118297 0.154608978902203 0.3981423303954124
vn -0.8152322083237629 0.4302714193641891 0.38763765579454085
vn -0.8325987448274778 0.5258149444484672 -0.17406313310510105
vn -0.7439925509400935 0.5353078968134719 -0.3999006623585282
vn -0.8545525789961126 0.3419786033495019 -0.3908842854122137
vn -0.8325987448274778 0.5258149444484672 -0.17406313310510105
vn -0.8545525789961126 0.3419786033495019 -0.3908842854122137
vn -0.949450709161303 0.3133283861994996 -0.019200866509511447
vn -0.21843627940734486 0.5171225175535442 -0.8275686640259893
vn 0.002883106842948074 0.4487138093010172 -0.8936708594541407
vn -0.02328817975258708 0.12527400069891131 -0.9918488218638465
vn -0.21843627940734486 0.5171225175535442 -0.8275686640259893
vn -0.02328817975258708 0.12527400069891131 -0.9918488218638465
vn -0.3611042996429943 0.2644022413623831 -0.8942567525838934
vn 0.85050327342869 0.32535792392465607 0.4132631162183732
vn 0.8780216573478755 0.39665394012088423 0.267849997227306
vn 0.9477074793165875 0.29449015369338566 -0.12298814180662207
vn -0.111389004840964 0.16256439083647933 0.9803903857303496
vn 0.14812114131055407 0.43916347024358776 0.8861126191971695
vn 0.08997823788707462 0.4859886174330183 0.8693209881466571
vn 0.8728091222158556 0.14260301336840303 -0.466763983995165
vn 0.7632067143441729 0.21485230155838136 -0.6093882175551464
vn 0.7317264938430176 0.20201209151952706 -0.6509742338127605
vn -0.5968633389327231 -0.31836110996535016 0.736478348832952
vn 0.1573488773934442 0.32167908487767166 0.9336829746414393
vn -0.14607089512379343 -0.47739971794901864 0.8664599257322472
vn 0.15401784864663468 0.2869864086860573 -0.9454720003933177
vn 0.5092124735252633 0.3031513187245485 -0.8054824236206835
vn 0.10544467496315822 0.3462853715265731 -0.9321844570623442
vn -0.5415709558454078 -0.09949701476848417 0.8347462152276292
vn -0.4164828860782569 0.07354987005188826 0.9061635736550417
vn -0.7188778135251923 -0.2182465309993627 0.6599872278521631
vn -0.5415709558454078 -0.09949701476848417 0.8347462152276292
vn -0.7188778135251923 -0.2182465309993627 0.6599872278521631
vn -0.40146706627566314 0.11318433437850589 0.9088528490065414
vn 0.7830703711991287 0.5113917550637354 0.3539481128681029
vn 0.8780216573478755 0.39665394012088423 0.267849997227306
vn 0.85050327342869 0.32535792392465607 0.4132631162183732
vn -0.4168939729153424 -0.04953040436379552 -0.907604624487128
vn -0.7510830534612903 0.4567454432094297 -0.47671568771195916
vn -0.9166212372687822 0.17489462747648366 -0.35946818589091956
vn -0.19233864958841268 0.10847134345193662 0.9753152369999342
vn -0.5415709558454078 -0.09949701476848417 0.8347462152276292
vn -0.5981784730697859 0.33041167445403286 0.7300757767111449
vn -0.19233864958841268 0.10847134345193662 0.9753152369999342
vn -0.5981784730697859 0.33041167445403286 0.7300757767111449
vn -0.15960858618240864 0.3317418835247318 0.9297700909000653
vn -0.7510830534612903 0.4567454432094297 -0.47671568771195916
vn -0.23823873773073703 0.5465804314188061 -0.8028026755277397
vn -0.4213714106195607 0.7853616367445877 -0.45349005925416264
vn -0.7510830534612903 0.4567454432094297 -0.47671568771195916
vn -0.4213714106195607 0.7853616367445877 -0.45349005925416264
vn -0.4395300632166058 0.8714762110373879 -0.21758340268670448
vn -0.5981784730697859 0.33041167445403286 0.7300757767111449
vn -0.41655863526834397 0.398107575463514 0.8173061003944222
vn -0.05530563802208002 0.4116270480776256 0.9096727211991523
vn -0.5981784730697859 0.33041167445403286 0.7300757767111449
vn -0.05530563802208002 0.4116270480776256 0.9096727211991523
vn -0.15960858618240864 0.3317418835247318 0.9297700909000653
vn 0.9846195588959353 -0.11964139984975453 -0.1273195180699528
vn 0.9705210678181168 0.16882097050066583 -0.1720126066321765
vn 0.7970887343191324 -0.3721223308778404 -0.4755780908363697
vn 0.7982482081788895 0.45481730395244807 -0.3948936795703609
vn 0.8728091222158556 0.14260301336840303 -0.466763983995165
vn 0.8611784521775518 0.31495474263513923 -0.3989676473057804
vn 0.9477074793165875 0.29449015369338566 -0.12298814180662207
vn 0.8728091222158556 0.14260301336840303 -0.466763983995165
vn 0.7982482081788895 0.45481730395244807 -0.3948936795703609
vn -0.7042374932868118 0.08594916503699218 0.704742714810555
vn -0.4598575695926882 -0.38999451602906887 0.7977689472244193
vn -0.111389004840964 0.16256439083647933 0.9803903857303496
vn 0.14812114131055407 0.43916347024358776 0.8861126191971695
vn 0.02678535015979082 0.307614540698375 0.9511339755090998
vn 0.08997823788707462 0.4859886174330183 0.8693209881466571
vn 0.85050327342869 0.32535792392465607 0.4132631162183732
vn 0.9477074793165875 0.29449015369338566 -0.12298814180662207
vn 0.8876170028721987 0.46053083983965154 0.006884894244689824
vn 0.6688354015740581 0.4486756678967055 0.5927472907055027
vn -0.06884237769784181 0.3537793159798189 0.9327920039418001
vn 0.6079152745040692 0.24250209580160387 0.7560633257581482
vn 0.5092124735252633 0.3031513187245485 -0.8054824236206835
vn 0.7632067143441729 0.21485230155838136 -0.6093882175551464
vn 0.7373891331643265 0.1706768763054512 -0.6535492867303709
vn -0.05530563802208002 0.4116270480776256 0.9096727211991523
vn 0.01715933992064113 0.6831092466032221 0.7301145898135897
vn -0.15960858618240864 0.3317418835247318 0.9297700909000653
vn 0.08997823788707462 0.4859886174330183 0.8693209881466571
vn 0.17215023861866033 0.36171437784374433 0.9162570622945568
vn -0.05530563802208002 0.4116270480776256 0.9096727211991523
vn 0.08997823788707462 0.4859886174330183 0.8693209881466571
vn 0.02678535015979082 0.307614540698375 0.9511339755090998
vn 0.17215023861866033 0.36171437784374433 0.9162570622945568
vn -0.41655863526834397 0.398107575463514 0.8173061003944222
vn -0.111389004840964 0.16256439083647933 0.9803903857303496
vn 0.08997823788707462 0.4859886174330183 0.8693209881466571
vn -0.41655863526834397 0.398107575463514 0.8173061003944222
vn 0.08997823788707462 0.4859886174330183 0.8693209881466571
vn -0.05530563802208002 0.4116270480776256 0.9096727211991523
vn 0.15401784864663468 0.2869864086860573 -0.9454720003933177
vn 0.6522061035698253 -0.025822568149356975 -0.757601738013079
vn 0.7317264938430176 0.20201209151952706 -0.6509742338127605
vn -0.111389004840964 0.16256439083647933 0.9803903857303496
vn -0.41655863526834397 0.398107575463514 0.8173061003944222
vn -0.7042374932868118 0.08594916503699218 0.704742714810555
vn -0.7042374932868118 0.08594916503699218 0.704742714810555
vn -0.5981784730697859 0.33041167445403286 0.7300757767111449
vn -0.7278937907473707 0.07965274215185528 0.6810477736980814
vn -0.7042374932868118 0.08594916503699218 0.704742714810555
vn -0.7278937907473707 0.07965274215185528 0.6810477736980814
vn -0.8200062004953701 0.13986530044489526 0.5550022782661401
vn -0.5981784730697859 0.33041167445403286 0.7300757767111449
vn -0.7042374932868118 0.08594916503699218 0.704742714810555
vn -0.41655863526834397 0.398107575463514 0.8173061003944222
vn 0.7632067143441729 0.21485230155838136 -0.6093882175551464
vn 0.5092124735252633 0.3031513187245485 -0.8054824236206835
vn 0.15401784864663468 0.2869864086860573 -0.9454720003933177
vn 0.7632067143441729 0.21485230155838136 -0.6093882175551464
vn 0.15401784864663468 0.2869864086860573 -0.9454720003933177
vn 0.7317264938430176 0.20201209151952706 -0.6509742338127605
vn 0.4354293444851993 0.7057337833870626 0.5588748634062658
vn 0.6789961688927817 0.664837270088159 0.31137695311414676
vn 0.35540818733490753 0.9071924592463069 0.22513742972227607
vn -0.8138162332556438 -0.2575561337516446 0.5209299151099891
vn -0.7042374932868118 0.08594916503699218 0.704742714810555
vn -0.8200062004953701 0.13986530044489526 0.5550022782661401
vn -0.8138162332556438 -0.2575561337516446 0.5209299151099891
vn -0.8200062004953701 0.13986530044489526 0.5550022782661401
vn -0.5968633389327231 -0.31836110996535016 0.736478348832952
vn 0.7982482081788895 0.45481730395244807 -0.3948936795703609
vn 0.8876170028721987 0.46053083983965154 0.006884894244689824
vn 0.9477074793165875 0.29449015369338566 -0.12298814180662207
vn 0.8469591389521529 0.3763251187676984 0.375552422345943
vn 0.85050327342869 0.32535792392465607 0.4132631162183732
vn 0.6789961688927817 0.664837270088159 0.31137695311414676
vn 0.7830703711991287 0.5113917550637354 0.3539481128681029
vn 0.85050327342869 0.32535792392465607 0.4132631162183732
vn 0.8469591389521529 0.3763251187676984 0.375552422345943
vn 0.6688354015740581 0.4486756678967055 0.5927472907055027
vn 0.17215023861866033 0.36171437784374433 0.9162570622945568
vn -0.06884237769784181 0.3537793159798189 0.9327920039418001
vn 0.6522061035698253 -0.025822568149356975 -0.757601738013079
vn 0.9705210678181168 0.16882097050066583 -0.1720126066321765
vn 0.8611784521775518 0.31495474263513923 -0.3989676473057804
vn 0.6522061035698253 -0.025822568149356975 -0.757601738013079
vn 0.8611784521775518 0.31495474263513923 -0.3989676473057804
vn 0.7317264938430176 0.20201209151952706 -0.6509742338127605
vn 0.6842822764495161 0.7290852019407774 -0.013875678291308029
vn 0.7982482081788895 0.45481730395244807 -0.3948936795703609
vn 0.8611784521775518 0.31495474263513923 -0.3989676473057804
vn 0.9187975536802825 0.207624681599942 0.33571274468159706
vn 0.7830703711991287 0.5113917550637354 0.3539481128681029
vn 0.894992329522999 0.4238035608723739 0.13920945329571346
vn 0.9187975536802825 0.207624681599942 0.33571274468159706
vn 0.894992329522999 0.4238035608723739 0.13920945329571346
vn 0.6079152745040692 0.24250209580160387 0.7560633257581482
vn 0.85050327342869 0.32535792392465607 0.4132631162183732
vn 0.8876170028721987 0.46053083983965154 0.006884894244689824
vn 0.6789961688927817 0.664837270088159 0.31137695311414676
vn 0.6688354015740581 0.4486756678967055 0.5927472907055027
vn 0.8469591389521529 0.3763251187676984 0.375552422345943
vn 0.4354293444851993 0.7057337833870626 0.5588748634062658
vn -0.4108413107329978 0.8600546495632456 -0.3025151519508324
vn -0.4212044429767695 0.7982354364471577 -0.430589137364896
vn -0.1931918171569006 0.9800931742238801 0.04576343107081805
vn -0.4108413107329978 0.8600546495632456 -0.3025151519508324
vn -0.1931918171569006 0.9800931742238801 0.04576343107081805
vn -0.36454867904991933 0.9105375355967618 -0.19500168428076328
vn 0.11476254694113895 -0.9602306041675808 0.25453240390870796
vn 0.7898501563369699 -0.512430627786497 0.3369741566363817
vn 0.5187755746032687 -0.6564261900585221 0.5477011595754583
vn 0.11476254694113895 -0.9602306041675808 0.25453240390870796
vn 0.5187755746032687 -0.6564261900585221 0.5477011595754583
vn 0.24664197167229943 -0.933043867610064 0.26191005884626467
vn 0.11476254694113895 -0.9602306041675808 0.25453240390870796
vn 0.11966832760102143 -0.8028834666618139 0.5840013958290533
vn 0.4403956098674515 -0.873338674339231 0.2081616360256383
vn 0.7112364348006057 -0.702945453002861 -0.00322860879111792
vn 0.6904892233308275 -0.6488147083849983 0.31978759614356517
vn 0.9113368664120968 -0.41102757689127517 0.022835213006823958
vn 0.7112364348006057 -0.702945453002861 -0.00322860879111792
vn 0.9113368664120968 -0.41102757689127517 0.022835213006823958
vn 0.8207792438471019 -0.5605356895607426 -0.11009620156228116
vn 0.5187755746032687 -0.6564261900585221 0.5477011595754583
vn 0.7898501563369699 -0.512430627786497 0.3369741566363817
vn 0.6079152745040692 0.24250209580160387 0.7560633257581482
vn 0.13415604667673134 0.9235811920613591 0.3591656119544155
vn 0.012699448291672378 0.9865333234047433 0.16306663001693256
vn -0.1508556286408852 0.9492630932621059 0.2759386871713021
vn 0.012699448291672378 0.9865333234047433 0.16306663001693256
vn -0.12039655928590369 0.9703765349873059 -0.20946133022146554
vn -0.36454867904991933 0.9105375355967618 -0.19500168428076328
vn -0.3506297602212643 -0.7200079259417985 0.5988717373763505
vn 0.11966832760102143 -0.8028834666618139 0.5840013958290533
vn -0.06980669971329266 -0.9167170548443418 0.3933914920694828
vn -0.3506297602212643 -0.7200079259417985 0.5988717373763505
vn -0.06980669971329266 -0.9167170548443418 0.3933914920694828
vn -0.2003915237011848 -0.7497055263092112 0.6307018796944768
vn 0.8814459733461689 0.05469203395484985 -0.4691074263894214
vn 0.8941769713005491 0.09628068447773956 -0.43723857765786756
vn 0.861503891217552 -0.2705797900176203 -0.42964825456533257
vn 0.8941769713005491 0.09628068447773956 -0.43723857765786756
vn 0.9846156074210688 0.11628589719737072 -0.13042122425373162
vn 0.9302678166157916 -0.31583894104808413 -0.18667499212940267
vn 0.9188428872425419 -0.015106896881400244 -0.39433428741412296
vn 0.9566063239790467 -0.09261079392605957 -0.2762744681864034
vn 0.7373891331643265 0.1706768763054512 -0.6535492867303709
vn 0.20543371789548517 0.5001065635559743 0.8412433730139408
vn 0.02678535015979082 0.307614540698375 0.9511339755090998
vn 0.14812114131055407 0.43916347024358776 0.8861126191971695
vn 0.20543371789548517 0.5001065635559743 0.8412433730139408
vn 0.14812114131055407 0.43916347024358776 0.8861126191971695
vn 0.20100665629324213 0.04743456513095115 0.9784407422816407
vn 0.7898501563369699 -0.512430627786497 0.3369741566363817
vn 0.4403956098674515 -0.873338674339231 0.2081616360256383
vn 0.9062080664110973 -0.4141322257383815 0.08533135400563317
vn 0.7112364348006057 -0.702945453002861 -0.00322860879111792
vn 0.9062080664110973 -0.4141322257383815 0.08533135400563317
vn 0.4403956098674515 -0.873338674339231 0.2081616360256383
vn 0.24664197167229943 -0.933043867610064 0.26191005884626467
vn -0.06980669971329266 -0.9167170548443418 0.3933914920694828
vn 0.11476254694113895 -0.9602306041675808 0.25453240390870796
vn 0.2337979359267315 -0.7329608137132673 0.6388325059960435
vn -0.06980669971329266 -0.9167170548443418 0.3933914920694828
vn 0.24664197167229943 -0.933043867610064 0.26191005884626467
vn 0.20543371789548517 0.5001065635559743 0.8412433730139408
vn 0.1624687749222786 0.12779933293105614 0.978402385359741
vn 0.02678535015979082 0.307614540698375 0.9511339755090998
vn 0.20100665629324213 0.04743456513095115 0.9784407422816407
vn 0.14812114131055407 0.43916347024358776 0.8861126191971695
vn -0.111389004840964 0.16256439083647933 0.9803903857303496
vn 0.20100665629324213 0.04743456513095115 0.9784407422816407
vn -0.111389004840964 0.16256439083647933 0.9803903857303496
vn -0.09071467755636563 -0.26188906758383207 0.9608251472333119
vn 0.4160668600285571 0.8712707883156561 0.26033743759550265
vn 0.012699448291672378 0.9865333234047433 0.16306663001693256
vn 0.35540818733490753 0.9071924592463069 0.22513742972227607
vn 0.4160668600285571 0.8712707883156561 0.26033743759550265
vn 0.35540818733490753 0.9071924592463069 0.22513742972227607
vn 0.6789961688927817 0.664837270088159 0.31137695311414676
vn 0.8814459733461689 0.05469203395484985 -0.4691074263894214
vn 0.7632067143441729 0.21485230155838136 -0.6093882175551464
vn 0.8728091222158556 0.14260301336840303 -0.466763983995165
vn 0.9477074793165875 0.29449015369338566 -0.12298814180662207
vn 0.8814459733461689 0.05469203395484985 -0.4691074263894214
vn 0.8728091222158556 0.14260301336840303 -0.466763983995165
vn -0.16674309713690372 -0.28286543253684093 0.9445548616321549
vn -0.6441871917102762 -0.6155540946111556 0.4540000205328943
vn -0.5968633389327231 -0.31836110996535016 0.736478348832952
vn -0.16674309713690372 -0.28286543253684093 0.9445548616321549
vn -0.5968633389327231 -0.31836110996535016 0.736478348832952
vn -0.14607089512379343 -0.47739971794901864 0.8664599257322472
vn 0.7898501563369699 -0.512430627786497 0.3369741566363817
vn 0.9062080664110973 -0.4141322257383815 0.08533135400563317
vn 0.9187975536802825 0.207624681599942 0.33571274468159706
vn 0.1032098255676503 -0.5028202488932907 0.8582071598449786
vn -0.2003915237011848 -0.7497055263092112 0.6307018796944768
vn -0.06980669971329266 -0.9167170548443418 0.3933914920694828
vn 0.1032098255676503 -0.5028202488932907 0.8582071598449786
vn -0.06980669971329266 -0.9167170548443418 0.3933914920694828
vn 0.2337979359267315 -0.7329608137132673 0.6388325059960435
vn 0.9735808604903761 0.11325007273828484 0.19827942180567354
vn 0.9062080664110973 -0.4141322257383815 0.08533135400563317
vn 0.9302678166157916 -0.31583894104808413 -0.18667499212940267
vn 0.9302678166157916 -0.31583894104808413 -0.18667499212940267
vn 0.9062080664110973 -0.4141322257383815 0.08533135400563317
vn 0.8207792438471019 -0.5605356895607426 -0.11009620156228116
vn 0.6079152745040692 0.24250209580160387 0.7560633257581482
vn 0.2337979359267315 -0.7329608137132673 0.6388325059960435
vn 0.5187755746032687 -0.6564261900585221 0.5477011595754583
vn 0.6842822764495161 0.7290852019407774 -0.013875678291308029
vn 0.23142868087738797 0.9668588437569963 0.10781809642280075
vn 0.4160668600285571 0.8712707883156561 0.26033743759550265
vn 0.23142868087738797 0.9668588437569963 0.10781809642280075
vn 0.012699448291672378 0.9865333234047433 0.16306663001693256
vn 0.4160668600285571 0.8712707883156561 0.26033743759550265
vn 0.4354293444851993 0.7057337833870626 0.5588748634062658
vn 0.01715933992064113 0.6831092466032221 0.7301145898135897
vn 0.17215023861866033 0.36171437784374433 0.9162570622945568
vn 0.13415604667673134 0.9235811920613591 0.3591656119544155
vn -0.1508556286408852 0.9492630932621059 0.2759386871713021
vn 0.01715933992064113 0.6831092466032221 0.7301145898135897
vn 0.7112364348006057 -0.702945453002861 -0.00322860879111792
vn 0.4403956098674515 -0.873338674339231 0.2081616360256383
vn 0.6904892233308275 -0.6488147083849983 0.31978759614356517
vn -0.09071467755636563 -0.26188906758383207 0.9608251472333119
vn -0.4598575695926882 -0.38999451602906887 0.7977689472244193
vn -0.2003915237011848 -0.7497055263092112 0.6307018796944768
vn -0.09071467755636563 -0.26188906758383207 0.9608251472333119
vn -0.2003915237011848 -0.7497055263092112 0.6307018796944768
vn 0.1032098255676503 -0.5028202488932907 0.8582071598449786
vn 0.7730803605372741 0.1346104001024941 0.6198603038877426
vn 0.9679924170637574 -0.06633173575250782 0.24205532702075433
vn 0.8874770194520869 -0.10090424892685908 0.44966973713265007
vn 0.7730803605372741 0.1346104001024941 0.6198603038877426
vn 0.8874770194520869 -0.10090424892685908 0.44966973713265007
vn 0.9402378999031923 -0.1395536768527981 0.31060821441568387
vn 0.7373891331643265 0.1706768763054512 -0.6535492867303709
vn 0.8814459733461689 0.05469203395484985 -0.4691074263894214
vn 0.9188428872425419 -0.015106896881400244 -0.39433428741412296
vn 0.861503891217552 -0.2705797900176203 -0.42964825456533257
vn 0.9188428872425419 -0.015106896881400244 -0.39433428741412296
vn 0.8814459733461689 0.05469203395484985 -0.4691074263894214
vn -0.4168939729153424 -0.04953040436379552 -0.907604624487128
vn -0.23668673409070975 0.28383132952765033 -0.9292035117691064
vn -0.7510830534612903 0.4567454432094297 -0.47671568771195916
vn 0.7830703711991287 0.5113917550637354 0.3539481128681029
vn 0.9187975536802825 0.207624681599942 0.33571274468159706
vn 0.8780216573478755 0.39665394012088423 0.267849997227306
vn 0.8207792438471019 -0.5605356895607426 -0.11009620156228116
vn 0.9113368664120968 -0.41102757689127517 0.022835213006823958
vn 0.9019992045065232 -0.2878440753559352 -0.32178132847026114
vn -0.4395300632166058 0.8714762110373879 -0.21758340268670448
vn -0.364666951869902 0.8219468506409656 -0.4375173012982605
vn -0.330410717156028 0.8582080918894464 -0.3928200975050981
vn -0.8138162332556438 -0.2575561337516446 0.5209299151099891
vn -0.6441871917102762 -0.6155540946111556 0.4540000205328943
vn -0.4598575695926882 -0.38999451602906887 0.7977689472244193
vn 0.7730803605372741 0.1346104001024941 0.6198603038877426
vn 0.7608305038792665 0.4328595202844736 0.4834972389434264
vn 0.8446856797712649 0.28865121105812486 0.4507622219574685
vn 0.7730803605372741 0.1346104001024941 0.6198603038877426
vn 0.8446856797712649 0.28865121105812486 0.4507622219574685
vn 0.6479577422908241 0.22729559360105314 0.7269714418977701
vn 0.9679924170637574 -0.06633173575250782 0.24205532702075433
vn 0.7730803605372741 0.1346104001024941 0.6198603038877426
vn 0.6479577422908241 0.22729559360105314 0.7269714418977701
vn 0.9458627243025072 -0.2999758735410892 -0.12392813267494922
vn 0.8874770194520869 -0.10090424892685908 0.44966973713265007
vn 0.9679924170637574 -0.06633173575250782 0.24205532702075433
vn 0.9458627243025072 -0.2999758735410892 -0.12392813267494922
vn 0.7417219773489548 -0.2857609966298931 -0.6067859269319342
vn 0.7507662637235858 -0.11961908619280118 -0.6496470514617351
vn 0.9458627243025072 -0.2999758735410892 -0.12392813267494922
vn 0.7507662637235858 -0.11961908619280118 -0.6496470514617351
vn 0.9957753716842072 -0.0762889159059442 -0.051101961381875664
vn 0.8446856797712649 0.28865121105812486 0.4507622219574685
vn 0.461694465368924 -0.03455626992732102 0.8863656609190214
vn 0.6479577422908241 0.22729559360105314 0.7269714418977701
vn 0.8446856797712649 0.28865121105812486 0.4507622219574685
vn 0.9670973649181084 -0.24788082312252072 0.0572519370550272
vn 0.461694465368924 -0.03455626992732102 0.8863656609190214
vn 0.9756810147170287 -0.042895610382780516 0.2149570285676599
vn 0.6479577422908241 0.22729559360105314 0.7269714418977701
vn 0.7882780314546936 -0.6150233889536515 -0.01907815939440763
vn 0.9756810147170287 -0.042895610382780516 0.2149570285676599
vn 0.9458627243025072 -0.2999758735410892 -0.12392813267494922
vn 0.9679924170637574 -0.06633173575250782 0.24205532702075433
vn 0.7882780314546936 -0.6150233889536515 -0.01907815939440763
vn 0.6793745868641188 -0.7102844131305032 -0.18424500858114082
vn 0.9756810147170287 -0.042895610382780516 0.2149570285676599
vn 0.43209466866857027 0.2576911956552642 0.8642276580797208
vn 0.04886553841756393 0.6156019811795493 0.7865407554112981
vn -0.025461505952335813 0.5738737058295563 0.8185479103095253
vn 0.43209466866857027 0.2576911956552642 0.8642276580797208
vn -0.025461505952335813 0.5738737058295563 0.8185479103095253
vn 0.3843295215157725 0.16340295067433172 0.9086199946085158
vn 0.6623522155629237 -0.22880690326804146 0.7133981662127925
vn 0.43209466866857027 0.2576911956552642 0.8642276580797208
vn 0.3843295215157725 0.16340295067433172 0.9086199946085158
vn 0.6623522155629237 -0.22880690326804146 0.7133981662127925
vn 0.3843295215157725 0.16340295067433172 0.9086199946085158
vn 0.626103967140642 -0.2212016292345305 0.7477055981833621
vn 0.7121717943667577 -0.23884911280357146 0.6601230465764543
vn 0.561045806159681 0.20113349314549892 0.8029775347578058
vn 0.43209466866857027 0.2576911956552642 0.8642276580797208
vn 0.7121717943667577 -0.23884911280357146 0.6601230465764543
vn 0.43209466866857027 0.2576911956552642 0.8642276580797208
vn 0.6623522155629237 -0.22880690326804146 0.7133981662127925
vn 0.561045806159681 0.20113349314549892 0.8029775347578058
vn 0.1850397320568374 0.6791960161362733 0.710248596777881
vn 0.04886553841756393 0.6156019811795493 0.7865407554112981
vn 0.561045806159681 0.20113349314549892 0.8029775347578058
vn 0.04886553841756393 0.6156019811795493 0.7865407554112981
vn 0.43209466866857027 0.2576911956552642 0.8642276580797208
vn 0.7560246211412708 0.23770752925875366 0.6098540011854449
vn 0.7922261830088154 0.2576896743537724 0.5531489010083357
vn 0.7081428509622062 0.6544100389190379 0.2651060233059632
vn 0.7560246211412708 0.23770752925875366 0.6098540011854449
vn 0.7081428509622062 0.6544100389190379 0.2651060233059632
vn 0.6939995602911002 0.6722832625290988 0.2576816354321559
vn 0.6136743717554489 -0.2796056427419157 0.738393154083538
vn 0.6843489561760133 -0.19369604286130113 0.7029568615218675
vn 0.7922261830088154 0.2576896743537724 0.5531489010083357
vn 0.6136743717554489 -0.2796056427419157 0.738393154083538
vn 0.7922261830088154 0.2576896743537724 0.5531489010083357
vn 0.7560246211412708 0.23770752925875366 0.6098540011854449
vn 0.49588569551097494 -0.3977659897872331 0.7719323768026439
vn 0.6136743717554489 -0.2796056427419157 0.738393154083538
vn 0.7560246211412708 0.23770752925875366 0.6098540011854449
vn 0.49588569551097494 -0.3977659897872331 0.7719323768026439
vn 0.7560246211412708 0.23770752925875366 0.6098540011854449
vn 0.6316572532278647 -0.008138469054762372 0.7752050565921728
vn 0.7560246211412708 0.23770752925875366 0.6098540011854449
vn 0.6939995602911002 0.6722832625290988 0.2576816354321559
vn 0.6856132558038552 0.494363561949505 0.5343586174870161
vn 0.6316572532278647 -0.008138469054762372 0.7752050565921728
vn 0.7560246211412708 0.23770752925875366 0.6098540011854449
vn 0.6856132558038552 0.494363561949505 0.5343586174870161
f 3601/3601/3601 3602/3602/3602 3603/3603/3603
f 3604/3604/3604 3605/3605/3605 3606/3606/3606
f 3607/3607/3607 3608/3608/3608 3609/3609/3609
f 3610/3610/3610 3611/3611/3611 3612/3612/3612
f 3613/3613/3613 3614/3614/3614 3615/3615/3615
f 3616/3616/3616 3617/3617/3617 3618/3618/3618
f 3619/3619/3619 3620/3620/3620 3621/3621/3621
f 3622/3622/3622 3623/3623/3623 3624/3624/3624
f 3625/3625/3625 3626/3626/3626 3627/3627/3627
f 3628/3628/3628 3629/3629/3629 3630/3630/3630
f 3631/3631/3631 3632/3632/3632 3633/3633/3633
f 3634/3634/3634 3635/3635/3635 3636/3636/3636
f 3637/3637/3637 3638/3638/3638 3639/3639/3639
f 3640/3640/3640 3641/3641/3641 3642/3642/3642
f 3643/3643/3643 3644/3644/3644 3645/3645/3645
f 3646/3646/3646 3647/3647/3647 3648/3648/3648
